payer_name,payer_alias,state_or_region,line_of_business,document_title,document_type,document_url,source_page_url,discovery_path,file_type,policy_number,effective_date,last_updated_date,http_status,content_hash_sha256,file_size_bytes,requires_auth,render_mode,extraction_method,confidence_score,scrape_timestamp_utc,notes
Cigna,,Tennessee,Unknown,"Request for Health Care Professional Payment Review BEFORE PROCEEDING, NOTE THE FOLLOWING:",pa_list,https://static.cigna.com/assets/chcp/pdf/resourceLibrary/medical/RequestForHealthCareProfessionalPaymentReview.pdf,https://www.cigna.com/health-care-providers/coverage-and-claims/appeals-disputes,https://www.cigna.com/sitemap.xml > https://www.cigna.com/health-care-providers/default/sitemap.xml > https://www.cigna.com/health-care-providers/coverage-and-claims/appeals-disputes > https://static.cigna.com/assets/chcp/pdf/resourceLibrary/medical/RequestForHealthCareProfessionalPaymentReview.pdf,pdf,,,2021-09-02,200,773d531c7aee0326c66fc5f9c843b751fa740e08b01a52974fda76548e85339e,195052,N,static,sitemap|css_selector|url_pattern,0.95,2026-10-06T17:49:24Z,
Cigna,,Unknown,Unknown,Evernorth Behavioral Health Authorization and Billing Resource,pa_list,https://static.cigna.com/assets/chcp/pdf/resourceLibrary/behavioral/authorization-and-billing-resource.pdf,https://www.cigna.com/health-care-providers/coverage-and-claims/precertification,https://www.cigna.com/sitemap.xml > https://www.cigna.com/health-care-providers/default/sitemap.xml > https://www.cigna.com/health-care-providers/coverage-and-claims/precertification > https://static.cigna.com/assets/chcp/pdf/resourceLibrary/behavioral/authorization-and-billing-resource.pdf,pdf,,,2021-09-02,200,d91de668e652fe36a7c8071418429e3460bdd08a80a545bae6b4c11f46a136db,245881,N,static,sitemap|css_selector|url_pattern,0.95,2026-10-06T17:49:25Z,
Cigna,,Tennessee,Unknown,933462   Rev. 05/2026 PCOMM-2021-XXX,other,https://static.evernorth.com/assets/evernorth/provider/pdf/resourceLibrary/behavioral/behavioral-appeals-cover-sheet.pdf,https://www.cigna.com/health-care-providers/coverage-and-claims/appeals-disputes,https://www.cigna.com/sitemap.xml > https://www.cigna.com/health-care-providers/default/sitemap.xml > https://www.cigna.com/health-care-providers/coverage-and-claims/appeals-disputes > https://static.evernorth.com/assets/evernorth/provider/pdf/resourceLibrary/behavioral/behavioral-appeals-cover-sheet.pdf,pdf,,,2026-06-04,200,4a03a2079f06db2c2d4f1e72ca707c630e9b0f010a3836677f8acefa4a0371fd,243332,N,static,sitemap|css_selector|url_pattern,0.85,2026-10-06T17:49:26Z,
Cigna,,Colorado,Medicare,Explanation of the Direct Deposit Activity Reports •,other,https://legacy.cigna.com/static/www-cigna-com/docs/health-care-providers/explanation-of-a-direct-deposit-activity-report.pdf,https://www.cigna.com/health-care-providers/coverage-and-claims/claim-payments-eft-era,https://www.cigna.com/sitemap.xml > https://www.cigna.com/health-care-providers/default/sitemap.xml > https://www.cigna.com/health-care-providers/coverage-and-claims/claim-payments-eft-era > https://www.cigna.com/static/www-cigna-com/docs/health-care-providers/explanation-of-a-direct-deposit-activity-report.pdf > https://legacy.cigna.com/static/www-cigna-com/docs/health-care-providers/explanation-of-a-direct-deposit-activity-report.pdf,pdf,,,2023-09-08,200,918826dd89e6bb7596f56f8b4bd7281defdfa34ce4fa9890f6911c724243b687,83155,N,static,sitemap|css_selector|url_pattern,0.85,2026-10-06T17:49:27Z,
Cigna,,Unknown,Medicaid,__ __,other,https://legacy.cigna.com/static/www-cigna-com/docs/health-care-providers/form-ub04-notice.pdf,https://www.cigna.com/health-care-providers/coverage-and-claims/submit-claims,https://www.cigna.com/sitemap.xml > https://www.cigna.com/health-care-providers/default/sitemap.xml > https://www.cigna.com/health-care-providers/coverage-and-claims/submit-claims > https://www.cigna.com/static/www-cigna-com/docs/health-care-providers/form-ub04-notice.pdf > https://legacy.cigna.com/static/www-cigna-com/docs/health-care-providers/form-ub04-notice.pdf,pdf,,,2023-09-08,200,270c1f5202ac917d37a98b74989a7c92079074fa769e06ed733e48097170abd9,152506,N,static,sitemap|css_selector|url_pattern,0.85,2026-10-06T17:49:28Z,
Cigna,,Unknown,Unknown,"CIGNA HealthCare/Healthcare Provider Retained Claims Instructions and Form The Billing Dispute External Review Process is the exclusive remedy for healthcare providers, healthcare groups and",other,https://legacy.cigna.com/static/www-cigna-com/docs/health-care-providers/form-billing-dispute-external-review.pdf,https://www.cigna.com/health-care-providers/coverage-and-claims/appeals-disputes,https://www.cigna.com/sitemap.xml > https://www.cigna.com/health-care-providers/default/sitemap.xml > https://www.cigna.com/health-care-providers/coverage-and-claims/appeals-disputes > https://www.cigna.com/static/www-cigna-com/docs/health-care-providers/form-billing-dispute-external-review.pdf > https://legacy.cigna.com/static/www-cigna-com/docs/health-care-providers/form-billing-dispute-external-review.pdf,pdf,,,2023-09-08,200,61857f33f391555bb22deeac77ac663e97f7338180e31450dc27a393b00a2ce6,127610,N,static,sitemap|css_selector|url_pattern,0.85,2026-10-06T17:49:33Z,
Cigna,,Unknown,Medicare,"Clear Form BECAUSE THIS FORM IS USED BY VARIOUS GOVERNMENT AND PRIVATE HEALTH PROGRAMS, SEE SEPARATE INSTRUCTIONS ISSUED BY",other,https://legacy.cigna.com/static/www-cigna-com/docs/health-care-providers/form-cms1500.pdf,https://www.cigna.com/health-care-providers/coverage-and-claims/submit-claims,https://www.cigna.com/sitemap.xml > https://www.cigna.com/health-care-providers/default/sitemap.xml > https://www.cigna.com/health-care-providers/coverage-and-claims/submit-claims > https://www.cigna.com/static/www-cigna-com/docs/health-care-providers/form-cms1500.pdf > https://legacy.cigna.com/static/www-cigna-com/docs/health-care-providers/form-cms1500.pdf,pdf,,,2023-09-08,200,29ecaf76e4f9b0356812ea7d52c4ac0998c2cb897991674da94ad98a9ea62961,2271554,N,static,sitemap|css_selector|url_pattern,0.85,2026-10-06T17:49:34Z,
Cigna,,Unknown,Unknown,RECORD OF SERVICES PROVIDED 24. Procedure Date,other,https://legacy.cigna.com/static/www-cigna-com/docs/health-care-providers/form-dental-claim.pdf,https://www.cigna.com/health-care-providers/coverage-and-claims/submit-claims,https://www.cigna.com/sitemap.xml > https://www.cigna.com/health-care-providers/default/sitemap.xml > https://www.cigna.com/health-care-providers/coverage-and-claims/submit-claims > https://www.cigna.com/static/www-cigna-com/docs/health-care-providers/form-dental-claim.pdf > https://legacy.cigna.com/static/www-cigna-com/docs/health-care-providers/form-dental-claim.pdf,pdf,,,2023-09-08,200,c83d786f4dbed34667e737e33e9fcc180c2f665d4c2a106295d8bfde7741c9c2,744066,N,static,sitemap|css_selector|url_pattern,0.85,2026-10-06T17:49:34Z,
Cigna,,Unknown,Unknown,Page 1 of 49 Administrative Policy: A004,drug_list,https://static.cigna.com/assets/chcp/pdf/coveragePolicies/medical/ad_a004_administrativepolicy_preventive_care_services.pdf,https://www.cigna.com/health-care-providers/coverage-and-claims/policies,https://www.cigna.com/sitemap.xml > https://www.cigna.com/health-care-providers/default/sitemap.xml > https://www.cigna.com/health-care-providers/coverage-and-claims/policies > https://static.cigna.com/assets/chcp/pdf/coveragePolicies/medical/ad_a004_administrativepolicy_preventive_care_services.pdf,pdf,,,2026-10-01,200,2241e6762d3c1243f5c95e6f6457f7f785b0ea86e47bfeb4dbeb1e360b61491e,690867,N,static,sitemap|css_selector|url_pattern,0.95,2026-10-06T17:49:36Z,
Cigna,,Unknown,Unknown,FA-60 MAC Pricing Appeal Form,other,https://legacy.cigna.com/static/www-cigna-com/docs/health-care-providers/form-provider-pricing-appeal-rev-12-21-15.pdf,https://www.cigna.com/health-care-providers/pharmacy/formulary-drug-lists,https://www.cigna.com/sitemap.xml > https://www.cigna.com/health-care-providers/default/sitemap.xml > https://www.cigna.com/health-care-providers/pharmacy/formulary-drug-lists > https://www.cigna.com/static/www-cigna-com/docs/health-care-providers/form-provider-pricing-appeal-rev-12-21-15.pdf > https://legacy.cigna.com/static/www-cigna-com/docs/health-care-providers/form-provider-pricing-appeal-rev-12-21-15.pdf,pdf,,,2023-09-08,200,534b86e7cc0f88d32ae45b3d2127e0729f826b6ff004be33fb5319f21c8bdbfd,331560,N,static,sitemap|css_selector|url_pattern,0.85,2026-10-06T17:49:37Z,
Cigna,,Unknown,Unknown,October 2026 *This list identifies the codes that required precertification at any time within the last 24 months. The date each code was,other,https://www.cigna.com/sites/default/files/docs/b4/master-precertification-list-codes-removed-for-providers.pdf,https://www.cigna.com/health-care-providers/coverage-and-claims/precertification,https://www.cigna.com/sitemap.xml > https://www.cigna.com/health-care-providers/default/sitemap.xml > https://www.cigna.com/health-care-providers/coverage-and-claims/precertification > https://www.cigna.com/sites/default/files/docs/b4/master-precertification-list-codes-removed-for-providers.pdf,pdf,,,2026-09-29,200,8543cd43bf886c4f3104bed30e561a790a0b087d098c374b2a0bc5937f245b58,575230,N,static,sitemap|css_selector|url_pattern,0.85,2026-10-06T17:49:38Z,
Cigna,,Alabama,Unknown,824711 8/24 Proficiency of Language Assistance Services,other,https://www.cigna.com/static/www-cigna-com/docs/multi-language-interpreter-services.pdf,https://www.cigna.com/es-us/knowledge-center/full-coverage-dental-insurance,https://www.cigna.com/sitemap-es-us.xml > https://www.cigna.com/es-us/knowledge-center/full-coverage-dental-insurance > https://www.cigna.com/static/www-cigna-com/docs/multi-language-interpreter-services.pdf,pdf,,,2025-07-22,200,2d2d507a1914707eed2387631197a391800491da973b4ee619c4187830e29cb1,536429,N,static,sitemap|css_selector|url_pattern,0.85,2026-10-06T17:49:38Z,
Cigna,,Unknown,Unknown,"“CIGNA” and the “Tree of Life” logo are registered service marks of CIGNA Intellectual Property, Inc., licensed for use by CIGNA Corporation and its operating subsidiaries.  All products and services are provided exclusively by such operating subsidiaries and not by CIGNA Corporation.  Such operating subsidiaries include Connecticut General Life Insurance",other,https://legacy.cigna.com/static/www-cigna-com/docs/health-care-providers/form-case-management.pdf,https://www.cigna.com/health-care-providers/coverage-and-claims/referrals,https://www.cigna.com/sitemap.xml > https://www.cigna.com/health-care-providers/default/sitemap.xml > https://www.cigna.com/health-care-providers/coverage-and-claims/referrals > https://www.cigna.com/static/www-cigna-com/docs/health-care-providers/form-case-management.pdf > https://legacy.cigna.com/static/www-cigna-com/docs/health-care-providers/form-case-management.pdf,pdf,,,2023-09-08,200,3d26b1e548c73a244626efe569885cfd1ff8f364982c523565d551ddf3313ed5,62561,N,static,sitemap|css_selector|url_pattern,0.85,2026-10-06T17:49:41Z,
Cigna,,Unknown,Unknown,MAC Pricing Review Form MAC pricing reviews must be submitted within 30 days or within such time period as may be,other,https://legacy.cigna.com/static/www-cigna-com/docs/health-care-providers/form-cigna-mac-appeal.pdf,https://www.cigna.com/health-care-providers/pharmacy/formulary-drug-lists,https://www.cigna.com/sitemap.xml > https://www.cigna.com/health-care-providers/default/sitemap.xml > https://www.cigna.com/health-care-providers/pharmacy/formulary-drug-lists > https://www.cigna.com/static/www-cigna-com/docs/health-care-providers/form-cigna-mac-appeal.pdf > https://legacy.cigna.com/static/www-cigna-com/docs/health-care-providers/form-cigna-mac-appeal.pdf,pdf,,,2023-09-08,200,a9d1b4e70b53f1b311db76972c20f801e7e77cc44d0018926625252c615267ba,72783,N,static,sitemap|css_selector|url_pattern,0.85,2026-10-06T17:49:41Z,
Cigna,,Texas,Unknown,Title Subtitle,other,https://www.cigna.com/static/www-cigna-com/docs/texas-out-of-network-referral-form.pdf,https://www.cigna.com/health-care-providers/coverage-and-claims/referrals,https://www.cigna.com/sitemap.xml > https://www.cigna.com/health-care-providers/default/sitemap.xml > https://www.cigna.com/health-care-providers/coverage-and-claims/referrals > https://www.cigna.com/static/www-cigna-com/docs/texas-out-of-network-referral-form.pdf,pdf,,,2024-06-03,200,c3cf87bd3ec571dfb07b5caa4879480686af27408655fbf3ab984cd6ae2d5803,175053,N,static,sitemap|css_selector|url_pattern,0.85,2026-10-06T17:49:41Z,
Cigna,,Texas,Unknown,Title Subtitle,other,https://www.cigna.com/static/www-cigna-com/docs/out-of-network-physician-referral-form.pdf,https://www.cigna.com/health-care-providers/coverage-and-claims/referrals,https://www.cigna.com/sitemap.xml > https://www.cigna.com/health-care-providers/default/sitemap.xml > https://www.cigna.com/health-care-providers/coverage-and-claims/referrals > https://www.cigna.com/static/www-cigna-com/docs/out-of-network-physician-referral-form.pdf,pdf,,,2024-06-03,200,e2f46591ce42301231182c1f90565a41496f40c7a4fb725e291401863ae78172,162946,N,static,sitemap|css_selector|url_pattern,0.85,2026-10-06T17:49:42Z,
Cigna,,Florida,Unknown,Maryland Uniform Dental Consultation Referral Form Date of Referral:,other,https://legacy.cigna.com/static/www-cigna-com/docs/health-care-providers/form-maryland-uniform-dental-consultation.pdf,https://www.cigna.com/health-care-providers/coverage-and-claims/referrals,https://www.cigna.com/sitemap.xml > https://www.cigna.com/health-care-providers/default/sitemap.xml > https://www.cigna.com/health-care-providers/coverage-and-claims/referrals > https://www.cigna.com/static/www-cigna-com/docs/health-care-providers/form-maryland-uniform-dental-consultation.pdf > https://legacy.cigna.com/static/www-cigna-com/docs/health-care-providers/form-maryland-uniform-dental-consultation.pdf,pdf,,,2023-09-08,200,492abaa5d16099bfba989a007cf6a84694bf033c0daa54b3d54aa0d7a96f8551,64420,N,static,sitemap|css_selector|url_pattern,0.85,2026-10-06T17:49:42Z,
Cigna,,Unknown,Unknown,D Companion guide,other,https://www.cigna.com/sites/default/files/docs/39/5010-835-companion-guide.pdf,https://www.cigna.com/health-care-providers/coverage-and-claims/submit-claims/electronic-data-interchange-vendors,https://www.cigna.com/sitemap.xml > https://www.cigna.com/health-care-providers/default/sitemap.xml > https://www.cigna.com/health-care-providers/coverage-and-claims/submit-claims/electronic-data-interchange-vendors > https://www.cigna.com/sites/default/files/docs/39/5010-835-companion-guide.pdf,pdf,,,2026-08-31,200,5c29498900c1b6f2f61453f148dd71bc879568e22bb22eca3b2cd6ba2cb19c08,358113,N,static,sitemap|css_selector|url_pattern,0.85,2026-10-06T17:49:56Z,
Cigna,,Unknown,Unknown,D Companion guide,other,https://www.cigna.com/sites/default/files/docs/7d/5010-837I-companion-guide.pdf,https://www.cigna.com/health-care-providers/coverage-and-claims/submit-claims/electronic-data-interchange-vendors,https://www.cigna.com/sitemap.xml > https://www.cigna.com/health-care-providers/default/sitemap.xml > https://www.cigna.com/health-care-providers/coverage-and-claims/submit-claims/electronic-data-interchange-vendors > https://www.cigna.com/sites/default/files/docs/7d/5010-837I-companion-guide.pdf,pdf,,,2026-08-31,200,eac8d28f5ebcef9d8ac22d2c29e2166117f96815f0f5f80545bd83b17f3d40e2,379413,N,static,sitemap|css_selector|url_pattern,0.85,2026-10-06T17:49:56Z,
Cigna,,Unknown,Unknown,D Companion guide,other,https://www.cigna.com/sites/default/files/docs/a9/5010-837P-companion-guide.pdf,https://www.cigna.com/health-care-providers/coverage-and-claims/submit-claims/electronic-data-interchange-vendors,https://www.cigna.com/sitemap.xml > https://www.cigna.com/health-care-providers/default/sitemap.xml > https://www.cigna.com/health-care-providers/coverage-and-claims/submit-claims/electronic-data-interchange-vendors > https://www.cigna.com/sites/default/files/docs/a9/5010-837P-companion-guide.pdf,pdf,,,2026-08-31,200,4c4ae7d8114af35e1888a179b763c2e32daf6a83f97b3359bede47843cdcae85,394760,N,static,sitemap|css_selector|url_pattern,0.85,2026-10-06T17:49:58Z,
Cigna,,Unknown,Exchange,D Companion guide,other,https://www.cigna.com/sites/default/files/docs/18/5010-270-271-companion-guide.pdf,https://www.cigna.com/health-care-providers/coverage-and-claims/submit-claims/electronic-data-interchange-vendors,https://www.cigna.com/sitemap.xml > https://www.cigna.com/health-care-providers/default/sitemap.xml > https://www.cigna.com/health-care-providers/coverage-and-claims/submit-claims/electronic-data-interchange-vendors > https://www.cigna.com/sites/default/files/docs/18/5010-270-271-companion-guide.pdf,pdf,,,2026-08-31,200,8875030066cde1e35b43c1b0a435546afa5b37a04e3b3268e93554405f10b884,697761,N,static,sitemap|css_selector|url_pattern,0.85,2026-10-06T17:50:00Z,
Cigna,,Unknown,Unknown,D Companion guide,other,https://www.cigna.com/sites/default/files/docs/b0/5010-276-277-companion-guide.pdf,https://www.cigna.com/health-care-providers/coverage-and-claims/submit-claims/electronic-data-interchange-vendors,https://www.cigna.com/sitemap.xml > https://www.cigna.com/health-care-providers/default/sitemap.xml > https://www.cigna.com/health-care-providers/coverage-and-claims/submit-claims/electronic-data-interchange-vendors > https://www.cigna.com/sites/default/files/docs/b0/5010-276-277-companion-guide.pdf,pdf,,,2026-08-31,200,439d72046b090195c35e2f326162b65414b2d17cde3bdf045443690f3dabaf27,433852,N,static,sitemap|css_selector|url_pattern,0.85,2026-10-06T17:50:00Z,
Cigna,,Arizona,Unknown,591692c   Rev. 11/2023 Medical Claim Form,other,https://www.cigna.com/static/www-cigna-com/docs/form-medical-claim.pdf,https://www.cigna.com/health-care-providers/coverage-and-claims/submit-claims,https://www.cigna.com/sitemap.xml > https://www.cigna.com/health-care-providers/default/sitemap.xml > https://www.cigna.com/health-care-providers/coverage-and-claims/submit-claims > https://www.cigna.com/static/www-cigna-com/docs/form-medical-claim.pdf,pdf,,,2025-11-11,200,bc5962a71e23b87114e39617746436e24a62fb9c82653482bd6740cb344985b3,651002,N,static,sitemap|css_selector|url_pattern,0.85,2026-10-06T17:50:00Z,
Cigna,,Unknown,Unknown,"Request for Health Care Professional Payment Review BEFORE PROCEEDING, NOTE THE FOLLOWING:",pa_list,https://legacy.cigna.com/static/www-cigna-com/docs/health-care-providers/appeal-request-others.pdf,https://www.cigna.com/health-care-providers/coverage-and-claims/appeals-disputes/california-provider,https://www.cigna.com/sitemap.xml > https://www.cigna.com/health-care-providers/default/sitemap.xml > https://www.cigna.com/health-care-providers/coverage-and-claims/appeals-disputes/california-provider > https://www.cigna.com/static/www-cigna-com/docs/health-care-providers/appeal-request-others.pdf > https://legacy.cigna.com/static/www-cigna-com/docs/health-care-providers/appeal-request-others.pdf,pdf,,,2023-09-08,200,23da56ca9b6a63354d1a3906b2d993c65a67c7c2d88b5b505b3b354685e2dc35,77112,N,static,sitemap|css_selector|url_pattern,0.95,2026-10-06T17:50:01Z,
Cigna,,California,Unknown,Provider Dispute Resolution Request For Health Plan/RBO Use Only,other,https://legacy.cigna.com/static/www-cigna-com/docs/health-care-providers/appeal-request-ca.pdf,https://www.cigna.com/health-care-providers/coverage-and-claims/appeals-disputes/california-provider,https://www.cigna.com/sitemap.xml > https://www.cigna.com/health-care-providers/default/sitemap.xml > https://www.cigna.com/health-care-providers/coverage-and-claims/appeals-disputes/california-provider > https://www.cigna.com/static/www-cigna-com/docs/health-care-providers/appeal-request-ca.pdf > https://legacy.cigna.com/static/www-cigna-com/docs/health-care-providers/appeal-request-ca.pdf,pdf,,,2023-09-08,200,4913113c41c6511ad776a39b9badda3686269f88c31c06c1ee970c21b9cfd673,649008,N,static,sitemap|css_selector|url_pattern,0.85,2026-10-06T17:50:03Z,
Cigna,,Texas,Unknown,Physician referral form This form must be completed when referring patients to network-participating specialists aligned to,other,https://www.cigna.com/static/www-cigna-com/docs/providers-physician-referral-form.pdf,https://www.cigna.com/health-care-providers/coverage-and-claims/referrals,https://www.cigna.com/sitemap.xml > https://www.cigna.com/health-care-providers/default/sitemap.xml > https://www.cigna.com/health-care-providers/coverage-and-claims/referrals > https://www.cigna.com/static/www-cigna-com/docs/providers-physician-referral-form.pdf,pdf,,,2024-06-03,200,8f9f04abd5de0b10c3dc9433024c495cebd39055940626fa802739fcd133d9c7,1597676,N,static,sitemap|css_selector|url_pattern,0.85,2026-10-06T17:50:03Z,
Cigna,,Arizona,Medicare,"CIGNA HealthCare companies strive to informally resolve issues raised on initial contact whenever possible. In addition, if your issue involves a denial and it cannot be resolved by a Customer Service representative, we offer a two-level, internal provider payment review process described below.",pa_list,https://legacy.cigna.com/static/www-cigna-com/docs/health-care-providers/form-provider-payment-review.pdf,https://www.cigna.com/health-care-providers/coverage-and-claims/appeals-disputes/california-provider,https://www.cigna.com/sitemap.xml > https://www.cigna.com/health-care-providers/default/sitemap.xml > https://www.cigna.com/health-care-providers/coverage-and-claims/appeals-disputes/california-provider > https://www.cigna.com/static/www-cigna-com/docs/health-care-providers/form-provider-payment-review.pdf > https://legacy.cigna.com/static/www-cigna-com/docs/health-care-providers/form-provider-payment-review.pdf,pdf,,,2023-09-08,200,a94d47f8a74a1c2b1243b9a0e20c2f33bd06bc2ce3fafc9f6ddc6b685d5c8b6f,172524,N,static,sitemap|css_selector|url_pattern,0.95,2026-10-06T17:50:04Z,
Cigna,,Unknown,Unknown,Cigna Companion Guide Health Care Claim: 837 Dental,other,https://www.cigna.com/static/www-cigna-com/docs/5010-837D-companion-guide.pdf,https://www.cigna.com/health-care-providers/coverage-and-claims/submit-claims/electronic-data-interchange-vendors,https://www.cigna.com/sitemap.xml > https://www.cigna.com/health-care-providers/default/sitemap.xml > https://www.cigna.com/health-care-providers/coverage-and-claims/submit-claims/electronic-data-interchange-vendors > https://www.cigna.com/static/www-cigna-com/docs/5010-837D-companion-guide.pdf,pdf,,,2024-11-01,200,dcd1ccf957b2eca38e1f0781496eb1651d0387c656ad72fedbf648dc08565707,910485,N,static,sitemap|css_selector|url_pattern,0.85,2026-10-06T17:50:04Z,
Cigna,,Unknown,Unknown,Cigna Companion Guide 277 Claim Status Request for Additional  Information,other,https://www.cigna.com/static/www-cigna-com/docs/5010-277RFAI-companion-guide.pdf,https://www.cigna.com/health-care-providers/coverage-and-claims/submit-claims/electronic-data-interchange-vendors,https://www.cigna.com/sitemap.xml > https://www.cigna.com/health-care-providers/default/sitemap.xml > https://www.cigna.com/health-care-providers/coverage-and-claims/submit-claims/electronic-data-interchange-vendors > https://www.cigna.com/static/www-cigna-com/docs/5010-277RFAI-companion-guide.pdf,pdf,,,2024-11-01,200,70b1fb67575791c387bccc0127a92511d42a6e76aeebee03a905bc72a5c391d2,460870,N,static,sitemap|css_selector|url_pattern,0.85,2026-10-06T17:50:04Z,
Cigna,,Pennsylvania,Unknown,CIGNA HealthCare/Healthcare Provider Billing Dispute Resolution Instructions and Form,other,https://legacy.cigna.com/static/www-cigna-com/docs/health-care-providers/form-billing-dispute-resolution.pdf,https://www.cigna.com/health-care-providers/coverage-and-claims/appeals-disputes/california-provider,https://www.cigna.com/sitemap.xml > https://www.cigna.com/health-care-providers/default/sitemap.xml > https://www.cigna.com/health-care-providers/coverage-and-claims/appeals-disputes/california-provider > https://www.cigna.com/static/www-cigna-com/docs/health-care-providers/form-billing-dispute-resolution.pdf > https://legacy.cigna.com/static/www-cigna-com/docs/health-care-providers/form-billing-dispute-resolution.pdf,pdf,,,2023-09-08,200,f7432cc81df68e1286a4c2ad4629022a88f21d17d4303f530062182c97978f97,153598,N,static,sitemap|css_selector|url_pattern,0.85,2026-10-06T17:50:04Z,
Cigna,,New Jersey,Unknown,DOBICAPPCAR 10/10 Page 1 of 3,other,https://legacy.cigna.com/static/www-cigna-com/docs/health-care-providers/form-provider-payment-appeal-nj.pdf,https://www.cigna.com/health-care-providers/coverage-and-claims/appeals-disputes/california-provider,https://www.cigna.com/sitemap.xml > https://www.cigna.com/health-care-providers/default/sitemap.xml > https://www.cigna.com/health-care-providers/coverage-and-claims/appeals-disputes/california-provider > https://www.cigna.com/static/www-cigna-com/docs/health-care-providers/form-provider-payment-appeal-nj.pdf > https://legacy.cigna.com/static/www-cigna-com/docs/health-care-providers/form-provider-payment-appeal-nj.pdf,pdf,,,2023-09-08,200,25c81e243ef42b5c4f09ca8e9f86697992e903acf489bf215e90e058896d4d4d,126400,N,static,sitemap|css_selector|url_pattern,0.85,2026-10-06T17:50:04Z,
Cigna,,Unknown,Unknown,October 2026 Complete/PHS+ - The most comprehensive care management model that includes all the components of our,other,https://www.cigna.com/sites/default/files/docs/b2/master-precertification-list-for-providers.pdf,https://www.cigna.com/health-care-providers/coverage-and-claims/precertification,https://www.cigna.com/sitemap.xml > https://www.cigna.com/health-care-providers/default/sitemap.xml > https://www.cigna.com/health-care-providers/coverage-and-claims/precertification > https://www.cigna.com/sites/default/files/docs/b2/master-precertification-list-for-providers.pdf,pdf,,,2026-09-29,200,d26f54bcb3148c7d2bc23c11e3ea005f7c93f7b57522a464fd7f4d958fca4549,1795775,N,static,sitemap|css_selector|url_pattern,0.85,2026-10-06T17:50:05Z,
Cigna,,Arizona,Unknown,Pay less for your insulin and some,other,https://www.cigna.com/static/www-cigna-com/docs/ifp/m-26-rx-all-971325-ifp-patient-assurance-program-flyer.pdf,https://www.cigna.com/individuals-families/member-guide/prescription-drug-lists,https://www.cigna.com/sitemap.xml > https://www.cigna.com/health-care-providers/default/sitemap.xml > https://www.cigna.com/individuals-families/member-guide/prescription-drug-lists > https://www.cigna.com/static/www-cigna-com/docs/ifp/m-26-rx-all-971325-ifp-patient-assurance-program-flyer.pdf,pdf,,,2025-11-07,200,b6b4c6c75cddc06c40241c6e8bac5b3bf99a6aa18e6f1c59367854f8c3d5252a,136835,N,static,sitemap|css_selector|url_pattern,0.85,2026-10-06T17:50:05Z,
Cigna,,California,Unknown,Provider Dispute Resolution Request For Health Plan/RBO Use Only,other,https://legacy.cigna.com/static/www-cigna-com/docs/health-care-providers/form-appeal-request-ca.pdf,https://www.cigna.com/health-care-providers/coverage-and-claims/appeals-disputes/california-provider,https://www.cigna.com/sitemap.xml > https://www.cigna.com/health-care-providers/default/sitemap.xml > https://www.cigna.com/health-care-providers/coverage-and-claims/appeals-disputes/california-provider > https://www.cigna.com/static/www-cigna-com/docs/health-care-providers/form-appeal-request-ca.pdf > https://legacy.cigna.com/static/www-cigna-com/docs/health-care-providers/form-appeal-request-ca.pdf,pdf,,,2023-09-08,200,4913113c41c6511ad776a39b9badda3686269f88c31c06c1ee970c21b9cfd673,649008,N,static,sitemap|css_selector|url_pattern,0.85,2026-10-06T17:50:05Z,
Cigna,,Arizona,Unknown,Individual and Family Plans Offered by Cigna Health and Life Insurance Company or its affiliates.,other,https://www.cigna.com/static/www-cigna-com/docs/ifp/m-26-rx-all-971331-ifp-asthma-copd-medication-copay-maximum-select-plans-only-flyer.pdf,https://www.cigna.com/individuals-families/member-guide/prescription-drug-lists,https://www.cigna.com/sitemap.xml > https://www.cigna.com/health-care-providers/default/sitemap.xml > https://www.cigna.com/individuals-families/member-guide/prescription-drug-lists > https://www.cigna.com/static/www-cigna-com/docs/ifp/m-26-rx-all-971331-ifp-asthma-copd-medication-copay-maximum-select-plans-only-flyer.pdf,pdf,,,2025-10-01,200,0e07a9ca45c003d34531c7f6f495043d08deaace40e6f67e48702429b6753439,49754,N,static,sitemap|css_selector|url_pattern,0.85,2026-10-06T17:50:05Z,
Cigna,,Unknown,Unknown,Cigna Companion Guide Health Care Services Review Notification and Acknowledgment - 278,other,https://www.cigna.com/static/www-cigna-com/docs/5010-278N-companion-guide.pdf,https://www.cigna.com/health-care-providers/coverage-and-claims/submit-claims/electronic-data-interchange-vendors,https://www.cigna.com/sitemap.xml > https://www.cigna.com/health-care-providers/default/sitemap.xml > https://www.cigna.com/health-care-providers/coverage-and-claims/submit-claims/electronic-data-interchange-vendors > https://www.cigna.com/static/www-cigna-com/docs/5010-278N-companion-guide.pdf,pdf,,,2024-11-01,200,000ee9040add6a5268d845f3dac44e0d746c69c63ad0f4b978fb2707bcbda346,906418,N,static,sitemap|css_selector|url_pattern,0.85,2026-10-06T17:50:06Z,
Cigna,,Arizona,Unknown,Individual and Family Plans Offered by Cigna Health and Life Insurance Company or its affiliates.,other,https://www.cigna.com/static/www-cigna-com/docs/ifp/m-26-rx-all-971330-ifp-heart-care-flyer.pdf,https://www.cigna.com/individuals-families/member-guide/prescription-drug-lists,https://www.cigna.com/sitemap.xml > https://www.cigna.com/health-care-providers/default/sitemap.xml > https://www.cigna.com/individuals-families/member-guide/prescription-drug-lists > https://www.cigna.com/static/www-cigna-com/docs/ifp/m-26-rx-all-971330-ifp-heart-care-flyer.pdf,pdf,,,2025-10-14,200,490dc9edf601675f475f691a2f6150d83aa8c35874b42852356f1c35eb39a264,47898,N,static,sitemap|css_selector|url_pattern,0.85,2026-10-06T17:50:06Z,
Cigna,,Arizona,Unknown,What is Step Therapy? Step Therapy is a prior authorization program. This means,pa_list,https://www.cigna.com/static/www-cigna-com/docs/ifp/m-26-rx-all-971315-step-therapy-faq-flyer.pdf,https://www.cigna.com/individuals-families/member-guide/prescription-drug-lists,https://www.cigna.com/sitemap.xml > https://www.cigna.com/health-care-providers/default/sitemap.xml > https://www.cigna.com/individuals-families/member-guide/prescription-drug-lists > https://www.cigna.com/static/www-cigna-com/docs/ifp/m-26-rx-all-971315-step-therapy-faq-flyer.pdf,pdf,,,2025-10-14,200,d3104f2e9961c7821ff1c7f77132d2e1f5e8be4dc1284857ab5846a25c58b915,65510,N,static,sitemap|css_selector|url_pattern,0.95,2026-10-06T17:50:06Z,
Cigna,,Arizona,Unknown,Step Therapy For the Cigna Healthcare Rx Plus and Cigna,pa_list,https://www.cigna.com/static/www-cigna-com/docs/ifp/m-26-rx-all-971316-step-therapy-plus-premiere-flyer.pdf,https://www.cigna.com/individuals-families/member-guide/prescription-drug-lists,https://www.cigna.com/sitemap.xml > https://www.cigna.com/health-care-providers/default/sitemap.xml > https://www.cigna.com/individuals-families/member-guide/prescription-drug-lists > https://www.cigna.com/static/www-cigna-com/docs/ifp/m-26-rx-all-971316-step-therapy-plus-premiere-flyer.pdf,pdf,,,2025-10-14,200,a764a2f35c227b54fd405ec1a73706e795918deb53e062c54ee1f27dd3287be2,84990,N,static,sitemap|css_selector|url_pattern,0.95,2026-10-06T17:50:06Z,
Cigna,,Unknown,Unknown,Cigna Companion Guide Health Care Services Request for Review and Response - 278,other,https://www.cigna.com/static/www-cigna-com/docs/5010-278R-companion-guide.pdf,https://www.cigna.com/health-care-providers/coverage-and-claims/submit-claims/electronic-data-interchange-vendors,https://www.cigna.com/sitemap.xml > https://www.cigna.com/health-care-providers/default/sitemap.xml > https://www.cigna.com/health-care-providers/coverage-and-claims/submit-claims/electronic-data-interchange-vendors > https://www.cigna.com/static/www-cigna-com/docs/5010-278R-companion-guide.pdf,pdf,,,2024-11-01,200,f0238cac5606b547eed18faffca9758b7a497719516f6bbfd9c86137a8c4a764,1021799,N,static,sitemap|css_selector|url_pattern,0.85,2026-10-06T17:50:07Z,
Cigna,,Arizona,Unknown,Step Therapy For the Cigna Healthcare Rx Essential,pa_list,https://www.cigna.com/static/www-cigna-com/docs/ifp/m-26-rx-co-971317-step-therapy-essential-flyer.pdf,https://www.cigna.com/individuals-families/member-guide/prescription-drug-lists,https://www.cigna.com/sitemap.xml > https://www.cigna.com/health-care-providers/default/sitemap.xml > https://www.cigna.com/individuals-families/member-guide/prescription-drug-lists > https://www.cigna.com/static/www-cigna-com/docs/ifp/m-26-rx-co-971317-step-therapy-essential-flyer.pdf,pdf,,,2025-10-14,200,08892212b3a7d9774d91633da931892a267dc79a4978eecb2a94ec0918841be3,112196,N,static,sitemap|css_selector|url_pattern,0.95,2026-10-06T17:50:07Z,
Cigna,,Arizona,Unknown,Individual and Family Plans Offered by Cigna Health and Life Insurance Company or its affiliates.,drug_list,https://www.cigna.com/static/www-cigna-com/docs/ifp/m-26-fly-all-988099-ifp-diabetes-care-solutions-broker-customer-flyer.pdf,https://www.cigna.com/individuals-families/member-guide/prescription-drug-lists,https://www.cigna.com/sitemap.xml > https://www.cigna.com/health-care-providers/default/sitemap.xml > https://www.cigna.com/individuals-families/member-guide/prescription-drug-lists > https://www.cigna.com/static/www-cigna-com/docs/ifp/m-26-fly-all-988099-ifp-diabetes-care-solutions-broker-customer-flyer.pdf,pdf,,,2025-11-12,200,610a761f7827ae9f91a0df39579d1fc7ed1ef98c7a60ccdde9d8a727f81d89a2,217690,N,static,sitemap|css_selector|url_pattern,0.95,2026-10-06T17:50:07Z,
Cigna,,Alabama,Unknown,Your pharmacy,other,https://www.cigna.com/static/www-cigna-com/docs/ifp/m-26-rx-all-971318-customer-placemat-cigna-90-now-flyer.pdf,https://www.cigna.com/individuals-families/member-guide/prescription-drug-lists,https://www.cigna.com/sitemap.xml > https://www.cigna.com/health-care-providers/default/sitemap.xml > https://www.cigna.com/individuals-families/member-guide/prescription-drug-lists > https://www.cigna.com/static/www-cigna-com/docs/ifp/m-26-rx-all-971318-customer-placemat-cigna-90-now-flyer.pdf,pdf,,,2025-10-14,200,17a4b467dc8010b3af147aa11ec505f92ec86faf766ed3f21d8e946364e8c733,87598,N,static,sitemap|css_selector|url_pattern,0.85,2026-10-06T17:50:07Z,
Cigna,,Alabama,Unknown,Use myCigna® 24/7 access to your coverage information,other,https://www.cigna.com/static/www-cigna-com/docs/ifp/m-26-rx-all-971319-customer-placemat-esp-flyer.pdf,https://www.cigna.com/individuals-families/member-guide/prescription-drug-lists,https://www.cigna.com/sitemap.xml > https://www.cigna.com/health-care-providers/default/sitemap.xml > https://www.cigna.com/individuals-families/member-guide/prescription-drug-lists > https://www.cigna.com/static/www-cigna-com/docs/ifp/m-26-rx-all-971319-customer-placemat-esp-flyer.pdf,pdf,,,2025-10-16,200,3ec6e35b4b29da7b800ae62df1a26c28fdd8e30fe451f38f897af445261d6b12,111337,N,static,sitemap|css_selector|url_pattern,0.85,2026-10-06T17:50:07Z,
Cigna,,Alabama,Unknown,1. Use the myCigna® App1 and myCigna.com®,other,https://www.cigna.com/static/www-cigna-com/docs/ifp/m-26-rx-all-971322-5-things-to-remember-cigna-90-now-flyer.pdf,https://www.cigna.com/individuals-families/member-guide/prescription-drug-lists,https://www.cigna.com/sitemap.xml > https://www.cigna.com/health-care-providers/default/sitemap.xml > https://www.cigna.com/individuals-families/member-guide/prescription-drug-lists > https://www.cigna.com/static/www-cigna-com/docs/ifp/m-26-rx-all-971322-5-things-to-remember-cigna-90-now-flyer.pdf,pdf,,,2025-10-14,200,a72d9f2862df52eef3eefcb16179984f986b8eaf571a424b7be0ff59577d121f,61245,N,static,sitemap|css_selector|url_pattern,0.85,2026-10-06T17:50:07Z,
Cigna,,Alabama,Unknown,971321  10/25 Your medication may,pa_list,https://www.cigna.com/static/www-cigna-com/docs/ifp/m-26-rx-all-971321-utilization-management-flyer.pdf,https://www.cigna.com/individuals-families/member-guide/prescription-drug-lists,https://www.cigna.com/sitemap.xml > https://www.cigna.com/health-care-providers/default/sitemap.xml > https://www.cigna.com/individuals-families/member-guide/prescription-drug-lists > https://www.cigna.com/static/www-cigna-com/docs/ifp/m-26-rx-all-971321-utilization-management-flyer.pdf,pdf,,,2025-10-14,200,b50bf366d3ab48f5eb04f933522dc9347b84351ce4d7f3a76c98305430065de5,65386,N,static,sitemap|css_selector|url_pattern,0.95,2026-10-06T17:50:07Z,
Cigna,,Unknown,Unknown,Cigna Companion Guide Health Care Services Review Inquiry and Response - 278,other,https://www.cigna.com/static/www-cigna-com/docs/5010-278I-companion-guide.pdf,https://www.cigna.com/health-care-providers/coverage-and-claims/submit-claims/electronic-data-interchange-vendors,https://www.cigna.com/sitemap.xml > https://www.cigna.com/health-care-providers/default/sitemap.xml > https://www.cigna.com/health-care-providers/coverage-and-claims/submit-claims/electronic-data-interchange-vendors > https://www.cigna.com/static/www-cigna-com/docs/5010-278I-companion-guide.pdf,pdf,,,2024-11-01,200,518b29dd1143222a5773666a3970983124a1e9be08f09155eef30f85c4452088,903417,N,static,sitemap|css_selector|url_pattern,0.85,2026-10-06T17:50:08Z,
Cigna,,Alabama,Unknown,All sources and disclosures appear at the end of this document. 971320  10/25,other,https://www.cigna.com/static/www-cigna-com/docs/ifp/m-26-rx-all-971320-voluntary-cigna-90-now-flyer.pdf,https://www.cigna.com/individuals-families/member-guide/prescription-drug-lists,https://www.cigna.com/sitemap.xml > https://www.cigna.com/health-care-providers/default/sitemap.xml > https://www.cigna.com/individuals-families/member-guide/prescription-drug-lists > https://www.cigna.com/static/www-cigna-com/docs/ifp/m-26-rx-all-971320-voluntary-cigna-90-now-flyer.pdf,pdf,,,2025-10-14,200,6d3735b329bb9ee50de97de8307ab50c21b8d3dba347242181b5dd6e060cfec5,71399,N,static,sitemap|css_selector|url_pattern,0.85,2026-10-06T17:50:08Z,
Cigna,,Arizona,Unknown,Your pharmacy,other,https://www.cigna.com/static/www-cigna-com/docs/ifp/m-26-rx-all-971327-walgreens-advantage-flyer.pdf,https://www.cigna.com/individuals-families/member-guide/prescription-drug-lists,https://www.cigna.com/sitemap.xml > https://www.cigna.com/health-care-providers/default/sitemap.xml > https://www.cigna.com/individuals-families/member-guide/prescription-drug-lists > https://www.cigna.com/static/www-cigna-com/docs/ifp/m-26-rx-all-971327-walgreens-advantage-flyer.pdf,pdf,,,2025-10-21,200,afa941974d260fd102c3fc6a1fa451992303b62e9b6cda9838daf6a1e22520f3,80658,N,static,sitemap|css_selector|url_pattern,0.85,2026-10-06T17:50:08Z,
Cigna,,Alabama,Unknown,1. Use the myCigna® App1 and myCigna.com®,other,https://www.cigna.com/static/www-cigna-com/docs/ifp/m-26-rx-all-971323-5-things-to-remember-esp-flyer.pdf,https://www.cigna.com/individuals-families/member-guide/prescription-drug-lists,https://www.cigna.com/sitemap.xml > https://www.cigna.com/health-care-providers/default/sitemap.xml > https://www.cigna.com/individuals-families/member-guide/prescription-drug-lists > https://www.cigna.com/static/www-cigna-com/docs/ifp/m-26-rx-all-971323-5-things-to-remember-esp-flyer.pdf,pdf,,,2025-10-14,200,31d0cdc15c35644a575e4ec8c70352874aed21e9478967813f9b827a80f30a0d,89934,N,static,sitemap|css_selector|url_pattern,0.85,2026-10-06T17:50:08Z,
Cigna,,Alabama,Unknown,"Home delivery with Express Scripts® Pharmacy is a convenient option when you’re taking a medication on a regular basis.1 It’s simple, safe – and saves you trips to the pharmacy.",other,https://www.cigna.com/static/www-cigna-com/docs/ifp/m-26-rx-all-971314-express-scripts-pharmacy-flyer.pdf,https://www.cigna.com/individuals-families/member-guide/prescription-drug-lists,https://www.cigna.com/sitemap.xml > https://www.cigna.com/health-care-providers/default/sitemap.xml > https://www.cigna.com/individuals-families/member-guide/prescription-drug-lists > https://www.cigna.com/static/www-cigna-com/docs/ifp/m-26-rx-all-971314-express-scripts-pharmacy-flyer.pdf,pdf,,,2025-10-16,200,03b3c5928fb4939a441f09742525b83e2f879849a57eb01fd711aa4e819d192c,219701,N,static,sitemap|css_selector|url_pattern,0.85,2026-10-06T17:50:08Z,
Cigna,,Arizona,Unknown,Complex conditions. Personalized service.,other,https://www.cigna.com/static/www-cigna-com/docs/ifp/m-26-rx-all-971324-accredo-flyer.pdf,https://www.cigna.com/individuals-families/member-guide/prescription-drug-lists,https://www.cigna.com/sitemap.xml > https://www.cigna.com/health-care-providers/default/sitemap.xml > https://www.cigna.com/individuals-families/member-guide/prescription-drug-lists > https://www.cigna.com/static/www-cigna-com/docs/ifp/m-26-rx-all-971324-accredo-flyer.pdf,pdf,,,2025-10-14,200,6d35161a723a73cfea5655d8049740c1ca1e33126be33f3dc6dcf556a244b86c,149477,N,static,sitemap|css_selector|url_pattern,0.85,2026-10-06T17:50:08Z,
Cigna,,Pennsylvania,Unknown,Your pharmacy benefits.,pa_list,https://www.cigna.com/static/www-cigna-com/docs/ifp/m-26-rx-all-971328-rx-benefits-overview-flyer-wag-advantage-markets.pdf,https://www.cigna.com/individuals-families/member-guide/prescription-drug-lists,https://www.cigna.com/sitemap.xml > https://www.cigna.com/health-care-providers/default/sitemap.xml > https://www.cigna.com/individuals-families/member-guide/prescription-drug-lists > https://www.cigna.com/static/www-cigna-com/docs/ifp/m-26-rx-all-971328-rx-benefits-overview-flyer-wag-advantage-markets.pdf,pdf,,,2025-10-16,200,dd854f7a082e1d0bd8431f4dcaa0688c4ac6273f36d6cca6f89ef615ce293117,157161,N,static,sitemap|css_selector|url_pattern,0.95,2026-10-06T17:50:08Z,
Cigna,,Alabama,Unknown,Learning materials4 Read about how GLP-1s work and what to expect,other,https://www.cigna.com/static/www-cigna-com/docs/ifp/m-26-rx-all-971332-ifp-enreachrx-customer-flyer.pdf,https://www.cigna.com/individuals-families/member-guide/prescription-drug-lists,https://www.cigna.com/sitemap.xml > https://www.cigna.com/health-care-providers/default/sitemap.xml > https://www.cigna.com/individuals-families/member-guide/prescription-drug-lists > https://www.cigna.com/static/www-cigna-com/docs/ifp/m-26-rx-all-971332-ifp-enreachrx-customer-flyer.pdf,pdf,,,2025-10-22,200,6f29e66507bb3bc805620cf530e768818d2f7cb43982da53d3e03046ce6893dd,300435,N,static,sitemap|css_selector|url_pattern,0.85,2026-10-06T17:50:09Z,
Cigna,,Unknown,Unknown,Offered by Cigna Health and Life Insurance Company or its affiliates 971335  08/25   © 2025 Cigna Healthcare. Some content provided under license. All disclosures are at the end of the document.,pa_list,https://www.cigna.com/static/www-cigna-com/docs/ifp/m-26-rx-tx-971335-texas-flyer.pdf,https://www.cigna.com/individuals-families/member-guide/prescription-drug-lists,https://www.cigna.com/sitemap.xml > https://www.cigna.com/health-care-providers/default/sitemap.xml > https://www.cigna.com/individuals-families/member-guide/prescription-drug-lists > https://www.cigna.com/static/www-cigna-com/docs/ifp/m-26-rx-tx-971335-texas-flyer.pdf,pdf,,,2025-09-17,200,ef6588b9e6147b08bdd856f988e8c912c01fcdb6cc0b4b71edbd265989aa85da,106241,N,static,sitemap|css_selector|url_pattern,0.95,2026-10-06T17:50:09Z,
Cigna,,Unknown,Unknown,Your pharmacy benefits. Get the most from your plan’s coverage.,pa_list,https://www.cigna.com/static/www-cigna-com/docs/ifp/m-26-rx-all-971329-rx-benefits-overview-flyer-cigna-90-now.pdf,https://www.cigna.com/individuals-families/member-guide/prescription-drug-lists,https://www.cigna.com/sitemap.xml > https://www.cigna.com/health-care-providers/default/sitemap.xml > https://www.cigna.com/individuals-families/member-guide/prescription-drug-lists > https://www.cigna.com/static/www-cigna-com/docs/ifp/m-26-rx-all-971329-rx-benefits-overview-flyer-cigna-90-now.pdf,pdf,,,2025-10-14,200,de4525abfec06cfe31283cebebbb3923a2c248972e8d4591e7cf75ed4e3dae71,135926,N,static,sitemap|css_selector|url_pattern,0.95,2026-10-06T17:50:09Z,
Cigna,,Alabama,Unknown,Express Scripts® Pharmacy is a convenient option when you’re taking a medication on a regular basis.1,other,https://www.cigna.com/static/www-cigna-com/docs/ifp/m-26-rx-all-971334-ifp-auto-refill-at-home-delivery%E2%80%93select-medications-flyer.pdf,https://www.cigna.com/individuals-families/member-guide/prescription-drug-lists,https://www.cigna.com/sitemap.xml > https://www.cigna.com/health-care-providers/default/sitemap.xml > https://www.cigna.com/individuals-families/member-guide/prescription-drug-lists > https://www.cigna.com/static/www-cigna-com/docs/ifp/m-26-rx-all-971334-ifp-auto-refill-at-home-delivery%E2%80%93select-medications-flyer.pdf,pdf,,,2025-10-07,200,5a4f4d3fd3e1c229cedf483dba9b4d565a8c84c38d6aee49ade983050d4d6566,135468,N,static,sitemap|css_selector|url_pattern,0.85,2026-10-06T17:50:09Z,
Cigna,,Unknown,Unknown,Cigna Companion Guide Additional Information to Support a Health Care Claim or Encounter (275),other,https://www.cigna.com/static/www-cigna-com/docs/5010-275-X12-companion-guide.pdf,https://www.cigna.com/health-care-providers/coverage-and-claims/submit-claims/electronic-data-interchange-vendors,https://www.cigna.com/sitemap.xml > https://www.cigna.com/health-care-providers/default/sitemap.xml > https://www.cigna.com/health-care-providers/coverage-and-claims/submit-claims/electronic-data-interchange-vendors > https://www.cigna.com/static/www-cigna-com/docs/5010-275-X12-companion-guide.pdf,pdf,,,2024-11-01,200,6a0c6e6b8bdc6585f3ec2608bf91731b1b01ad20c4d800dcfa9bdd831fc414de,840408,N,static,sitemap|css_selector|url_pattern,0.85,2026-10-06T17:50:09Z,
Cigna,,Alabama,Unknown,24/7 access to our virtual learning library Review videos and articles on how GLP-1s work and,other,https://www.cigna.com/static/www-cigna-com/docs/ifp/m-26-rx-all-971333-ifp-enguide-pharmacy-customer-flyer.pdf,https://www.cigna.com/individuals-families/member-guide/prescription-drug-lists,https://www.cigna.com/sitemap.xml > https://www.cigna.com/health-care-providers/default/sitemap.xml > https://www.cigna.com/individuals-families/member-guide/prescription-drug-lists > https://www.cigna.com/static/www-cigna-com/docs/ifp/m-26-rx-all-971333-ifp-enguide-pharmacy-customer-flyer.pdf,pdf,,,2025-10-22,200,d72b4266cd00bd53560978b540c619ff3888ce69559fe15aa3891d0242215a0e,288869,N,static,sitemap|css_selector|url_pattern,0.85,2026-10-06T17:50:11Z,
Cigna,,Unknown,Medicare Advantage,QUICK GUIDE TO CIGNA ID CARDS,other,https://www.cigna.com/static/www-cigna-com/docs/member_id_cards.pdf,https://www.cigna.com/health-care-providers/coverage-and-claims,https://www.cigna.com/sitemap.xml > https://www.cigna.com/health-care-providers/default/sitemap.xml > https://www.cigna.com/health-care-providers/coverage-and-claims > https://www.cigna.com/static/www-cigna-com/docs/member_id_cards.pdf,pdf,,2021-02-01,2022-07-20,200,ca11a06f0e9a6048c59b3a2180b7ae1660117682c6369b0b24f687d8a32f99a7,2931601,N,static,sitemap|css_selector|url_pattern,0.9,2026-10-06T17:50:11Z,
Cigna,,Arizona,Unknown,It’s easier to take control of,drug_list,https://www.cigna.com/static/www-cigna-com/docs/ifp/m-26-rx-all-971336-ifp-diabetes-care-supplies-customer-flyer.pdf,https://www.cigna.com/individuals-families/member-guide/prescription-drug-lists,https://www.cigna.com/sitemap.xml > https://www.cigna.com/health-care-providers/default/sitemap.xml > https://www.cigna.com/individuals-families/member-guide/prescription-drug-lists > https://www.cigna.com/static/www-cigna-com/docs/ifp/m-26-rx-all-971336-ifp-diabetes-care-supplies-customer-flyer.pdf,pdf,,,2025-11-18,200,aee7a6cacd48193276e3f6188b988275e7cd548fbd9e944021b8abbebba365c6,446840,N,static,sitemap|css_selector|url_pattern,0.95,2026-10-06T17:50:12Z,
Cigna,,Unknown,Unknown,Offered by Cigna Health and Life Insurance Company or its affiliates. 989893  IFP PPACA  03/26 © 2026 Cigna Healthcare.,other,https://www.cigna.com/static/www-cigna-com/docs/ifp/m-26-rx-all-989893-ifp-prevcoverage-no-cost-share-preventive.pdf,https://www.cigna.com/individuals-families/member-guide/prescription-drug-lists,https://www.cigna.com/sitemap.xml > https://www.cigna.com/health-care-providers/default/sitemap.xml > https://www.cigna.com/individuals-families/member-guide/prescription-drug-lists > https://www.cigna.com/static/www-cigna-com/docs/ifp/m-26-rx-all-989893-ifp-prevcoverage-no-cost-share-preventive.pdf,pdf,,,2026-04-01,200,97cca21fc8c65ff2f67f079e4fe7c83d0e847a4cec7fbc09896d76b93c6a8a7c,843869,N,static,sitemap|css_selector|url_pattern,0.85,2026-10-06T17:50:13Z,
Cigna,,Arizona,Unknown,Medication Coverage Changes,pa_list,https://www.cigna.com/static/www-cigna-com/docs/ifp/m-26-rx-all-989894-2026-ifp-prescription-drug-list-changes.pdf,https://www.cigna.com/individuals-families/member-guide/prescription-drug-lists,https://www.cigna.com/sitemap.xml > https://www.cigna.com/health-care-providers/default/sitemap.xml > https://www.cigna.com/individuals-families/member-guide/prescription-drug-lists > https://www.cigna.com/static/www-cigna-com/docs/ifp/m-26-rx-all-989894-2026-ifp-prescription-drug-list-changes.pdf,pdf,,,2026-05-28,200,ac6b1f715ae2b03fe3e7ef1b0871bd2af8707f512f1de96f5f047dd839d22334,1287085,N,static,sitemap|css_selector|url_pattern,0.95,2026-10-06T17:50:15Z,
Cigna,,Georgia,Unknown,"Insured by Cigna Health and Life Insurance Company or Cigna HealthCare of Georgia, Inc. 989876   06/26  © 2026 Cigna Healthcare.",pa_list,https://www.cigna.com/static/www-cigna-com/docs/ifp/m-26-rx-ga-989876-cigna-rx-plus-5-tier-pdl.pdf,https://www.cigna.com/individuals-families/member-guide/prescription-drug-lists,https://www.cigna.com/sitemap.xml > https://www.cigna.com/health-care-providers/default/sitemap.xml > https://www.cigna.com/individuals-families/member-guide/prescription-drug-lists > https://www.cigna.com/static/www-cigna-com/docs/ifp/m-26-rx-ga-989876-cigna-rx-plus-5-tier-pdl.pdf,pdf,,,2026-05-31,200,52974d2d520e57ff20b4439863a3fe7faec95e555b747115964c04c4aa997de4,2585419,N,static,sitemap|css_selector|url_pattern,0.95,2026-10-06T17:50:15Z,
Cigna,,Arizona,Unknown,"Insured by Cigna Health and Life Insurance Company or Cigna HealthCare of Arizona, Inc. 989888  06/26  © 2026 Cigna Healthcare.",pa_list,https://www.cigna.com/static/www-cigna-com/docs/ifp/m-26-rx-az-989888-cigna-rx-premiere-5-tier-pdl.pdf,https://www.cigna.com/individuals-families/member-guide/prescription-drug-lists,https://www.cigna.com/sitemap.xml > https://www.cigna.com/health-care-providers/default/sitemap.xml > https://www.cigna.com/individuals-families/member-guide/prescription-drug-lists > https://www.cigna.com/static/www-cigna-com/docs/ifp/m-26-rx-az-989888-cigna-rx-premiere-5-tier-pdl.pdf,pdf,,,2026-05-31,200,8a0e9e74303bf072c12c892ce897e2a96af0ad0814ac458fba12c16df33638c2,2712699,N,static,sitemap|css_selector|url_pattern,0.95,2026-10-06T17:50:15Z,
Cigna,,Florida,Unknown,Offered by Cigna Health and Life Insurance Company or its affiliates. 9889875  06/26  © 2026 Cigna Healthcare.,pa_list,https://www.cigna.com/static/www-cigna-com/docs/ifp/m-26-rx-fl-989875-cigna-rx-plus-5-tier-pdl.pdf,https://www.cigna.com/individuals-families/member-guide/prescription-drug-lists,https://www.cigna.com/sitemap.xml > https://www.cigna.com/health-care-providers/default/sitemap.xml > https://www.cigna.com/individuals-families/member-guide/prescription-drug-lists > https://www.cigna.com/static/www-cigna-com/docs/ifp/m-26-rx-fl-989875-cigna-rx-plus-5-tier-pdl.pdf,pdf,,,2026-05-31,200,edf8ce74cfb95892029da7817ec856a53983fa544f0b13d605b3efd22c40036d,2592513,N,static,sitemap|css_selector|url_pattern,0.95,2026-10-06T17:50:19Z,
Cigna,,Illinois,Unknown,"Insured by Cigna Health and Life Insurance Company or Cigna HealthCare of Illinois, Inc. 989878  06/26  © 2026 Cigna Healthcare.",pa_list,https://www.cigna.com/static/www-cigna-com/docs/ifp/m-26-rx-il-989878-cigna-rx-plus-5-tier-pdl.pdf,https://www.cigna.com/individuals-families/member-guide/prescription-drug-lists,https://www.cigna.com/sitemap.xml > https://www.cigna.com/health-care-providers/default/sitemap.xml > https://www.cigna.com/individuals-families/member-guide/prescription-drug-lists > https://www.cigna.com/static/www-cigna-com/docs/ifp/m-26-rx-il-989878-cigna-rx-plus-5-tier-pdl.pdf,pdf,,,2026-05-31,200,465abc6edbcc3840a1432572ac7df1e885d33d8d0ef53248a1f97c802b11278c,3038125,N,static,sitemap|css_selector|url_pattern,0.95,2026-10-06T17:50:21Z,
Cigna,,Pennsylvania,Unknown,Offered by Cigna Health and Life Insurance Company or its affiliates. 989880  06/26  © 2026 Cigna Healthcare.,pa_list,https://www.cigna.com/static/www-cigna-com/docs/ifp/m-26-rx-ms-989880-cigna-rx-plus-5-tier-pdl.pdf,https://www.cigna.com/individuals-families/member-guide/prescription-drug-lists,https://www.cigna.com/sitemap.xml > https://www.cigna.com/health-care-providers/default/sitemap.xml > https://www.cigna.com/individuals-families/member-guide/prescription-drug-lists > https://www.cigna.com/static/www-cigna-com/docs/ifp/m-26-rx-ms-989880-cigna-rx-plus-5-tier-pdl.pdf,pdf,,,2026-05-31,200,a8b4c6d8265dd7d194f3e5fd3483e375c9e8af5fc664f30f60d05293d45fd008,2702757,N,static,sitemap|css_selector|url_pattern,0.95,2026-10-06T17:50:21Z,
Cigna,,Pennsylvania,Unknown,Offered by Cigna Health and Life Insurance Company or its affiliates. 989892  06/26  © 2026 Cigna Healthcare.,pa_list,https://www.cigna.com/static/www-cigna-com/docs/ifp/m-26-rx-va-989892-cigna-rx-premiere-5-tier-pdl.pdf,https://www.cigna.com/individuals-families/member-guide/prescription-drug-lists,https://www.cigna.com/sitemap.xml > https://www.cigna.com/health-care-providers/default/sitemap.xml > https://www.cigna.com/individuals-families/member-guide/prescription-drug-lists > https://www.cigna.com/static/www-cigna-com/docs/ifp/m-26-rx-va-989892-cigna-rx-premiere-5-tier-pdl.pdf,pdf,,,2026-05-31,200,353f51dc8037c9b4e1e8489824ed58989e3b302cde82712f4dffad3fd41a8141,2685984,N,static,sitemap|css_selector|url_pattern,0.95,2026-10-06T17:50:22Z,
Cigna,,Colorado,Unknown,Offered by Cigna Health and Life Insurance Company or its affiliates. 989873  06/26  © 2026 Cigna Healthcare.,pa_list,https://www.cigna.com/static/www-cigna-com/docs/ifp/m-26-rx-co-989873-cigna-rx-essential-5-tier-pdl.pdf,https://www.cigna.com/individuals-families/member-guide/prescription-drug-lists,https://www.cigna.com/sitemap.xml > https://www.cigna.com/health-care-providers/default/sitemap.xml > https://www.cigna.com/individuals-families/member-guide/prescription-drug-lists > https://www.cigna.com/static/www-cigna-com/docs/ifp/m-26-rx-co-989873-cigna-rx-essential-5-tier-pdl.pdf,pdf,,,2026-05-31,200,ceeb9a156cecfa6f9c9a20427d6abc1baa5ce2143da25debdd754250988e4b98,2633981,N,static,sitemap|css_selector|url_pattern,0.95,2026-10-06T17:50:22Z,
Cigna,,Arizona,Unknown,"Insured by Cigna Health and Life Insurance Company or Cigna HealthCare of Arizona, Inc. 989887  06/26  © 2026 Cigna Healthcare.",pa_list,https://www.cigna.com/static/www-cigna-com/docs/ifp/m-26-rx-az-989887-cigna-rx-premiere-4-tier-pdl.pdf,https://www.cigna.com/individuals-families/member-guide/prescription-drug-lists,https://www.cigna.com/sitemap.xml > https://www.cigna.com/health-care-providers/default/sitemap.xml > https://www.cigna.com/individuals-families/member-guide/prescription-drug-lists > https://www.cigna.com/static/www-cigna-com/docs/ifp/m-26-rx-az-989887-cigna-rx-premiere-4-tier-pdl.pdf,pdf,,,2026-05-31,200,3c5ae78d10f29026d0c7332405409f950fd5885f7cc0990bcb4811cd705e85b1,2712947,N,static,sitemap|css_selector|url_pattern,0.95,2026-10-06T17:50:22Z,
Cigna,,Pennsylvania,Unknown,Offered by Cigna Health and Life Insurance Company or its affiliates. 989884  06/26  © 2026 Cigna Healthcare.,pa_list,https://www.cigna.com/static/www-cigna-com/docs/ifp/m-26-rx-tn-989884-cigna-rx-plus-5-tier-pdl.pdf,https://www.cigna.com/individuals-families/member-guide/prescription-drug-lists,https://www.cigna.com/sitemap.xml > https://www.cigna.com/health-care-providers/default/sitemap.xml > https://www.cigna.com/individuals-families/member-guide/prescription-drug-lists > https://www.cigna.com/static/www-cigna-com/docs/ifp/m-26-rx-tn-989884-cigna-rx-plus-5-tier-pdl.pdf,pdf,,,2026-05-31,200,79310522d7ef6b237645c6e522b87f21bedd05edc74a928af3dc332501a05f9d,2569076,N,static,sitemap|css_selector|url_pattern,0.95,2026-10-06T17:50:23Z,
Cigna,,Pennsylvania,Unknown,"Insured by Cigna Health and Life Insurance Company or Cigna HealthCare of Texas, Inc. 989886  06/26  © 2026 Cigna Healthcare.",pa_list,https://www.cigna.com/static/www-cigna-com/docs/ifp/m-26-rx-tx-989886-cigna-rx-plus-5-tier-pdl.pdf,https://www.cigna.com/individuals-families/member-guide/prescription-drug-lists,https://www.cigna.com/sitemap.xml > https://www.cigna.com/health-care-providers/default/sitemap.xml > https://www.cigna.com/individuals-families/member-guide/prescription-drug-lists > https://www.cigna.com/static/www-cigna-com/docs/ifp/m-26-rx-tx-989886-cigna-rx-plus-5-tier-pdl.pdf,pdf,,,2026-05-31,200,bdfb745594e226555d55ad8a9f4f6fedfef7bf686e8db1436d0ff872fc6649ca,2719709,N,static,sitemap|css_selector|url_pattern,0.95,2026-10-06T17:50:24Z,
Cigna,,North Carolina,Unknown,"Insured by Cigna Health and Life Insurance Company or Cigna HealthCare of North Carolina, Inc. 989882  06/26  © 2026 Cigna Healthcare.",pa_list,https://www.cigna.com/static/www-cigna-com/docs/ifp/m-26-rx-nc-989882-cigna-rx-plus-5-tier-pdl.pdf,https://www.cigna.com/individuals-families/member-guide/prescription-drug-lists,https://www.cigna.com/sitemap.xml > https://www.cigna.com/health-care-providers/default/sitemap.xml > https://www.cigna.com/individuals-families/member-guide/prescription-drug-lists > https://www.cigna.com/static/www-cigna-com/docs/ifp/m-26-rx-nc-989882-cigna-rx-plus-5-tier-pdl.pdf,pdf,,,2026-05-31,200,1b4ef2235535a246c90adf4c017832d16a02b74da53b0bc99455ff22ade73d00,2616717,N,static,sitemap|css_selector|url_pattern,0.95,2026-10-06T17:50:25Z,
Cigna,,Pennsylvania,Unknown,Offered by Cigna Health and Life Insurance Company or its affiliates. 989890  06/26  © 2026 Cigna Healthcare.,pa_list,https://www.cigna.com/static/www-cigna-com/docs/ifp/m-26-rx-in-989890-cigna-rx-premiere-5-tier-pdl.pdf,https://www.cigna.com/individuals-families/member-guide/prescription-drug-lists,https://www.cigna.com/sitemap.xml > https://www.cigna.com/health-care-providers/default/sitemap.xml > https://www.cigna.com/individuals-families/member-guide/prescription-drug-lists > https://www.cigna.com/static/www-cigna-com/docs/ifp/m-26-rx-in-989890-cigna-rx-premiere-5-tier-pdl.pdf,pdf,,,2026-05-31,200,b3983b3955e51c9a5130a9920831c8441018175de4347e70676c3fe6c419e301,2585025,N,static,sitemap|css_selector|url_pattern,0.95,2026-10-06T17:50:26Z,
Cigna,,Florida,Unknown,Offered by Cigna Health and Life Insurance Company or its affiliates. 989874  06/26  © 2026 Cigna Healthcare.,pa_list,https://www.cigna.com/static/www-cigna-com/docs/ifp/m-26-rx-fl-989874-cigna-rx-plus-4-tier-pdl.pdf,https://www.cigna.com/individuals-families/member-guide/prescription-drug-lists,https://www.cigna.com/sitemap.xml > https://www.cigna.com/health-care-providers/default/sitemap.xml > https://www.cigna.com/individuals-families/member-guide/prescription-drug-lists > https://www.cigna.com/static/www-cigna-com/docs/ifp/m-26-rx-fl-989874-cigna-rx-plus-4-tier-pdl.pdf,pdf,,,2026-05-31,200,00d4f79c412b3501228cfb16e17edad606f47b0eedf65241b56635dc2cd06715,2591316,N,static,sitemap|css_selector|url_pattern,0.95,2026-10-06T17:50:26Z,
Cigna,,Unknown,Unknown,Medication Coverage Changes,drug_list,https://www.cigna.com/sites/default/files/docs/e5/990509_2027_Drug_Change_Customer_WebPosting_v2.pdf,https://www.cigna.com/individuals-families/member-guide/prescription-drug-lists,https://www.cigna.com/sitemap.xml > https://www.cigna.com/health-care-providers/default/sitemap.xml > https://www.cigna.com/individuals-families/member-guide/prescription-drug-lists > https://www.cigna.com/sites/default/files/docs/e5/990509_2027_Drug_Change_Customer_WebPosting_v2.pdf,pdf,,,2026-09-23,200,00f1515bf41e07b48bdfdaee4cef2c3bd5eee0414f4489225dfbf850daced36c,835356,N,static,sitemap|css_selector|url_pattern,0.95,2026-10-06T17:50:27Z,
Cigna,,Illinois,Unknown,595200 z  Standard 3-Tier  09/26 © 2026 Cigna Healthcare. Cigna Healthcare,pa_list,https://www.cigna.com/static/www-cigna-com/docs/ifp/standard-3-tier.pdf,https://www.cigna.com/individuals-families/member-guide/prescription-drug-lists,https://www.cigna.com/sitemap.xml > https://www.cigna.com/health-care-providers/default/sitemap.xml > https://www.cigna.com/individuals-families/member-guide/prescription-drug-lists > https://www.cigna.com/static/www-cigna-com/docs/ifp/standard-3-tier.pdf,pdf,,,2026-09-17,200,37a7ab61b395c614ba17d3802410539f512a583540dcd48979ad6d41efc1dc5d,896174,N,static,sitemap|css_selector|url_pattern,0.95,2026-10-06T17:50:28Z,
Cigna,,Pennsylvania,Unknown,Offered by Cigna Health and Life Insurance Company or its affiliates. 989889  06/26  © 2026 Cigna Healthcare.,pa_list,https://www.cigna.com/static/www-cigna-com/docs/ifp/m-26-rx-in-989889-cigna-rx-premiere-4-tier-pdl.pdf,https://www.cigna.com/individuals-families/member-guide/prescription-drug-lists,https://www.cigna.com/sitemap.xml > https://www.cigna.com/health-care-providers/default/sitemap.xml > https://www.cigna.com/individuals-families/member-guide/prescription-drug-lists > https://www.cigna.com/static/www-cigna-com/docs/ifp/m-26-rx-in-989889-cigna-rx-premiere-4-tier-pdl.pdf,pdf,,,2026-05-31,200,efddf2f4afd814851bd3b19db47160eb6c20b9e6d6c4c6169e6653b84f49dc47,2588806,N,static,sitemap|css_selector|url_pattern,0.95,2026-10-06T17:50:28Z,
Cigna,,Pennsylvania,Unknown,Offered by Cigna Health and Life Insurance Company or its affiliates. 989879  06/26  © 2025 Cigna Healthcare.,pa_list,https://www.cigna.com/static/www-cigna-com/docs/ifp/m-26-rx-ms-989879-cigna-rx-plus-4-tier-pdl.pdf,https://www.cigna.com/individuals-families/member-guide/prescription-drug-lists,https://www.cigna.com/sitemap.xml > https://www.cigna.com/health-care-providers/default/sitemap.xml > https://www.cigna.com/individuals-families/member-guide/prescription-drug-lists > https://www.cigna.com/static/www-cigna-com/docs/ifp/m-26-rx-ms-989879-cigna-rx-plus-4-tier-pdl.pdf,pdf,,,2026-05-31,200,b020004ab588530994f7e310b4ed1f16fd6f992a9c4605f13cb9d2e854f170f5,2722228,N,static,sitemap|css_selector|url_pattern,0.95,2026-10-06T17:50:29Z,
Cigna,,Illinois,Unknown,"Insured by Cigna Health and Life Insurance Company or Cigna HealthCare of Illinois, Inc. 989877  06/26  © 2026 Cigna Healthcare.",pa_list,https://www.cigna.com/static/www-cigna-com/docs/ifp/m-26-rx-il-989877-cigna-rx-plus-4-tier-pdl.pdf,https://www.cigna.com/individuals-families/member-guide/prescription-drug-lists,https://www.cigna.com/sitemap.xml > https://www.cigna.com/health-care-providers/default/sitemap.xml > https://www.cigna.com/individuals-families/member-guide/prescription-drug-lists > https://www.cigna.com/static/www-cigna-com/docs/ifp/m-26-rx-il-989877-cigna-rx-plus-4-tier-pdl.pdf,pdf,,,2026-05-31,200,f03e70f8f8535a59d95d658a7b8ff55ce908ed311c2953c59648bbce78a8bd79,3057623,N,static,sitemap|css_selector|url_pattern,0.95,2026-10-06T17:50:29Z,
Cigna,,Pennsylvania,Unknown,Offered by Cigna Health and Life Insurance Company or its affiliates. 989883  06/26  © 2026 Cigna Healthcare.,pa_list,https://www.cigna.com/static/www-cigna-com/docs/ifp/m-26-rx-tn-989883-cigna-rx-plus-4-tier-pdl.pdf,https://www.cigna.com/individuals-families/member-guide/prescription-drug-lists,https://www.cigna.com/sitemap.xml > https://www.cigna.com/health-care-providers/default/sitemap.xml > https://www.cigna.com/individuals-families/member-guide/prescription-drug-lists > https://www.cigna.com/static/www-cigna-com/docs/ifp/m-26-rx-tn-989883-cigna-rx-plus-4-tier-pdl.pdf,pdf,,,2026-05-31,200,a5883582c292c7898ef3c725811ef39c724550bbb585307b813017d7f58d20d6,2734735,N,static,sitemap|css_selector|url_pattern,0.95,2026-10-06T17:50:29Z,
Cigna,,North Carolina,Unknown,"Insured by Cigna Health and Life Insurance Company or Cigna HealthCare of North Carolina, Inc. 989881  06/26  © 2026 Cigna Healthcare.",pa_list,https://www.cigna.com/static/www-cigna-com/docs/ifp/m-26-rx-nc-989881-cigna-rx-plus-4-tier-pdl.pdf,https://www.cigna.com/individuals-families/member-guide/prescription-drug-lists,https://www.cigna.com/sitemap.xml > https://www.cigna.com/health-care-providers/default/sitemap.xml > https://www.cigna.com/individuals-families/member-guide/prescription-drug-lists > https://www.cigna.com/static/www-cigna-com/docs/ifp/m-26-rx-nc-989881-cigna-rx-plus-4-tier-pdl.pdf,pdf,,,2026-05-31,200,c422f8fba651bb3f9baa65078eb4bc9423d7fc94affb7ad0e89a92e43c970cc3,2613893,N,static,sitemap|css_selector|url_pattern,0.95,2026-10-06T17:50:29Z,
Cigna,,Pennsylvania,Unknown,968434 h  Value 3-Tier  09/26 © 2026 Cigna Healthcare. Cigna Healthcare,pa_list,https://www.cigna.com/static/www-cigna-com/docs/ifp/value-3-tier.pdf,https://www.cigna.com/individuals-families/member-guide/prescription-drug-lists,https://www.cigna.com/sitemap.xml > https://www.cigna.com/health-care-providers/default/sitemap.xml > https://www.cigna.com/individuals-families/member-guide/prescription-drug-lists > https://www.cigna.com/static/www-cigna-com/docs/ifp/value-3-tier.pdf,pdf,,,2026-09-17,200,89c5ca8286e6e5970e828d7737f8cc9f6678ba63517a114893b78ba50e0378b3,877147,N,static,sitemap|css_selector|url_pattern,0.95,2026-10-06T17:50:30Z,
Cigna,,Pennsylvania,Unknown,916152 w  Standard 4-Tier Specialty  09/26 © 2026 Cigna Healthcare. Cigna Healthcare,pa_list,https://www.cigna.com/static/www-cigna-com/docs/ifp/standard-4-tier-spec.pdf,https://www.cigna.com/individuals-families/member-guide/prescription-drug-lists,https://www.cigna.com/sitemap.xml > https://www.cigna.com/health-care-providers/default/sitemap.xml > https://www.cigna.com/individuals-families/member-guide/prescription-drug-lists > https://www.cigna.com/static/www-cigna-com/docs/ifp/standard-4-tier-spec.pdf,pdf,,,2026-09-27,200,c1ed9bfd46c4ada209c3fb572a586288596d2fdf8ef20d083220947e49531151,896886,N,static,sitemap|css_selector|url_pattern,0.95,2026-10-06T17:50:30Z,
Cigna,,Pennsylvania,Unknown,"Insured by Cigna Health and Life Insurance Company or Cigna HealthCare of Texas, Inc. 989885  06/26  © 2026 Cigna Healthcare.",pa_list,https://www.cigna.com/static/www-cigna-com/docs/ifp/m-26-rx-tx-989885-cigna-rx-plus-4-tier-pdl.pdf,https://www.cigna.com/individuals-families/member-guide/prescription-drug-lists,https://www.cigna.com/sitemap.xml > https://www.cigna.com/health-care-providers/default/sitemap.xml > https://www.cigna.com/individuals-families/member-guide/prescription-drug-lists > https://www.cigna.com/static/www-cigna-com/docs/ifp/m-26-rx-tx-989885-cigna-rx-plus-4-tier-pdl.pdf,pdf,,,2026-05-31,200,8be6cc210f392b2d2b4eaa4e044cd5438a9a85ab50a0cb6f56cadb0023e13f88,2714360,N,static,sitemap|css_selector|url_pattern,0.95,2026-10-06T17:50:30Z,
Cigna,,Pennsylvania,Unknown,916154 w  Value 4-Tier Specialty  09/26 © 2026 Cigna Healthcare. Cigna Healthcare,pa_list,https://www.cigna.com/static/www-cigna-com/docs/ifp/value-4-tier-spec.pdf,https://www.cigna.com/individuals-families/member-guide/prescription-drug-lists,https://www.cigna.com/sitemap.xml > https://www.cigna.com/health-care-providers/default/sitemap.xml > https://www.cigna.com/individuals-families/member-guide/prescription-drug-lists > https://www.cigna.com/static/www-cigna-com/docs/ifp/value-4-tier-spec.pdf,pdf,,,2026-09-17,200,fdb5b1281dcbf6288e0d8c2d073e6d8e5cdbb86b1ec9842ea9d2d58582ef7a60,878904,N,static,sitemap|css_selector|url_pattern,0.95,2026-10-06T17:50:30Z,
Cigna,,Pennsylvania,Unknown,Offered by Cigna Health and Life Insurance Company or its affiliates. 989891  06/26  © 2026 Cigna Healthcare.,pa_list,https://www.cigna.com/static/www-cigna-com/docs/ifp/m-26-rx-va-989891-cigna-rx-premiere-4-tier-pdl.pdf,https://www.cigna.com/individuals-families/member-guide/prescription-drug-lists,https://www.cigna.com/sitemap.xml > https://www.cigna.com/health-care-providers/default/sitemap.xml > https://www.cigna.com/individuals-families/member-guide/prescription-drug-lists > https://www.cigna.com/static/www-cigna-com/docs/ifp/m-26-rx-va-989891-cigna-rx-premiere-4-tier-pdl.pdf,pdf,,,2026-05-31,200,4e68b6638f489bf8dfa6331db5712b84c43846304e0967df6fd99aa54aef589b,2684052,N,static,sitemap|css_selector|url_pattern,0.95,2026-10-06T17:50:30Z,
Cigna,,Illinois,Unknown,932539 s  Performance 3-Tier  09/26 © 2026 Cigna Healthcare. Cigna Healthcare,pa_list,https://www.cigna.com/static/www-cigna-com/docs/ifp/performance-3-tier.pdf,https://www.cigna.com/individuals-families/member-guide/prescription-drug-lists,https://www.cigna.com/sitemap.xml > https://www.cigna.com/health-care-providers/default/sitemap.xml > https://www.cigna.com/individuals-families/member-guide/prescription-drug-lists > https://www.cigna.com/static/www-cigna-com/docs/ifp/performance-3-tier.pdf,pdf,,,2026-09-17,200,44ddadbf4deaab3e4327b2264c2b6b36a0080c964905cd136de48fdab10f53ec,932184,N,static,sitemap|css_selector|url_pattern,0.95,2026-10-06T17:50:31Z,
Cigna,,Pennsylvania,Unknown,965324 d  Performance 4-Tier  09/26 © 2026 Cigna Healthcare. Cigna Healthcare,pa_list,https://www.cigna.com/static/www-cigna-com/docs/ifp/performance-4tier-spec.pdf,https://www.cigna.com/individuals-families/member-guide/prescription-drug-lists,https://www.cigna.com/sitemap.xml > https://www.cigna.com/health-care-providers/default/sitemap.xml > https://www.cigna.com/individuals-families/member-guide/prescription-drug-lists > https://www.cigna.com/static/www-cigna-com/docs/ifp/performance-4tier-spec.pdf,pdf,,,2026-09-17,200,9ddc96efc8d8793625564cb7eec62e25a697acd6629bbde4fbb13a1288672541,934027,N,static,sitemap|css_selector|url_pattern,0.95,2026-10-06T17:50:31Z,
Cigna,,Pennsylvania,Unknown,968436 h  Advantage 3-Tier  09/26 © 2026 Cigna Healthcare. Cigna Healthcare,pa_list,https://www.cigna.com/static/www-cigna-com/docs/ifp/advantage-3-tier.pdf,https://www.cigna.com/individuals-families/member-guide/prescription-drug-lists,https://www.cigna.com/sitemap.xml > https://www.cigna.com/health-care-providers/default/sitemap.xml > https://www.cigna.com/individuals-families/member-guide/prescription-drug-lists > https://www.cigna.com/static/www-cigna-com/docs/ifp/advantage-3-tier.pdf,pdf,,,2026-09-17,200,db61c922f9e4b558b7ceae70265605d9b0d1f16ae44a0977cecbc3d916cf0e60,912377,N,static,sitemap|css_selector|url_pattern,0.95,2026-10-06T17:50:31Z,
Cigna,,Unknown,Unknown,Medication Coverage Changes,pa_list,https://www.cigna.com/sites/default/files/docs/32/989948_2026_Drug_Change_Customer_WebPosting_v12.pdf,https://www.cigna.com/individuals-families/member-guide/prescription-drug-lists,https://www.cigna.com/sitemap.xml > https://www.cigna.com/health-care-providers/default/sitemap.xml > https://www.cigna.com/individuals-families/member-guide/prescription-drug-lists > https://www.cigna.com/sites/default/files/docs/32/989948_2026_Drug_Change_Customer_WebPosting_v12.pdf,pdf,,,2026-09-23,200,3678c054c64410e11d08a530df861658cb2655014ff22e1a15985c87cf67da0a,2812967,N,static,sitemap|css_selector|url_pattern,0.95,2026-10-06T17:50:31Z,
Cigna,,Pennsylvania,Unknown,948519 p NPF 3T Abridged  05/26 © 2026 Cigna Healthcare. Cigna Healthcare,pa_list,https://www.cigna.com/static/www-cigna-com/docs/ifp/cigna-national-preferred-formulary-abridged.pdf,https://www.cigna.com/individuals-families/member-guide/prescription-drug-lists,https://www.cigna.com/sitemap.xml > https://www.cigna.com/health-care-providers/default/sitemap.xml > https://www.cigna.com/individuals-families/member-guide/prescription-drug-lists > https://www.cigna.com/static/www-cigna-com/docs/ifp/cigna-national-preferred-formulary-abridged.pdf,pdf,,,2026-05-07,200,7bd749626418b4158af3f6280951f940d9c4fd0258d98780c043b0ec150b6a20,139762,N,static,sitemap|css_selector|url_pattern,0.95,2026-10-06T17:50:31Z,
Cigna,,Pennsylvania,Unknown,968445 g  NPF 4T Split Generics Abridged  05/26 © 2026 Cigna Healthcare. Cigna Healthcare,pa_list,https://www.cigna.com/static/www-cigna-com/docs/cigna-national-preferred-prescription-4-tier-abridged.pdf,https://www.cigna.com/individuals-families/member-guide/prescription-drug-lists,https://www.cigna.com/sitemap.xml > https://www.cigna.com/health-care-providers/default/sitemap.xml > https://www.cigna.com/individuals-families/member-guide/prescription-drug-lists > https://www.cigna.com/static/www-cigna-com/docs/cigna-national-preferred-prescription-4-tier-abridged.pdf,pdf,,,2026-05-07,200,31b573f588c4ea2ea1724490d52c881c02a8c20e6e808e673b8170c1f4df5597,139828,N,static,sitemap|css_selector|url_pattern,0.95,2026-10-06T17:50:31Z,
Cigna,,Pennsylvania,Unknown,968444 g NPF 4T Specialty Abridged  05/26 © 2026 Cigna Healthcare. Cigna Healthcare National,pa_list,https://www.cigna.com/static/www-cigna-com/docs/cigna-national-preferred-prescription-4-tier-specialty-abridged.pdf,https://www.cigna.com/individuals-families/member-guide/prescription-drug-lists,https://www.cigna.com/sitemap.xml > https://www.cigna.com/health-care-providers/default/sitemap.xml > https://www.cigna.com/individuals-families/member-guide/prescription-drug-lists > https://www.cigna.com/static/www-cigna-com/docs/cigna-national-preferred-prescription-4-tier-specialty-abridged.pdf,pdf,,,2026-05-07,200,73116f1be754fc5f5ad4ddd6677fe521706c715c72cf44d9bf229cb2e78788e8,140047,N,static,sitemap|css_selector|url_pattern,0.95,2026-10-06T17:50:32Z,
Cigna,,Pennsylvania,Unknown,968446 g  NPF 5T Specialty Abridged  05/26 © 2026 Cigna Healthcare. Cigna Healthcare National,pa_list,https://www.cigna.com/static/www-cigna-com/docs/cigna-national-preferred-prescription-5-tier-specialty-abridged.pdf,https://www.cigna.com/individuals-families/member-guide/prescription-drug-lists,https://www.cigna.com/sitemap.xml > https://www.cigna.com/health-care-providers/default/sitemap.xml > https://www.cigna.com/individuals-families/member-guide/prescription-drug-lists > https://www.cigna.com/static/www-cigna-com/docs/cigna-national-preferred-prescription-5-tier-specialty-abridged.pdf,pdf,,,2026-05-07,200,e07340949ddb44bf8d3993ca1fe09327eb3e7dfb8f9d1308d9c52293c8a30882,140164,N,static,sitemap|css_selector|url_pattern,0.95,2026-10-06T17:50:32Z,
Cigna,,Illinois,Unknown,986165 d  Legacy (Standard) 3-Tier  09/26 © 2026 Cigna Healthcare. Cigna Healthcare,pa_list,https://www.cigna.com/static/www-cigna-com/docs/ifp/legacy-3-tier.pdf,https://www.cigna.com/individuals-families/member-guide/prescription-drug-lists,https://www.cigna.com/sitemap.xml > https://www.cigna.com/health-care-providers/default/sitemap.xml > https://www.cigna.com/individuals-families/member-guide/prescription-drug-lists > https://www.cigna.com/static/www-cigna-com/docs/ifp/legacy-3-tier.pdf,pdf,,,2026-09-17,200,2d2b4ea8123161ed1719e95699983d6bef3dbc601ff0394e5e0df6dfd3b7b568,1096775,N,static,sitemap|css_selector|url_pattern,0.95,2026-10-06T17:50:32Z,
Cigna,,Pennsylvania,Unknown,939837 r  Total Savings 3-Tier  09/26 © 2026 Cigna Healthcare. Cigna Healthcare,pa_list,https://www.cigna.com/static/www-cigna-com/docs/ifp/total-savings-3-tier.pdf,https://www.cigna.com/individuals-families/member-guide/prescription-drug-lists,https://www.cigna.com/sitemap.xml > https://www.cigna.com/health-care-providers/default/sitemap.xml > https://www.cigna.com/individuals-families/member-guide/prescription-drug-lists > https://www.cigna.com/static/www-cigna-com/docs/ifp/total-savings-3-tier.pdf,pdf,,,2026-09-17,200,1dad5b15ffcad81b19ed25e8889e5596ae1f8cf580c35c83abd847f2609a4543,840870,N,static,sitemap|css_selector|url_pattern,0.95,2026-10-06T17:50:32Z,
Cigna,,Pennsylvania,Unknown,965173 e  Advantage 4-Tier  09/26 © 2026 Cigna Healthcare. Cigna Healthcare,pa_list,https://www.cigna.com/static/www-cigna-com/docs/ifp/advantage-4-tier-spec.pdf,https://www.cigna.com/individuals-families/member-guide/prescription-drug-lists,https://www.cigna.com/sitemap.xml > https://www.cigna.com/health-care-providers/default/sitemap.xml > https://www.cigna.com/individuals-families/member-guide/prescription-drug-lists > https://www.cigna.com/static/www-cigna-com/docs/ifp/advantage-4-tier-spec.pdf,pdf,,,2026-09-17,200,409dfa1965473bddfa28126c937aabea5aafaac955e172c87847130c326416f0,914171,N,static,sitemap|css_selector|url_pattern,0.95,2026-10-06T17:50:32Z,
Cigna,,Pennsylvania,Unknown,968448 g  NPF 6T Abridged  05/26 © 2026 Cigna Healthcare. Cigna Healthcare,pa_list,https://www.cigna.com/static/www-cigna-com/docs/cigna-national-preferred-prescription-6-tier-abridged.pdf,https://www.cigna.com/individuals-families/member-guide/prescription-drug-lists,https://www.cigna.com/sitemap.xml > https://www.cigna.com/health-care-providers/default/sitemap.xml > https://www.cigna.com/individuals-families/member-guide/prescription-drug-lists > https://www.cigna.com/static/www-cigna-com/docs/cigna-national-preferred-prescription-6-tier-abridged.pdf,pdf,,,2026-05-07,200,805e2727e6495f281d8348e4531e4296b7af200514aadbc93cd5253722ec1ae2,139715,N,static,sitemap|css_selector|url_pattern,0.95,2026-10-06T17:50:32Z,
Cigna,,Pennsylvania,Unknown,968447 g  NPF 5T Split Generics Abridged  05/26 © 2026 Cigna Healthcare. Cigna Healthcare,pa_list,https://www.cigna.com/static/www-cigna-com/docs/cigna-national-preferred-prescription-5-tier-abridged.pdf,https://www.cigna.com/individuals-families/member-guide/prescription-drug-lists,https://www.cigna.com/sitemap.xml > https://www.cigna.com/health-care-providers/default/sitemap.xml > https://www.cigna.com/individuals-families/member-guide/prescription-drug-lists > https://www.cigna.com/static/www-cigna-com/docs/cigna-national-preferred-prescription-5-tier-abridged.pdf,pdf,,,2026-05-07,200,0aaae318f1926921aacf2c18c3b5c63da2dcf9a9f3b9c4e322bb339ff6bdb376,139988,N,static,sitemap|css_selector|url_pattern,0.95,2026-10-06T17:50:32Z,
Cigna,,Pennsylvania,Unknown,916153 w Legacy (Standard) 4-Tier Specialty  09/26 © 2026 Cigna Healthcare. Cigna Healthcare,pa_list,https://www.cigna.com/static/www-cigna-com/docs/ifp/legacy-4-tier-spec.pdf,https://www.cigna.com/individuals-families/member-guide/prescription-drug-lists,https://www.cigna.com/sitemap.xml > https://www.cigna.com/health-care-providers/default/sitemap.xml > https://www.cigna.com/individuals-families/member-guide/prescription-drug-lists > https://www.cigna.com/static/www-cigna-com/docs/ifp/legacy-4-tier-spec.pdf,pdf,,,2026-09-17,200,9f51825220cec01275be96d5214d8f1aca14a1ff1665510c76ed1813ec52ee5e,1099139,N,static,sitemap|css_selector|url_pattern,0.95,2026-10-06T17:50:32Z,
Cigna,,Pennsylvania,Unknown,965326 d  Legacy (Performance) 4-Tier  09/26 © 2026 Cigna Healthcare. Cigna Healthcare Legacy,pa_list,https://www.cigna.com/static/www-cigna-com/docs/ifp/legacy-performance-4-tier.pdf,https://www.cigna.com/individuals-families/member-guide/prescription-drug-lists,https://www.cigna.com/sitemap.xml > https://www.cigna.com/health-care-providers/default/sitemap.xml > https://www.cigna.com/individuals-families/member-guide/prescription-drug-lists > https://www.cigna.com/static/www-cigna-com/docs/ifp/legacy-performance-4-tier.pdf,pdf,,,2026-09-17,200,f8fa5332e4033b05968750cc9b80b9cbdcb5aee8735eea41c0ca5dbd0333839b,1132798,N,static,sitemap|css_selector|url_pattern,0.95,2026-10-06T17:50:32Z,
Cigna,,Illinois,Unknown,965325 d  Legacy (Performance) 3-Tier  09/26 © 2026 Cigna Healthcare. Cigna Healthcare,pa_list,https://www.cigna.com/static/www-cigna-com/docs/ifp/legacy-performance-3-tier.pdf,https://www.cigna.com/individuals-families/member-guide/prescription-drug-lists,https://www.cigna.com/sitemap.xml > https://www.cigna.com/health-care-providers/default/sitemap.xml > https://www.cigna.com/individuals-families/member-guide/prescription-drug-lists > https://www.cigna.com/static/www-cigna-com/docs/ifp/legacy-performance-3-tier.pdf,pdf,,,2026-09-17,200,ad0de8d6fe3a4053f8e735861169033f185fc4ac9c24223c5066360c255fde6c,1133914,N,static,sitemap|css_selector|url_pattern,0.95,2026-10-06T17:50:32Z,
Cigna,,Unknown,Unknown,948530 r  NPF PPACA  05/26 © 2026 Cigna Healthcare. PPACA $0 Preventive,drug_list,https://www.cigna.com/static/www-cigna-com/docs/ifp/ppaca-zerodollar-prevcoverage-for-cnpf.pdf,https://www.cigna.com/individuals-families/member-guide/prescription-drug-lists,https://www.cigna.com/sitemap.xml > https://www.cigna.com/health-care-providers/default/sitemap.xml > https://www.cigna.com/individuals-families/member-guide/prescription-drug-lists > https://www.cigna.com/static/www-cigna-com/docs/ifp/ppaca-zerodollar-prevcoverage-for-cnpf.pdf,pdf,,,2026-05-15,200,ec18c111cf53db2a14e5be86ccba30cf512b1aa4477bf3abbbcd9bd14f0dacac,129942,N,static,sitemap|css_selector|url_pattern,0.95,2026-10-06T17:50:33Z,
Cigna,,Unknown,Unknown,936806 s Generics  09/26 © 2026 Cigna Healthcare. Preventive Generics,drug_list,https://www.cigna.com/static/www-cigna-com/docs/ifp/generic-preventive.pdf,https://www.cigna.com/individuals-families/member-guide/prescription-drug-lists,https://www.cigna.com/sitemap.xml > https://www.cigna.com/health-care-providers/default/sitemap.xml > https://www.cigna.com/individuals-families/member-guide/prescription-drug-lists > https://www.cigna.com/static/www-cigna-com/docs/ifp/generic-preventive.pdf,pdf,,,2026-09-14,200,46b75b412b260a9d02590796326a81eb8d88d7ade2075af23d90350ed61bb13b,96776,N,static,sitemap|css_selector|url_pattern,0.95,2026-10-06T17:50:33Z,
Cigna,,Unknown,Unknown,968433 k PPACA  09/26 © 2026 Cigna Healthcare. PPACA $0 Preventive,other,https://www.cigna.com/static/www-cigna-com/docs/ifp/hcr-prev-coverage-zero-dollar-ppaca-preventive.pdf,https://www.cigna.com/individuals-families/member-guide/prescription-drug-lists,https://www.cigna.com/sitemap.xml > https://www.cigna.com/health-care-providers/default/sitemap.xml > https://www.cigna.com/individuals-families/member-guide/prescription-drug-lists > https://www.cigna.com/static/www-cigna-com/docs/ifp/hcr-prev-coverage-zero-dollar-ppaca-preventive.pdf,pdf,,,2026-09-14,200,b049a7d6b921a01a4575d528c5f199ea026f87dab8509bb3ff80624446c6b762,128427,N,static,sitemap|css_selector|url_pattern,0.85,2026-10-06T17:50:33Z,
Cigna,,Unknown,Unknown,948529 n  Generics NPF Standard Plus  05/26 © 2026 Cigna Healthcare. Preventive Generics,drug_list,https://www.cigna.com/static/www-cigna-com/docs/ifp/genericpreventive-standardplus-for-cnpf.pdf,https://www.cigna.com/individuals-families/member-guide/prescription-drug-lists,https://www.cigna.com/sitemap.xml > https://www.cigna.com/health-care-providers/default/sitemap.xml > https://www.cigna.com/individuals-families/member-guide/prescription-drug-lists > https://www.cigna.com/static/www-cigna-com/docs/ifp/genericpreventive-standardplus-for-cnpf.pdf,pdf,,,2026-05-15,200,ef7d0f10c96296a6d019286729019ad5129001be1b91edee864cc59793b5d5b7,105080,N,static,sitemap|css_selector|url_pattern,0.95,2026-10-06T17:50:33Z,
Cigna,,Unknown,Unknown,948528 n  Generics NPF Standard  05/26 © 2026 Cigna Healthcare. Preventive Generics,drug_list,https://www.cigna.com/static/www-cigna-com/docs/ifp/genericpreventive-standard-for-cnpf.pdf,https://www.cigna.com/individuals-families/member-guide/prescription-drug-lists,https://www.cigna.com/sitemap.xml > https://www.cigna.com/health-care-providers/default/sitemap.xml > https://www.cigna.com/individuals-families/member-guide/prescription-drug-lists > https://www.cigna.com/static/www-cigna-com/docs/ifp/genericpreventive-standard-for-cnpf.pdf,pdf,,,2026-05-15,200,cea24cb1dc49d4136288b9b977004a36df13990fd38bb5d64ae8ac0d6bfd9314,102543,N,static,sitemap|css_selector|url_pattern,0.95,2026-10-06T17:50:33Z,
Cigna,,Unknown,Unknown,936809 s Generics&PBs Stand/Perf  09/26 © 2026 Cigna Healthcare. Preventive Generics and,drug_list,https://www.cigna.com/static/www-cigna-com/docs/ifp/prev-gen-and-pb-for-std-perf.pdf,https://www.cigna.com/individuals-families/member-guide/prescription-drug-lists,https://www.cigna.com/sitemap.xml > https://www.cigna.com/health-care-providers/default/sitemap.xml > https://www.cigna.com/individuals-families/member-guide/prescription-drug-lists > https://www.cigna.com/static/www-cigna-com/docs/ifp/prev-gen-and-pb-for-std-perf.pdf,pdf,,,2026-09-14,200,2fd517f4a8ba529c04479eca67ad866448a7306fb177cdad65e5a5490e6e260f,105713,N,static,sitemap|css_selector|url_pattern,0.95,2026-10-06T17:50:33Z,
Cigna,,Unknown,Unknown,936807 s Generics&PBs Value/Adv  09/26 © 2026 Cigna Healthcare. Preventive medications can help you stay healthy and lower your risk of getting certain,drug_list,https://www.cigna.com/static/www-cigna-com/docs/ifp/prev-gen-and-pb-for-value-adv.pdf,https://www.cigna.com/individuals-families/member-guide/prescription-drug-lists,https://www.cigna.com/sitemap.xml > https://www.cigna.com/health-care-providers/default/sitemap.xml > https://www.cigna.com/individuals-families/member-guide/prescription-drug-lists > https://www.cigna.com/static/www-cigna-com/docs/ifp/prev-gen-and-pb-for-value-adv.pdf,pdf,,,2026-09-14,200,b2bf9087102f749e3ecd7206266d97d9c1395e661f76699b5875105e045bc04a,105243,N,static,sitemap|css_selector|url_pattern,0.95,2026-10-06T17:50:33Z,
Cigna,,Unknown,Unknown,951740 p Generics&PBs Legacy  09/26 © 2026 Cigna Healthcare. Preventive Generics and,drug_list,https://www.cigna.com/static/www-cigna-com/docs/ifp/prev-gen-and-pb-for-legacy.pdf,https://www.cigna.com/individuals-families/member-guide/prescription-drug-lists,https://www.cigna.com/sitemap.xml > https://www.cigna.com/health-care-providers/default/sitemap.xml > https://www.cigna.com/individuals-families/member-guide/prescription-drug-lists > https://www.cigna.com/static/www-cigna-com/docs/ifp/prev-gen-and-pb-for-legacy.pdf,pdf,,,2026-09-14,200,63b4d495327713da65a533d480069338c2869eee612f1e724f02d7124a839626,106841,N,static,sitemap|css_selector|url_pattern,0.95,2026-10-06T17:50:33Z,
Cigna,,Unknown,Unknown,936810 s All Prev Stand/Perf  09/26 © 2026 Cigna Healthcare. Preventive Medications,drug_list,https://www.cigna.com/static/www-cigna-com/docs/ifp/all-prev-std-perf.pdf,https://www.cigna.com/individuals-families/member-guide/prescription-drug-lists,https://www.cigna.com/sitemap.xml > https://www.cigna.com/health-care-providers/default/sitemap.xml > https://www.cigna.com/individuals-families/member-guide/prescription-drug-lists > https://www.cigna.com/static/www-cigna-com/docs/ifp/all-prev-std-perf.pdf,pdf,,,2026-09-14,200,cb8246a1f8513640ebf76f0296a0ab314a1f3e8b542337b2cf18a848496e4460,106673,N,static,sitemap|css_selector|url_pattern,0.95,2026-10-06T17:50:33Z,
Cigna,,Unknown,Unknown,936811 s All Prev Legacy  09/26 © 2026 Cigna Healthcare. Preventive Medications,drug_list,https://www.cigna.com/static/www-cigna-com/docs/ifp/all-prev-legacy.pdf,https://www.cigna.com/individuals-families/member-guide/prescription-drug-lists,https://www.cigna.com/sitemap.xml > https://www.cigna.com/health-care-providers/default/sitemap.xml > https://www.cigna.com/individuals-families/member-guide/prescription-drug-lists > https://www.cigna.com/static/www-cigna-com/docs/ifp/all-prev-legacy.pdf,pdf,,,2026-09-14,200,edee2ef7b2de0d22c7c8e0f9977c378989b4d9b1540d3154eeb3d1ae783b4778,117632,N,static,sitemap|css_selector|url_pattern,0.95,2026-10-06T17:50:33Z,
Cigna,,Unknown,Unknown,936808 s All Prev Value/Adv  09/26 © 2026 Cigna Healthcare. Preventive Medications,drug_list,https://www.cigna.com/static/www-cigna-com/docs/ifp/all-prev-value-adv.pdf,https://www.cigna.com/individuals-families/member-guide/prescription-drug-lists,https://www.cigna.com/sitemap.xml > https://www.cigna.com/health-care-providers/default/sitemap.xml > https://www.cigna.com/individuals-families/member-guide/prescription-drug-lists > https://www.cigna.com/static/www-cigna-com/docs/ifp/all-prev-value-adv.pdf,pdf,,,2026-09-14,200,595c206789e4d43254843dc21875391215ef40a02e951c31afb5cf9fe0b45a09,106088,N,static,sitemap|css_selector|url_pattern,0.95,2026-10-06T17:50:34Z,
Cigna,,Unknown,Unknown,948526 p  All Prev NPF Standard  05/26 © 2026 Cigna Healthcare. Preventive Medications,drug_list,https://www.cigna.com/static/www-cigna-com/docs/ifp/all-prev-standard-for-cnpf.pdf,https://www.cigna.com/individuals-families/member-guide/prescription-drug-lists,https://www.cigna.com/sitemap.xml > https://www.cigna.com/health-care-providers/default/sitemap.xml > https://www.cigna.com/individuals-families/member-guide/prescription-drug-lists > https://www.cigna.com/static/www-cigna-com/docs/ifp/all-prev-standard-for-cnpf.pdf,pdf,,,2026-05-15,200,9b36791305d5c49a02d3c586e1a1243b60c8cb10de30c4b209eb949a22c8d559,135041,N,static,sitemap|css_selector|url_pattern,0.95,2026-10-06T17:50:34Z,
Cigna,,Unknown,Unknown,948527 p  All Prev NPF Standard Plus  05/26 © 2026 Cigna Healthcare. Preventive Medications,drug_list,https://www.cigna.com/static/www-cigna-com/docs/ifp/all-prev-standardplus-for-cnpf.pdf,https://www.cigna.com/individuals-families/member-guide/prescription-drug-lists,https://www.cigna.com/sitemap.xml > https://www.cigna.com/health-care-providers/default/sitemap.xml > https://www.cigna.com/individuals-families/member-guide/prescription-drug-lists > https://www.cigna.com/static/www-cigna-com/docs/ifp/all-prev-standardplus-for-cnpf.pdf,pdf,,,2026-05-15,200,cd12af76238ae5e87467d02d887103602efdc9867c8a48bac965eb53b6ec9b03,147925,N,static,sitemap|css_selector|url_pattern,0.95,2026-10-06T17:50:34Z,
Cigna,,Unknown,Unknown,958193 m  Generics&PBs NPF Standard  05/26 © 2026 Cigna Healthcare. Preventive medications can help keep you from getting certain long-term health,drug_list,https://www.cigna.com/static/www-cigna-com/docs/ifp/prev-gen-and-pb-standard-for-cnpf.pdf,https://www.cigna.com/individuals-families/member-guide/prescription-drug-lists,https://www.cigna.com/sitemap.xml > https://www.cigna.com/health-care-providers/default/sitemap.xml > https://www.cigna.com/individuals-families/member-guide/prescription-drug-lists > https://www.cigna.com/static/www-cigna-com/docs/ifp/prev-gen-and-pb-standard-for-cnpf.pdf,pdf,,,2026-05-15,200,c101661c281817a36db3ef28010573a9ab32ea94eef62687bd82ac4d3e67c7d8,121460,N,static,sitemap|css_selector|url_pattern,0.95,2026-10-06T17:50:34Z,
Cigna,,Unknown,Unknown,w 958194 m  Generics&PBs NPF Standard Plus  05/26 © 2026 Cigna Healthcare.,drug_list,https://www.cigna.com/static/www-cigna-com/docs/ifp/prev-gen-and-pb-standardplus-for-cnpf.pdf,https://www.cigna.com/individuals-families/member-guide/prescription-drug-lists,https://www.cigna.com/sitemap.xml > https://www.cigna.com/health-care-providers/default/sitemap.xml > https://www.cigna.com/individuals-families/member-guide/prescription-drug-lists > https://www.cigna.com/static/www-cigna-com/docs/ifp/prev-gen-and-pb-standardplus-for-cnpf.pdf,pdf,,,2026-05-15,200,feeef871cf2ba6e0aa1e771b95280eec39b98a65af29f0ac4c0d2f8312b3b57c,134429,N,static,sitemap|css_selector|url_pattern,0.95,2026-10-06T17:50:34Z,
Cigna,,Alabama,Unknown,960872 m DiabetesSupplies S/V/P/A  09/26 © 2026 Cigna Healthcare. Preventive Diabetes,drug_list,https://www.cigna.com/static/www-cigna-com/docs/ifp/diabetic-supplies-std-val-per-adv.pdf,https://www.cigna.com/individuals-families/member-guide/prescription-drug-lists,https://www.cigna.com/sitemap.xml > https://www.cigna.com/health-care-providers/default/sitemap.xml > https://www.cigna.com/individuals-families/member-guide/prescription-drug-lists > https://www.cigna.com/static/www-cigna-com/docs/ifp/diabetic-supplies-std-val-per-adv.pdf,pdf,,,2026-09-14,200,b05b3b72fd1874609494ec30e216427959a5e7eea4e63fed32a45de70816926a,71758,N,static,sitemap|css_selector|url_pattern,0.95,2026-10-06T17:50:34Z,
Cigna,,Alabama,Unknown,960871 m OptionalCategories  09/26 © 2026 Cigna Healthcare. What to know about this list.,drug_list,https://www.cigna.com/static/www-cigna-com/docs/ifp/prev-plus-optional-categories.pdf,https://www.cigna.com/individuals-families/member-guide/prescription-drug-lists,https://www.cigna.com/sitemap.xml > https://www.cigna.com/health-care-providers/default/sitemap.xml > https://www.cigna.com/individuals-families/member-guide/prescription-drug-lists > https://www.cigna.com/static/www-cigna-com/docs/ifp/prev-plus-optional-categories.pdf,pdf,,,2026-09-14,200,4e96b4f9477a8313da2957527db354d4d5917ee181ab6a815bf8d0ebecaa8b39,79338,N,static,sitemap|css_selector|url_pattern,0.95,2026-10-06T17:50:34Z,
Cigna,,Unknown,Unknown,Offered by: Cigna Health and Life Insurance Company or its affiliates. 989900 All Prev-Small Group  09/25 © 2025 Cigna Healthcare.,drug_list,https://www.cigna.com/static/www-cigna-com/docs/small-group/csg-26-rx-all-ga-tn-preventive-drug-list.pdf,https://www.cigna.com/individuals-families/member-guide/prescription-drug-lists,https://www.cigna.com/sitemap.xml > https://www.cigna.com/health-care-providers/default/sitemap.xml > https://www.cigna.com/individuals-families/member-guide/prescription-drug-lists > https://www.cigna.com/static/www-cigna-com/docs/small-group/csg-26-rx-all-ga-tn-preventive-drug-list.pdf,pdf,,,2025-10-22,200,5f854f306711387c6282fa7a68cb7bcd0060ab90eda597632943e4f35d98b654,858441,N,static,sitemap|css_selector|url_pattern,0.95,2026-10-06T17:50:34Z,
Cigna,,Unknown,Unknown,Offered by: Cigna Health and Life Insurance Company or its affiliates. 989901 SmallGroup PPACA  09/25 © 2025 Cigna Healthcare.,other,https://www.cigna.com/static/www-cigna-com/docs/small-group/csg-26-rx-all-ppaca-no-cost-share-preventive.pdf,https://www.cigna.com/individuals-families/member-guide/prescription-drug-lists,https://www.cigna.com/sitemap.xml > https://www.cigna.com/health-care-providers/default/sitemap.xml > https://www.cigna.com/individuals-families/member-guide/prescription-drug-lists > https://www.cigna.com/static/www-cigna-com/docs/small-group/csg-26-rx-all-ppaca-no-cost-share-preventive.pdf,pdf,,,2025-10-17,200,8502245c60d83f2ba5c0c08b69a0b5e9d28f3e1e1bb6b9251b729b7f5e3bc8f3,889793,N,static,sitemap|css_selector|url_pattern,0.85,2026-10-06T17:50:34Z,
Cigna,,Alabama,Unknown,960873 m DiabetesSupplies Legacy  09/26 © 2026 Cigna Healthcare. Preventive Diabetes,drug_list,https://www.cigna.com/static/www-cigna-com/docs/ifp/diabetic-supplies-legacy.pdf,https://www.cigna.com/individuals-families/member-guide/prescription-drug-lists,https://www.cigna.com/sitemap.xml > https://www.cigna.com/health-care-providers/default/sitemap.xml > https://www.cigna.com/individuals-families/member-guide/prescription-drug-lists > https://www.cigna.com/static/www-cigna-com/docs/ifp/diabetic-supplies-legacy.pdf,pdf,,,2026-09-14,200,6971cad95397341e39eba2417cba3434e51947de7e0a6d5fb7db5f34259da4f9,73743,N,static,sitemap|css_selector|url_pattern,0.95,2026-10-06T17:50:34Z,
Cigna,,Unknown,Unknown,"986172 d  09/26 © 2026 Cigna Healthcare. Pay the same amount,",drug_list,https://www.cigna.com/static/www-cigna-com/docs/copay-assurance-plan-drug-list.pdf,https://www.cigna.com/individuals-families/member-guide/prescription-drug-lists,https://www.cigna.com/sitemap.xml > https://www.cigna.com/health-care-providers/default/sitemap.xml > https://www.cigna.com/individuals-families/member-guide/prescription-drug-lists > https://www.cigna.com/static/www-cigna-com/docs/copay-assurance-plan-drug-list.pdf,pdf,,,2026-09-29,200,6971708a9a750082884d6d690fc5fee6ad82a4aeaf02b51e49c2dcf17b55ab15,255320,N,static,sitemap|css_selector|url_pattern,0.95,2026-10-06T17:50:35Z,
Cigna,,Georgia,Unknown,"Offered by: Cigna Health and Life Insurance Company, Cigna HealthCare of Georgia, Inc., and their affiliates. 989898  09/25  © 2025 Cigna Healthcare.",pa_list,https://www.cigna.com/static/www-cigna-com/docs/small-group/csg-26-rx-ga-cigna-5-tier-pdl.pdf,https://www.cigna.com/individuals-families/member-guide/prescription-drug-lists,https://www.cigna.com/sitemap.xml > https://www.cigna.com/health-care-providers/default/sitemap.xml > https://www.cigna.com/individuals-families/member-guide/prescription-drug-lists > https://www.cigna.com/static/www-cigna-com/docs/small-group/csg-26-rx-ga-cigna-5-tier-pdl.pdf,pdf,,,2025-10-17,200,ce02c8041904102a9be63fb9237055e21e4e7cbdeef25227626ece57570e56e7,3794778,N,static,sitemap|css_selector|url_pattern,0.95,2026-10-06T17:50:38Z,
Cigna,,Arizona,Unknown,"Offered by: Cigna Health and Life Insurance Company, Cigna HealthCare of Arizona, Inc., and their affiliates. 989897  09/25  © 2025 Cigna Healthcare.",pa_list,https://www.cigna.com/static/www-cigna-com/docs/small-group/csg-26-rx-az-cigna-5-tier-pdl.pdf,https://www.cigna.com/individuals-families/member-guide/prescription-drug-lists,https://www.cigna.com/sitemap.xml > https://www.cigna.com/health-care-providers/default/sitemap.xml > https://www.cigna.com/individuals-families/member-guide/prescription-drug-lists > https://www.cigna.com/static/www-cigna-com/docs/small-group/csg-26-rx-az-cigna-5-tier-pdl.pdf,pdf,,,2025-10-17,200,1433ac62462f757509029c2170e45b6d6d212a792168be1f46eee1c56931447c,3798530,N,static,sitemap|css_selector|url_pattern,0.95,2026-10-06T17:50:38Z,
Cigna,,Pennsylvania,Unknown,Offered by: Cigna Health and Life Insurance Company. 989899  08/25  © 2025 Cigna Healthcare.,pa_list,https://www.cigna.com/static/www-cigna-com/docs/small-group/csg-26-rx-tn-cigna-5-tier-pdl.pdf,https://www.cigna.com/individuals-families/member-guide/prescription-drug-lists,https://www.cigna.com/sitemap.xml > https://www.cigna.com/health-care-providers/default/sitemap.xml > https://www.cigna.com/individuals-families/member-guide/prescription-drug-lists > https://www.cigna.com/static/www-cigna-com/docs/small-group/csg-26-rx-tn-cigna-5-tier-pdl.pdf,pdf,,,2025-10-17,200,20481c3684b0f261942d78af5ccd403b70bbbcb02d917d399c869029b66029d1,3367252,N,static,sitemap|css_selector|url_pattern,0.95,2026-10-06T17:50:38Z,
Cigna,,California,Commercial,938066 p CA Standard 3-Tier  07/26 © 2026 Cigna Healthcare. Cigna Healthcare,pa_list,https://www.cigna.com/static/www-cigna-com/docs/ifp/ca-standard-3-tier-dhmc.pdf,https://www.cigna.com/individuals-families/member-guide/prescription-drug-lists,https://www.cigna.com/sitemap.xml > https://www.cigna.com/health-care-providers/default/sitemap.xml > https://www.cigna.com/individuals-families/member-guide/prescription-drug-lists > https://www.cigna.com/static/www-cigna-com/docs/ifp/ca-standard-3-tier-dhmc.pdf,pdf,,,2026-06-30,200,db477653c69a7c7db49e2933192da76eda85897d112fbd177a58177b6f37448c,5233657,N,static,sitemap|css_selector|url_pattern,0.95,2026-10-06T17:50:43Z,
Cigna,,California,Commercial,938068 p CA Standard 4-Tier Specialty  06/26 © 2026 Cigna Healthcare. Cigna Healthcare,pa_list,https://www.cigna.com/static/www-cigna-com/docs/ifp/ca-standard-4-tier-spec-dhmc.pdf,https://www.cigna.com/individuals-families/member-guide/prescription-drug-lists,https://www.cigna.com/sitemap.xml > https://www.cigna.com/health-care-providers/default/sitemap.xml > https://www.cigna.com/individuals-families/member-guide/prescription-drug-lists > https://www.cigna.com/static/www-cigna-com/docs/ifp/ca-standard-4-tier-spec-dhmc.pdf,pdf,,,2026-06-30,200,2f73d5bd43cfc34ff38b85aa33257e7229140f0fff6b5c78904a4cdd7f6d83e3,5242325,N,static,sitemap|css_selector|url_pattern,0.95,2026-10-06T17:50:44Z,
Cigna,,California,Commercial,927829 p CA Standard 3-Tier  07/26  © 2026 Cigna Healthcare. Cigna Healthcare Standard,pa_list,https://www.cigna.com/static/www-cigna-com/docs/ifp/ca-standard-3-tier-cdi.pdf,https://www.cigna.com/individuals-families/member-guide/prescription-drug-lists,https://www.cigna.com/sitemap.xml > https://www.cigna.com/health-care-providers/default/sitemap.xml > https://www.cigna.com/individuals-families/member-guide/prescription-drug-lists > https://www.cigna.com/static/www-cigna-com/docs/ifp/ca-standard-3-tier-cdi.pdf,pdf,,,2026-06-30,200,f98819500659d7a56aee29fcd173548a309fbe7ac11fe55618eb5da574016a1e,5433236,N,static,sitemap|css_selector|url_pattern,0.95,2026-10-06T17:50:45Z,
Cigna,,California,Commercial,927831 p CA Standard 4-Tier Specialty   06/26 © 2026 Cigna Healthcare. Cigna Healthcare,pa_list,https://www.cigna.com/static/www-cigna-com/docs/ifp/ca-standard-4-tier-spec-cdi.pdf,https://www.cigna.com/individuals-families/member-guide/prescription-drug-lists,https://www.cigna.com/sitemap.xml > https://www.cigna.com/health-care-providers/default/sitemap.xml > https://www.cigna.com/individuals-families/member-guide/prescription-drug-lists > https://www.cigna.com/static/www-cigna-com/docs/ifp/ca-standard-4-tier-spec-cdi.pdf,pdf,,,2026-06-30,200,032f9053ec7efa10ef0467d0c49cd1f064444def77b9e56b133acfd704e08e85,5249233,N,static,sitemap|css_selector|url_pattern,0.95,2026-10-06T17:50:45Z,
Cigna,,California,Commercial,927832 p CA Value 3-Tier  06/26 © 2026 Cigna Healthcare. Cigna Healthcare Value,pa_list,https://www.cigna.com/static/www-cigna-com/docs/ifp/ca-value-3-tier-cdi.pdf,https://www.cigna.com/individuals-families/member-guide/prescription-drug-lists,https://www.cigna.com/sitemap.xml > https://www.cigna.com/health-care-providers/default/sitemap.xml > https://www.cigna.com/individuals-families/member-guide/prescription-drug-lists > https://www.cigna.com/static/www-cigna-com/docs/ifp/ca-value-3-tier-cdi.pdf,pdf,,,2026-06-30,200,6f2db326a307561936a36afb93a04e30cf43ff53c3b77c4c86595ca8a295da75,5956024,N,static,sitemap|css_selector|url_pattern,0.95,2026-10-06T17:50:46Z,
Cigna,,California,Commercial,927834 p CA Value 4-Tier Specialty  06/26 © 2026 Cigna Healthcare. Cigna Healthcare Value,pa_list,https://www.cigna.com/static/www-cigna-com/docs/ifp/ca-value-4-tier-spec-cdi.pdf,https://www.cigna.com/individuals-families/member-guide/prescription-drug-lists,https://www.cigna.com/sitemap.xml > https://www.cigna.com/health-care-providers/default/sitemap.xml > https://www.cigna.com/individuals-families/member-guide/prescription-drug-lists > https://www.cigna.com/static/www-cigna-com/docs/ifp/ca-value-4-tier-spec-cdi.pdf,pdf,,,2026-06-30,200,bcaaa27b42ed96f43186d7d9ae871ee8b09fdd29e23dc6dd9f22611a9100d949,5743140,N,static,sitemap|css_selector|url_pattern,0.95,2026-10-06T17:50:47Z,
Cigna,,California,Commercial,938069 p CA Value 3-Tier  06/26 © 2026 Cigna Healthcare. Cigna Healthcare,pa_list,https://www.cigna.com/static/www-cigna-com/docs/ifp/ca-value-3-tier-dhmc.pdf,https://www.cigna.com/individuals-families/member-guide/prescription-drug-lists,https://www.cigna.com/sitemap.xml > https://www.cigna.com/health-care-providers/default/sitemap.xml > https://www.cigna.com/individuals-families/member-guide/prescription-drug-lists > https://www.cigna.com/static/www-cigna-com/docs/ifp/ca-value-3-tier-dhmc.pdf,pdf,,,2026-06-30,200,8d993a134f98e8d098d3b6cf801f249b16b596dafaf53b0e4230ca26e52e19b2,5706742,N,static,sitemap|css_selector|url_pattern,0.95,2026-10-06T17:50:47Z,
Cigna,,California,Commercial,938071 p CA Value 4-Tier Specialty  06/26 © 2026 Cigna Healthcare. Cigna Healthcare,pa_list,https://www.cigna.com/static/www-cigna-com/docs/ifp/ca-value-4-tier-spec-dhmc.pdf,https://www.cigna.com/individuals-families/member-guide/prescription-drug-lists,https://www.cigna.com/sitemap.xml > https://www.cigna.com/health-care-providers/default/sitemap.xml > https://www.cigna.com/individuals-families/member-guide/prescription-drug-lists > https://www.cigna.com/static/www-cigna-com/docs/ifp/ca-value-4-tier-spec-dhmc.pdf,pdf,,,2026-06-30,200,d425f8d2ddae587496b0ff9bdad34732be5d39c54df92afc4af090ec95f476fb,5748435,N,static,sitemap|css_selector|url_pattern,0.95,2026-10-06T17:50:48Z,
Cigna,,California,Commercial,927838 p CA Performance 3-Tier  06/26 © 2026 Cigna Healthcare. Cigna Healthcare,pa_list,https://www.cigna.com/static/www-cigna-com/docs/ifp/ca-performance-3-tier-cdi.pdf,https://www.cigna.com/individuals-families/member-guide/prescription-drug-lists,https://www.cigna.com/sitemap.xml > https://www.cigna.com/health-care-providers/default/sitemap.xml > https://www.cigna.com/individuals-families/member-guide/prescription-drug-lists > https://www.cigna.com/static/www-cigna-com/docs/ifp/ca-performance-3-tier-cdi.pdf,pdf,,,2026-06-30,200,1432c9b6b138cfc986c974520ef334c4bece96a0155fdb502ce6b09bc34ca52f,7185056,N,static,sitemap|css_selector|url_pattern,0.95,2026-10-06T17:50:52Z,
Cigna,,California,Commercial,927839 p CA Performance 4-Tier   06/26 © 2026 Cigna Healthcare. Cigna Healthcare,pa_list,https://www.cigna.com/static/www-cigna-com/docs/ifp/ca-performance-4-tier-spec-cdi.pdf,https://www.cigna.com/individuals-families/member-guide/prescription-drug-lists,https://www.cigna.com/sitemap.xml > https://www.cigna.com/health-care-providers/default/sitemap.xml > https://www.cigna.com/individuals-families/member-guide/prescription-drug-lists > https://www.cigna.com/static/www-cigna-com/docs/ifp/ca-performance-4-tier-spec-cdi.pdf,pdf,,,2026-06-30,200,9717b923c9ce97b02402e187fe9295e2c3373efac46f5a34a250b1a5551743f9,7002888,N,static,sitemap|css_selector|url_pattern,0.95,2026-10-06T17:50:53Z,
Cigna,,California,Commercial,927840 p CA Advantage 3-Tier  06/26 © 2026 Cigna Healthcare. Cigna Healthcare,pa_list,https://www.cigna.com/static/www-cigna-com/docs/ifp/ca-advantage-3-tier-cdi.pdf,https://www.cigna.com/individuals-families/member-guide/prescription-drug-lists,https://www.cigna.com/sitemap.xml > https://www.cigna.com/health-care-providers/default/sitemap.xml > https://www.cigna.com/individuals-families/member-guide/prescription-drug-lists > https://www.cigna.com/static/www-cigna-com/docs/ifp/ca-advantage-3-tier-cdi.pdf,pdf,,,2026-06-30,200,9b64e69a829c912f984008cc560bfedae61708b105f747cad6ee524a4278417a,6666731,N,static,sitemap|css_selector|url_pattern,0.95,2026-10-06T17:50:55Z,
Cigna,,California,Commercial,927841 p CA Advantage 4-Tier  06/26 © 2026 Cigna Healthcare. Cigna Healthcare,pa_list,https://www.cigna.com/static/www-cigna-com/docs/ifp/ca-advantage-4-tier-spec-cdi.pdf,https://www.cigna.com/individuals-families/member-guide/prescription-drug-lists,https://www.cigna.com/sitemap.xml > https://www.cigna.com/health-care-providers/default/sitemap.xml > https://www.cigna.com/individuals-families/member-guide/prescription-drug-lists > https://www.cigna.com/static/www-cigna-com/docs/ifp/ca-advantage-4-tier-spec-cdi.pdf,pdf,,,2026-06-30,200,900d6cff44308fe0d0169a72ee91163540b7b2fd1a9347fba8ee6a720bf16d1a,6503017,N,static,sitemap|css_selector|url_pattern,0.95,2026-10-06T17:50:56Z,
Cigna,,California,Commercial,927837 p CA Legacy (Standard) 4-Tier Specialty   06/26 © 2026 Cigna Healthcare. Cigna Healthcare,pa_list,https://www.cigna.com/static/www-cigna-com/docs/ifp/ca-legacy-stnd-4-tier-spec-cdi.pdf,https://www.cigna.com/individuals-families/member-guide/prescription-drug-lists,https://www.cigna.com/sitemap.xml > https://www.cigna.com/health-care-providers/default/sitemap.xml > https://www.cigna.com/individuals-families/member-guide/prescription-drug-lists > https://www.cigna.com/static/www-cigna-com/docs/ifp/ca-legacy-stnd-4-tier-spec-cdi.pdf,pdf,,,2026-06-30,200,93f50957f3a1b9917d446542560b15646e8b4d5322820f3e80e546ce447b8119,7129404,N,static,sitemap|css_selector|url_pattern,0.95,2026-10-06T17:50:59Z,
Cigna,,California,Commercial,927835 p CA Legacy (Standard) 3-Tier  06/26 © 2026 Cigna Healthcare. Cigna Healthcare,pa_list,https://www.cigna.com/static/www-cigna-com/docs/ifp/ca-legacy-stnd-3-tier-cdi.pdf,https://www.cigna.com/individuals-families/member-guide/prescription-drug-lists,https://www.cigna.com/sitemap.xml > https://www.cigna.com/health-care-providers/default/sitemap.xml > https://www.cigna.com/individuals-families/member-guide/prescription-drug-lists > https://www.cigna.com/static/www-cigna-com/docs/ifp/ca-legacy-stnd-3-tier-cdi.pdf,pdf,,,2026-06-30,200,90de293478882e5c20eac5a03bb7c025d4b85020e1434574c1f536a17cc076c2,7374034,N,static,sitemap|css_selector|url_pattern,0.95,2026-10-06T17:51:01Z,
Cigna,,California,Commercial,938074 p CA Legacy (Standard) 4-Tier Specialty  06/26 © 2026 Cigna Healthcare. Cigna Healthcare,pa_list,https://www.cigna.com/static/www-cigna-com/docs/ifp/ca-legacy-stnd-4-tier-spec-dhmc.pdf,https://www.cigna.com/individuals-families/member-guide/prescription-drug-lists,https://www.cigna.com/sitemap.xml > https://www.cigna.com/health-care-providers/default/sitemap.xml > https://www.cigna.com/individuals-families/member-guide/prescription-drug-lists > https://www.cigna.com/static/www-cigna-com/docs/ifp/ca-legacy-stnd-4-tier-spec-dhmc.pdf,pdf,,,2026-06-30,200,330cadf20663aea5c195017406ffd17684ead4bfae6a989e404a2283f1349530,7172319,N,static,sitemap|css_selector|url_pattern,0.95,2026-10-06T17:51:02Z,
Cigna,,California,Commercial,938072 p CA Legacy (Standard) 3-Tier  06/26 © 2026 Cigna Healthcare. Cigna Healthcare,pa_list,https://www.cigna.com/static/www-cigna-com/docs/ifp/ca-legacy-stnd-3-tier-dhmc.pdf,https://www.cigna.com/individuals-families/member-guide/prescription-drug-lists,https://www.cigna.com/sitemap.xml > https://www.cigna.com/health-care-providers/default/sitemap.xml > https://www.cigna.com/individuals-families/member-guide/prescription-drug-lists > https://www.cigna.com/static/www-cigna-com/docs/ifp/ca-legacy-stnd-3-tier-dhmc.pdf,pdf,,,2026-06-30,200,fd831aabe20491f9ce4693842ffe8f11f737f53c8d7e0c75089ced3c24c53d53,7095210,N,static,sitemap|css_selector|url_pattern,0.95,2026-10-06T17:51:03Z,
Cigna,,California,Commercial,951749 m CA Total Savings 3-Tier  06/26 © 2026 Cigna Healthcare. Cigna Healthcare,pa_list,https://www.cigna.com/static/www-cigna-com/docs/ifp/ca-total-savings-3-tier-cdi.pdf,https://www.cigna.com/individuals-families/member-guide/prescription-drug-lists,https://www.cigna.com/sitemap.xml > https://www.cigna.com/health-care-providers/default/sitemap.xml > https://www.cigna.com/individuals-families/member-guide/prescription-drug-lists > https://www.cigna.com/static/www-cigna-com/docs/ifp/ca-total-savings-3-tier-cdi.pdf,pdf,,,2026-06-30,200,c1ee60421d78b2d52fc8311131709b229603d647a8aef9cdafb4161f822f8845,5164549,N,static,sitemap|css_selector|url_pattern,0.95,2026-10-06T17:51:04Z,
Cigna,,California,Commercial,927843 p CA Legacy (Performance) 4-Tier  06/26 © 2026 Cigna Healthcare. Cigna Healthcare Legacy,pa_list,https://www.cigna.com/static/www-cigna-com/docs/ifp/ca-legacy-perf-4-tier-cdi.pdf,https://www.cigna.com/individuals-families/member-guide/prescription-drug-lists,https://www.cigna.com/sitemap.xml > https://www.cigna.com/health-care-providers/default/sitemap.xml > https://www.cigna.com/individuals-families/member-guide/prescription-drug-lists > https://www.cigna.com/static/www-cigna-com/docs/ifp/ca-legacy-perf-4-tier-cdi.pdf,pdf,,,2026-07-06,200,dacbfce5ecca2eb9dcb11fd80a20e874211203e4acad16e7eea1dca8b990a83e,8217594,N,static,sitemap|css_selector|url_pattern,0.95,2026-10-06T17:51:05Z,
Cigna,,California,Commercial,927842 p CA Legacy (Performance) 3-Tier  06/26 © 2026 Cigna Healthcare. Cigna Healthcare Legacy,pa_list,https://www.cigna.com/static/www-cigna-com/docs/ifp/ca-legacy-perf-3-tier-cdi.pdf,https://www.cigna.com/individuals-families/member-guide/prescription-drug-lists,https://www.cigna.com/sitemap.xml > https://www.cigna.com/health-care-providers/default/sitemap.xml > https://www.cigna.com/individuals-families/member-guide/prescription-drug-lists > https://www.cigna.com/static/www-cigna-com/docs/ifp/ca-legacy-perf-3-tier-cdi.pdf,pdf,,,2026-07-06,200,fc8f2495cfc93bac05f74e3f0272fa32f5d077a2b19e068fa8d7cfdc09d8f6bf,8216365,N,static,sitemap|css_selector|url_pattern,0.95,2026-10-06T17:51:06Z,
Cigna,,California,Commercial,951800 m CA NPF 3-Tier  06/26 © 2026 Cigna Healthcare. Cigna Healthcare,pa_list,https://www.cigna.com/static/www-cigna-com/docs/ifp/ca-cigna-national-pref-3-tier-cdi.pdf,https://www.cigna.com/individuals-families/member-guide/prescription-drug-lists,https://www.cigna.com/sitemap.xml > https://www.cigna.com/health-care-providers/default/sitemap.xml > https://www.cigna.com/individuals-families/member-guide/prescription-drug-lists > https://www.cigna.com/static/www-cigna-com/docs/ifp/ca-cigna-national-pref-3-tier-cdi.pdf,pdf,,,2026-07-24,200,0c471bad96f6dca43877bed3f0dabb9ee72c98be0898811ef2ae9c5f3f958dbd,7054425,N,static,sitemap|css_selector|url_pattern,0.95,2026-10-06T17:51:07Z,
Cigna,,California,Commercial,951801 m CA NPF 3-Tier  06/26  © 2026  Cigna Healthcare. Cigna Healthcare,pa_list,https://www.cigna.com/static/www-cigna-com/docs/ifp/ca-cigna-national-pref-3-tier-dhmc.pdf,https://www.cigna.com/individuals-families/member-guide/prescription-drug-lists,https://www.cigna.com/sitemap.xml > https://www.cigna.com/health-care-providers/default/sitemap.xml > https://www.cigna.com/individuals-families/member-guide/prescription-drug-lists > https://www.cigna.com/static/www-cigna-com/docs/ifp/ca-cigna-national-pref-3-tier-dhmc.pdf,pdf,,,2026-07-24,200,d86d0f2981f1babae75d59070d077c21a4973ae10f2f897bc2e42697095ad61b,6849009,N,static,sitemap|css_selector|url_pattern,0.95,2026-10-06T17:51:08Z,
Cigna,,California,Commercial,975745 f CA NPF 4-Tier Split Generics  06/26 © 2026 Cigna Healthcare. Cigna Healthcare,pa_list,https://www.cigna.com/static/www-cigna-com/docs/ca-cnpf-4-tier-splitgenerics-doi.pdf,https://www.cigna.com/individuals-families/member-guide/prescription-drug-lists,https://www.cigna.com/sitemap.xml > https://www.cigna.com/health-care-providers/default/sitemap.xml > https://www.cigna.com/individuals-families/member-guide/prescription-drug-lists > https://www.cigna.com/static/www-cigna-com/docs/ca-cnpf-4-tier-splitgenerics-doi.pdf,pdf,,,2026-07-24,200,1eab9cf1b873a9e92cf690f10305b90aacc4c6a63ad6ed8863553b88179d90f0,7057187,N,static,sitemap|css_selector|url_pattern,0.95,2026-10-06T17:51:09Z,
Cigna,,Arizona,Unknown,What is Step Therapy? Step Therapy is a prior authorization program. This,pa_list,https://www.cigna.com/static/www-cigna-com/docs/956460-step-therapy-faq-flyer.pdf,https://www.cigna.com/individuals-families/member-guide/prescription-drug-lists,https://www.cigna.com/sitemap.xml > https://www.cigna.com/health-care-providers/default/sitemap.xml > https://www.cigna.com/individuals-families/member-guide/prescription-drug-lists > https://www.cigna.com/static/www-cigna-com/docs/956460-step-therapy-faq-flyer.pdf,pdf,,,2022-06-07,200,3dd50e7d20db41e3f528bc726d08d0cea6159a1becdb8a96787686c19a31b900,46489,N,static,sitemap|css_selector|url_pattern,0.95,2026-10-06T17:51:10Z,
Cigna,,Unknown,Unknown,PRESCRIPTION DRUG LIST TIERING,drug_list,https://legacy.cigna.com/static/www-cigna-com/docs/individuals-families/tier-plan-flyer.pdf,https://www.cigna.com/individuals-families/member-guide/prescription-drug-lists,https://www.cigna.com/sitemap.xml > https://www.cigna.com/health-care-providers/default/sitemap.xml > https://www.cigna.com/individuals-families/member-guide/prescription-drug-lists > https://www.cigna.com/static/www-cigna-com/docs/individuals-families/tier-plan-flyer.pdf > https://legacy.cigna.com/static/www-cigna-com/docs/individuals-families/tier-plan-flyer.pdf,pdf,,,2023-09-11,200,ee8627ea6ebe7f4fa5cad99ce96771dcb21f65dc27d2d2a2b1c1b9934dceff0d,31655,N,static,sitemap|css_selector|url_pattern,0.95,2026-10-06T17:51:10Z,
Cigna,,California,Commercial,975750 f CA NPF 4-Tier Split Generics  06/26 © 2026 Cigna Healthcare. Cigna Healthcare,pa_list,https://www.cigna.com/static/www-cigna-com/docs/ca-cnpf-4-tier-splitgenerics-hmo.pdf,https://www.cigna.com/individuals-families/member-guide/prescription-drug-lists,https://www.cigna.com/sitemap.xml > https://www.cigna.com/health-care-providers/default/sitemap.xml > https://www.cigna.com/individuals-families/member-guide/prescription-drug-lists > https://www.cigna.com/static/www-cigna-com/docs/ca-cnpf-4-tier-splitgenerics-hmo.pdf,pdf,,,2026-07-24,200,b5ceb2d247ccda71f97aa6b8f54d0a5b5b9f37f89fd5dfbf0660cba7a0840e68,7047827,N,static,sitemap|css_selector|url_pattern,0.95,2026-10-06T17:51:11Z,
Cigna,,Alabama,Unknown,Control de la diabetes,other,https://www.cigna.com/static/www-cigna-com/es-us/docs/ifp/m-26-fly-all-988099-ifp-diabetes-care-solutions-broker-customer-flyer.pdf,https://www.cigna.com/es-us/individuals-families/member-guide/prescription-drug-lists,https://www.cigna.com/sitemap.xml > https://www.cigna.com/health-care-providers/default/sitemap.xml > https://www.cigna.com/es-us/individuals-families/member-guide/prescription-drug-lists > https://www.cigna.com/static/www-cigna-com/es-us/docs/ifp/m-26-fly-all-988099-ifp-diabetes-care-solutions-broker-customer-flyer.pdf,pdf,,,2025-10-24,200,12664418cfdcfe1be290747d697c0f93c0de668f02a1d2a3020e665008d0279e,55886,N,static,sitemap|css_selector|url_pattern,0.85,2026-10-06T17:51:11Z,
Cigna,,Arizona,Unknown,"All Cigna products and services are provided exclusively by or through operating subsidiaries of Cigna Corporation, including Cigna Health and Life Insurance Company, Connecticut General Life Insurance Company, Tel-Drug, Inc., Tel-Drug of",pa_list,https://legacy.cigna.com/static/www-cigna-com/docs/pharmacy/non-ifp-pharmacy-exception-approval-process.pdf,https://www.cigna.com/individuals-families/member-guide/prescription-drug-lists,https://www.cigna.com/sitemap.xml > https://www.cigna.com/health-care-providers/default/sitemap.xml > https://www.cigna.com/individuals-families/member-guide/prescription-drug-lists > https://www.cigna.com/static/www-cigna-com/docs/pharmacy/non-ifp-pharmacy-exception-approval-process.pdf > https://legacy.cigna.com/static/www-cigna-com/docs/pharmacy/non-ifp-pharmacy-exception-approval-process.pdf,pdf,,,2023-09-08,200,260d819eeb2f284d375b3280dd7f4e41d1519dc8695b273759fb9feae3002c61,32594,N,static,sitemap|css_selector|url_pattern,0.95,2026-10-06T17:51:12Z,
Cigna,,Alabama,Unknown,Cambios en la cobertura de medicamentos,other,https://www.cigna.com/static/www-cigna-com/es-us/docs/ifp/m-26-rx-all-989894-2026-ifp-prescription-drug-list-changes.pdf,https://www.cigna.com/es-us/individuals-families/member-guide/prescription-drug-lists,https://www.cigna.com/sitemap.xml > https://www.cigna.com/health-care-providers/default/sitemap.xml > https://www.cigna.com/es-us/individuals-families/member-guide/prescription-drug-lists > https://www.cigna.com/static/www-cigna-com/es-us/docs/ifp/m-26-rx-all-989894-2026-ifp-prescription-drug-list-changes.pdf,pdf,,,2025-12-17,200,972f46b22273ef8007e7c72dbb4ccec3ebb8a576ca87b70707efb672b345d22a,1125984,N,static,sitemap|css_selector|url_pattern,0.85,2026-10-06T17:51:14Z,
Cigna,,California,Commercial,975752 f CA NPF 5-Tier Split Generics  06/26 © 2026 Cigna Healthcare. Cigna Healthcare National,pa_list,https://www.cigna.com/static/www-cigna-com/docs/ca-cnpf-5-tier-splitgenerics-hmo.pdf,https://www.cigna.com/individuals-families/member-guide/prescription-drug-lists,https://www.cigna.com/sitemap.xml > https://www.cigna.com/health-care-providers/default/sitemap.xml > https://www.cigna.com/individuals-families/member-guide/prescription-drug-lists > https://www.cigna.com/static/www-cigna-com/docs/ca-cnpf-5-tier-splitgenerics-hmo.pdf,pdf,,,2026-07-24,200,fd9980e93d11f57282794dac07c368a8f09b0f3e45bd356f6a28204a02dd4fd2,6495106,N,static,sitemap|css_selector|url_pattern,0.95,2026-10-06T17:51:15Z,
Cigna,,California,Commercial,975744 f CA NPF 4-Tier Specialty  06/26 © 2026 Cigna Healthcare. Cigna Healthcare,pa_list,https://www.cigna.com/static/www-cigna-com/docs/ca-cnpf-4-tier-specialty-doi.pdf,https://www.cigna.com/individuals-families/member-guide/prescription-drug-lists,https://www.cigna.com/sitemap.xml > https://www.cigna.com/health-care-providers/default/sitemap.xml > https://www.cigna.com/individuals-families/member-guide/prescription-drug-lists > https://www.cigna.com/static/www-cigna-com/docs/ca-cnpf-4-tier-specialty-doi.pdf,pdf,,,2026-07-24,200,ae7b17a9c3e874d28a6c647c18171bccabbde517102359b392fec3ab93c6759f,7053645,N,static,sitemap|css_selector|url_pattern,0.95,2026-10-06T17:51:16Z,
Cigna,,California,Commercial,975749 f CA NPF 4-Tier Specialty  06/26 © 2026 Cigna Healthcare. Cigna Healthcare,pa_list,https://www.cigna.com/static/www-cigna-com/docs/ca-cnpf-4-tier-specialty-hmo.pdf,https://www.cigna.com/individuals-families/member-guide/prescription-drug-lists,https://www.cigna.com/sitemap.xml > https://www.cigna.com/health-care-providers/default/sitemap.xml > https://www.cigna.com/individuals-families/member-guide/prescription-drug-lists > https://www.cigna.com/static/www-cigna-com/docs/ca-cnpf-4-tier-specialty-hmo.pdf,pdf,,,2026-07-24,200,fbbfccfc5aefca06b55d039da8a1b15fa66927c44d21e23f82d727ca7ce4f6c8,6867772,N,static,sitemap|css_selector|url_pattern,0.95,2026-10-06T17:51:17Z,
Cigna,,California,Commercial,975747 f CA NPF 5-Tier Split Generics  06/26 © 2026 Cigna Healthcare. Cigna Healthcare,pa_list,https://www.cigna.com/static/www-cigna-com/docs/ca-cnpf-5-tier-splitgenerics-doi.pdf,https://www.cigna.com/individuals-families/member-guide/prescription-drug-lists,https://www.cigna.com/sitemap.xml > https://www.cigna.com/health-care-providers/default/sitemap.xml > https://www.cigna.com/individuals-families/member-guide/prescription-drug-lists > https://www.cigna.com/static/www-cigna-com/docs/ca-cnpf-5-tier-splitgenerics-doi.pdf,pdf,,,2026-07-24,200,b9cac236aebedeec7c2d72ab7285d36e11908ad6e5ada25183cdd4935b2b6ef9,6692052,N,static,sitemap|css_selector|url_pattern,0.95,2026-10-06T17:51:18Z,
Cigna,,California,Commercial,975746 f CA NPF 5-Tier Specialty  06/26 © 2026 Cigna Healthcare. Cigna Healthcare,pa_list,https://www.cigna.com/static/www-cigna-com/docs/ca-cnpf-5-tier-specialty-doi.pdf,https://www.cigna.com/individuals-families/member-guide/prescription-drug-lists,https://www.cigna.com/sitemap.xml > https://www.cigna.com/health-care-providers/default/sitemap.xml > https://www.cigna.com/individuals-families/member-guide/prescription-drug-lists > https://www.cigna.com/static/www-cigna-com/docs/ca-cnpf-5-tier-specialty-doi.pdf,pdf,,,2026-07-24,200,21eabe1750010906528d52ddd8f6163b730874d7f09cf17c9227c230eb8e6965,7132973,N,static,sitemap|css_selector|url_pattern,0.95,2026-10-06T17:51:19Z,
Cigna,,Alabama,Unknown,"Asegurado por Cigna Health and Life Insurance Company o Cigna HealthCare of Arizona, Inc. 989888SP 07/25 © 2025 Cigna Healthcare.",other,https://www.cigna.com/static/www-cigna-com/es-us/docs/ifp/m-26-rx-az-989888-cigna-rx-premiere-5-tier-pdl.pdf,https://www.cigna.com/es-us/individuals-families/member-guide/prescription-drug-lists,https://www.cigna.com/sitemap.xml > https://www.cigna.com/health-care-providers/default/sitemap.xml > https://www.cigna.com/es-us/individuals-families/member-guide/prescription-drug-lists > https://www.cigna.com/static/www-cigna-com/es-us/docs/ifp/m-26-rx-az-989888-cigna-rx-premiere-5-tier-pdl.pdf,pdf,,,2025-11-24,200,6cf3a1a641e0624c1fe033fa12b1f7ae395a414deb1c13afff82db2b94638ccc,2527082,N,static,sitemap|css_selector|url_pattern,0.85,2026-10-06T17:51:19Z,
Cigna,,Alabama,Unknown,Ofrecido por Cigna Health and Life Insurance Company o sus afiliadas. 989873SP 07/25 © 2025 Cigna Healthcare.,other,https://www.cigna.com/static/www-cigna-com/es-us/docs/ifp/m-26-rx-co-989873-cigna-rx-essential-5-tier-pdl.pdf,https://www.cigna.com/es-us/individuals-families/member-guide/prescription-drug-lists,https://www.cigna.com/sitemap.xml > https://www.cigna.com/health-care-providers/default/sitemap.xml > https://www.cigna.com/es-us/individuals-families/member-guide/prescription-drug-lists > https://www.cigna.com/static/www-cigna-com/es-us/docs/ifp/m-26-rx-co-989873-cigna-rx-essential-5-tier-pdl.pdf,pdf,,,2025-11-24,200,b6db64698ee8f61f29586f91b7d9c35dcc67846bcb32b215d64c34c15d615704,2547288,N,static,sitemap|css_selector|url_pattern,0.85,2026-10-06T17:51:19Z,
Cigna,,California,Commercial,975753 f CA NPF 6-Tier  06/26 © 2026 Cigna Healthcare. Cigna Healthcare National,pa_list,https://www.cigna.com/static/www-cigna-com/docs/ca-cnpf-6-tier-hmo.pdf,https://www.cigna.com/individuals-families/member-guide/prescription-drug-lists,https://www.cigna.com/sitemap.xml > https://www.cigna.com/health-care-providers/default/sitemap.xml > https://www.cigna.com/individuals-families/member-guide/prescription-drug-lists > https://www.cigna.com/static/www-cigna-com/docs/ca-cnpf-6-tier-hmo.pdf,pdf,,,2026-07-24,200,59ea6ebad5f22f6ab0d7059eb0104666fef48d3da22063d458967997f0fa7495,6540155,N,static,sitemap|css_selector|url_pattern,0.95,2026-10-06T17:51:20Z,
Cigna,,California,Commercial,975748 f CA NPF 6-Tier  06/26 © 2026 Cigna Healthcare. Cigna Healthcare National,pa_list,https://www.cigna.com/static/www-cigna-com/docs/ca-cnpf-6-tier-doi.pdf,https://www.cigna.com/individuals-families/member-guide/prescription-drug-lists,https://www.cigna.com/sitemap.xml > https://www.cigna.com/health-care-providers/default/sitemap.xml > https://www.cigna.com/individuals-families/member-guide/prescription-drug-lists > https://www.cigna.com/static/www-cigna-com/docs/ca-cnpf-6-tier-doi.pdf,pdf,,,2026-07-24,200,8679994b6b35e7b8b674700499595d3309a9b4582aecf8edc5e07aa5065e5f41,6715894,N,static,sitemap|css_selector|url_pattern,0.95,2026-10-06T17:51:21Z,
Cigna,,Alabama,Unknown,"Ofrecido por Cigna Health and Life Insurance Company o Cigna HealthCare of Florida, Inc. 989875SP  07/25  © 2025 Cigna Healthcare.",other,https://www.cigna.com/static/www-cigna-com/es-us/docs/ifp/m-26-rx-fl-989875-cigna-rx-plus-5-tier-pdl.pdf,https://www.cigna.com/es-us/individuals-families/member-guide/prescription-drug-lists,https://www.cigna.com/sitemap.xml > https://www.cigna.com/health-care-providers/default/sitemap.xml > https://www.cigna.com/es-us/individuals-families/member-guide/prescription-drug-lists > https://www.cigna.com/static/www-cigna-com/es-us/docs/ifp/m-26-rx-fl-989875-cigna-rx-plus-5-tier-pdl.pdf,pdf,,,2025-11-24,200,5b525b17cb9fc378293287f095b8bc8f382266d5c51042ee80aaf4a8b7799a86,2536192,N,static,sitemap|css_selector|url_pattern,0.85,2026-10-06T17:51:21Z,
Cigna,,California,Commercial,975751 f CA NPF 5-Tier Specialty  06/26 © 2026 Cigna Healthcare. Cigna Healthcare,pa_list,https://www.cigna.com/static/www-cigna-com/docs/ca-cnpf-5-tier-specialty-hmo.pdf,https://www.cigna.com/individuals-families/member-guide/prescription-drug-lists,https://www.cigna.com/sitemap.xml > https://www.cigna.com/health-care-providers/default/sitemap.xml > https://www.cigna.com/individuals-families/member-guide/prescription-drug-lists > https://www.cigna.com/static/www-cigna-com/docs/ca-cnpf-5-tier-specialty-hmo.pdf,pdf,,,2026-07-24,200,cb112f6d3d400e1429082769cac3196709196df8b9f64685485ee137201723d9,7134856,N,static,sitemap|css_selector|url_pattern,0.95,2026-10-06T17:51:22Z,
Cigna,,Alabama,Unknown,"Asegurado por Cigna Health and Life Insurance Company o Cigna HealthCare of Georgia, Inc. 989876SP 07/25 © 2025 Cigna Healthcare.",other,https://www.cigna.com/static/www-cigna-com/es-us/docs/ifp/m-26-rx-ga-989876-cigna-rx-plus-5-tier-pdl.pdf,https://www.cigna.com/es-us/individuals-families/member-guide/prescription-drug-lists,https://www.cigna.com/sitemap.xml > https://www.cigna.com/health-care-providers/default/sitemap.xml > https://www.cigna.com/es-us/individuals-families/member-guide/prescription-drug-lists > https://www.cigna.com/static/www-cigna-com/es-us/docs/ifp/m-26-rx-ga-989876-cigna-rx-plus-5-tier-pdl.pdf,pdf,,,2025-11-24,200,aff8307301baf1fb3083e420ff8ed0939a64298a2200f924dfe293ac9e07c131,2519741,N,static,sitemap|css_selector|url_pattern,0.85,2026-10-06T17:51:22Z,
Cigna,,Alabama,Unknown,"Asegurado por Cigna Health and Life Insurance Company o Cigna HealthCare of Illinois, Inc. 989878SP 07/25 © 2025 Cigna Healthcare.",other,https://www.cigna.com/static/www-cigna-com/es-us/docs/ifp/m-26-rx-il-989878-cigna-rx-plus-5-tier-pdl.pdf,https://www.cigna.com/es-us/individuals-families/member-guide/prescription-drug-lists,https://www.cigna.com/sitemap.xml > https://www.cigna.com/health-care-providers/default/sitemap.xml > https://www.cigna.com/es-us/individuals-families/member-guide/prescription-drug-lists > https://www.cigna.com/static/www-cigna-com/es-us/docs/ifp/m-26-rx-il-989878-cigna-rx-plus-5-tier-pdl.pdf,pdf,,,2025-11-24,200,4fad00afc18fb15a5fc2f6a07f940b1b257596fb94c520270c8c4f78b6ed6e02,3465341,N,static,sitemap|css_selector|url_pattern,0.85,2026-10-06T17:51:23Z,
Cigna,,Alabama,Unknown,Ofrecido por Cigna Health and Life Insurance Company o sus afiliadas. 989890SP 07/25 © 2025 Cigna Healthcare.,other,https://www.cigna.com/static/www-cigna-com/es-us/docs/ifp/m-26-rx-in-989890-cigna-rx-premiere-5-tier-pdl.pdf,https://www.cigna.com/es-us/individuals-families/member-guide/prescription-drug-lists,https://www.cigna.com/sitemap.xml > https://www.cigna.com/health-care-providers/default/sitemap.xml > https://www.cigna.com/es-us/individuals-families/member-guide/prescription-drug-lists > https://www.cigna.com/static/www-cigna-com/es-us/docs/ifp/m-26-rx-in-989890-cigna-rx-premiere-5-tier-pdl.pdf,pdf,,,2025-11-24,200,b3e120054869543be8b979cbfeda1bc6e44ee8d2fbd433609f6dfd91cd930bc8,2564976,N,static,sitemap|css_selector|url_pattern,0.85,2026-10-06T17:51:23Z,
Cigna,,Alabama,Unknown,Ofrecido por Cigna Health and Life Insurance Company o sus afiliadas. 989880SP 07/25 © 2025 Cigna Healthcare.,other,https://www.cigna.com/static/www-cigna-com/es-us/docs/ifp/m-26-rx-ms-989880-cigna-rx-plus-5-tier-pdl.pdf,https://www.cigna.com/es-us/individuals-families/member-guide/prescription-drug-lists,https://www.cigna.com/sitemap.xml > https://www.cigna.com/health-care-providers/default/sitemap.xml > https://www.cigna.com/es-us/individuals-families/member-guide/prescription-drug-lists > https://www.cigna.com/static/www-cigna-com/es-us/docs/ifp/m-26-rx-ms-989880-cigna-rx-plus-5-tier-pdl.pdf,pdf,,,2025-11-24,200,45527e55a74c620b7287b7d0722c28987c3bc1fbe1dd4cc6bd65eb80e6c1a7d2,2652156,N,static,sitemap|css_selector|url_pattern,0.85,2026-10-06T17:51:23Z,
Cigna,,Alabama,Unknown,Ofrecido por Cigna Health and Life Insurance Company o sus afiliadas. 989884SP 07/25 © 2025 Cigna Healthcare.,other,https://www.cigna.com/static/www-cigna-com/es-us/docs/ifp/m-26-rx-tn-989884-cigna-rx-plus-5-tier-pdl.pdf,https://www.cigna.com/es-us/individuals-families/member-guide/prescription-drug-lists,https://www.cigna.com/sitemap.xml > https://www.cigna.com/health-care-providers/default/sitemap.xml > https://www.cigna.com/es-us/individuals-families/member-guide/prescription-drug-lists > https://www.cigna.com/static/www-cigna-com/es-us/docs/ifp/m-26-rx-tn-989884-cigna-rx-plus-5-tier-pdl.pdf,pdf,,,2025-11-24,200,9c841c845185eaac6a69cfbc8d3f766918c70fab9de7a3e01f9054e1583c9c40,2248707,N,static,sitemap|css_selector|url_pattern,0.85,2026-10-06T17:51:23Z,
Cigna,,Alabama,Unknown,"Asegurado por Cigna Health and Life Insurance Company o Cigna HealthCare of North Carolina, Inc. 989882SP 07/25 © 2025 Cigna Healthcare.",other,https://www.cigna.com/static/www-cigna-com/es-us/docs/ifp/m-26-rx-nc-989882-cigna-rx-plus-5-tier-pdl.pdf,https://www.cigna.com/es-us/individuals-families/member-guide/prescription-drug-lists,https://www.cigna.com/sitemap.xml > https://www.cigna.com/health-care-providers/default/sitemap.xml > https://www.cigna.com/es-us/individuals-families/member-guide/prescription-drug-lists > https://www.cigna.com/static/www-cigna-com/es-us/docs/ifp/m-26-rx-nc-989882-cigna-rx-plus-5-tier-pdl.pdf,pdf,,,2025-11-24,200,920748a3ac092b4d724a63354e2ebe01a58b6719023146df78e5baf4b389b90e,2513746,N,static,sitemap|css_selector|url_pattern,0.85,2026-10-06T17:51:24Z,
Cigna,,Alabama,Unknown,Ofrecido por Cigna Health and Life Insurance Company o sus afiliadas. 989874SP 07/25 © 2025 Cigna Healthcare.,other,https://www.cigna.com/static/www-cigna-com/es-us/docs/ifp/m-26-rx-fl-989874-cigna-rx-plus-4-tier-pdl.pdf,https://www.cigna.com/es-us/individuals-families/member-guide/prescription-drug-lists,https://www.cigna.com/sitemap.xml > https://www.cigna.com/health-care-providers/default/sitemap.xml > https://www.cigna.com/es-us/individuals-families/member-guide/prescription-drug-lists > https://www.cigna.com/static/www-cigna-com/es-us/docs/ifp/m-26-rx-fl-989874-cigna-rx-plus-4-tier-pdl.pdf,pdf,,,2025-11-24,200,760e9f8bff57f2b1c7aa71f4d1bc955b29effcd2cce40691ebbb3ed42c88ddac,2532973,N,static,sitemap|css_selector|url_pattern,0.85,2026-10-06T17:51:25Z,
Cigna,,Alabama,Unknown,"Asegurado por Cigna Health and Life Insurance Company o Cigna HealthCare of Arizona, Inc. 989887SP 07/25 © 2025 Cigna Healthcare.",other,https://www.cigna.com/static/www-cigna-com/es-us/docs/ifp/m-26-rx-az-989887-cigna-rx-premiere-4-tier-pdl.pdf,https://www.cigna.com/es-us/individuals-families/member-guide/prescription-drug-lists,https://www.cigna.com/sitemap.xml > https://www.cigna.com/health-care-providers/default/sitemap.xml > https://www.cigna.com/es-us/individuals-families/member-guide/prescription-drug-lists > https://www.cigna.com/static/www-cigna-com/es-us/docs/ifp/m-26-rx-az-989887-cigna-rx-premiere-4-tier-pdl.pdf,pdf,,,2025-11-24,200,568a1242a37c2f43116202e8598dbc5c488ff078e3ceace81647820cded91df1,2525095,N,static,sitemap|css_selector|url_pattern,0.85,2026-10-06T17:51:26Z,
Cigna,,Alabama,Unknown,Ofrecido por Cigna Health and Life Insurance Company o sus afiliadas. 989892SP 07/25 © 2025 Cigna Healthcare.,other,https://www.cigna.com/static/www-cigna-com/es-us/docs/ifp/m-26-rx-va-989892-cigna-rx-premiere-5-tier-pdl.pdf,https://www.cigna.com/es-us/individuals-families/member-guide/prescription-drug-lists,https://www.cigna.com/sitemap.xml > https://www.cigna.com/health-care-providers/default/sitemap.xml > https://www.cigna.com/es-us/individuals-families/member-guide/prescription-drug-lists > https://www.cigna.com/static/www-cigna-com/es-us/docs/ifp/m-26-rx-va-989892-cigna-rx-premiere-5-tier-pdl.pdf,pdf,,,2025-11-24,200,a93933f5df0fd1ec79187861e92bd5e8eaf28bb3269b3046e87f6b370a0b3281,2620467,N,static,sitemap|css_selector|url_pattern,0.85,2026-10-06T17:51:26Z,
Cigna,,Alabama,Unknown,Ofrecido por Cigna Health and Life Insurance Company o sus afiliadas. 989889SP  07/25  © 2025 Cigna Healthcare.,other,https://www.cigna.com/static/www-cigna-com/es-us/docs/ifp/m-26-rx-in-989889-cigna-rx-premiere-4-tier-pdl.pdf,https://www.cigna.com/es-us/individuals-families/member-guide/prescription-drug-lists,https://www.cigna.com/sitemap.xml > https://www.cigna.com/health-care-providers/default/sitemap.xml > https://www.cigna.com/es-us/individuals-families/member-guide/prescription-drug-lists > https://www.cigna.com/static/www-cigna-com/es-us/docs/ifp/m-26-rx-in-989889-cigna-rx-premiere-4-tier-pdl.pdf,pdf,,,2025-11-24,200,1ea33d04f166f8b59f5c43852c45dba253399c209875b668dfcc9fd61bb3b630,2516030,N,static,sitemap|css_selector|url_pattern,0.85,2026-10-06T17:51:26Z,
Cigna,,Alabama,Unknown,"Asegurado por Cigna Health and Life Insurance Company o Cigna HealthCare of North Carolina, Inc. 989881SP 07/25 © 2025 Cigna Healthcare.",other,https://www.cigna.com/static/www-cigna-com/es-us/docs/ifp/m-26-rx-nc-989881-cigna-rx-plus-4-tier-pdl.pdf,https://www.cigna.com/es-us/individuals-families/member-guide/prescription-drug-lists,https://www.cigna.com/sitemap.xml > https://www.cigna.com/health-care-providers/default/sitemap.xml > https://www.cigna.com/es-us/individuals-families/member-guide/prescription-drug-lists > https://www.cigna.com/static/www-cigna-com/es-us/docs/ifp/m-26-rx-nc-989881-cigna-rx-plus-4-tier-pdl.pdf,pdf,,,2025-11-24,200,53eaeb3ed5206d73f6b2dcd87948d5b2a886aa18385e50346d819041536b30e2,2570460,N,static,sitemap|css_selector|url_pattern,0.85,2026-10-06T17:51:27Z,
Cigna,,Alabama,Unknown,Ofrecido por Cigna Health and Life Insurance Company o sus afiliadas. 989883SP 07/25 © 2025 Cigna Healthcare.,other,https://www.cigna.com/static/www-cigna-com/es-us/docs/ifp/m-26-rx-tn-989883-cigna-rx-plus-4-tier-pdl.pdf,https://www.cigna.com/es-us/individuals-families/member-guide/prescription-drug-lists,https://www.cigna.com/sitemap.xml > https://www.cigna.com/health-care-providers/default/sitemap.xml > https://www.cigna.com/es-us/individuals-families/member-guide/prescription-drug-lists > https://www.cigna.com/static/www-cigna-com/es-us/docs/ifp/m-26-rx-tn-989883-cigna-rx-plus-4-tier-pdl.pdf,pdf,,,2025-11-24,200,bc56efd74273abf672e63052ed36c757b5b46305c53c45ae03a605f1276ac02f,2687293,N,static,sitemap|css_selector|url_pattern,0.85,2026-10-06T17:51:27Z,
Cigna,,Alabama,Unknown,"Asegurado por Cigna Health and Life Insurance Company o Cigna HealthCare of Texas, Inc. 989886SP 01/26 © 2026 Cigna Healthcare.",other,https://www.cigna.com/static/www-cigna-com/es-us/docs/ifp/m-26-rx-tx-989886-cigna-rx-plus-5-tier-pdl.pdf,https://www.cigna.com/es-us/individuals-families/member-guide/prescription-drug-lists,https://www.cigna.com/sitemap.xml > https://www.cigna.com/health-care-providers/default/sitemap.xml > https://www.cigna.com/es-us/individuals-families/member-guide/prescription-drug-lists > https://www.cigna.com/static/www-cigna-com/es-us/docs/ifp/m-26-rx-tx-989886-cigna-rx-plus-5-tier-pdl.pdf,pdf,,,2026-01-07,200,3a03f2d0b4d6fe1e310ad131b9aec4a857715f1ea287bb7bbb756a369d829289,2722966,N,static,sitemap|css_selector|url_pattern,0.85,2026-10-06T17:51:28Z,
Cigna,,Alabama,Unknown,"Asegurado por Cigna Health and Life Insurance Company o Cigna HealthCare of Illinois, Inc. 989877SP 07/25 © 2025 Cigna Healthcare.",other,https://www.cigna.com/static/www-cigna-com/es-us/docs/ifp/m-26-rx-il-989877-cigna-rx-plus-4-tier-pdl.pdf,https://www.cigna.com/es-us/individuals-families/member-guide/prescription-drug-lists,https://www.cigna.com/sitemap.xml > https://www.cigna.com/health-care-providers/default/sitemap.xml > https://www.cigna.com/es-us/individuals-families/member-guide/prescription-drug-lists > https://www.cigna.com/static/www-cigna-com/es-us/docs/ifp/m-26-rx-il-989877-cigna-rx-plus-4-tier-pdl.pdf,pdf,,,2025-11-24,200,d1405b6a887fc09d6f2effc981e8690766bdc906ad0fc8901c7cc51516b21153,3483865,N,static,sitemap|css_selector|url_pattern,0.85,2026-10-06T17:51:28Z,
Cigna,,Alabama,Unknown,Planes Individuales y Familiares,other,https://www.cigna.com/static/www-cigna-com/es-us/docs/ifp/m-26-rx-ms-989879-cigna-rx-plus-4-tier-pdl.pdf,https://www.cigna.com/es-us/individuals-families/member-guide/prescription-drug-lists,https://www.cigna.com/sitemap.xml > https://www.cigna.com/health-care-providers/default/sitemap.xml > https://www.cigna.com/es-us/individuals-families/member-guide/prescription-drug-lists > https://www.cigna.com/static/www-cigna-com/es-us/docs/ifp/m-26-rx-ms-989879-cigna-rx-plus-4-tier-pdl.pdf,pdf,,,2025-11-24,200,a29e967d1ddb60b8c888746d6d04719289434bcdc8f0909fc765a82b806fcc4b,2639958,N,static,sitemap|css_selector|url_pattern,0.85,2026-10-06T17:51:28Z,
Cigna,,Alabama,Unknown,595200SP y Standard 3-Tier 04/26 © 2026 Cigna Healthcare. Lista de medicamentos,other,https://www.cigna.com/static/www-cigna-com/es-us/docs/ifp/standard-3-tier.pdf,https://www.cigna.com/es-us/individuals-families/member-guide/prescription-drug-lists,https://www.cigna.com/sitemap.xml > https://www.cigna.com/health-care-providers/default/sitemap.xml > https://www.cigna.com/es-us/individuals-families/member-guide/prescription-drug-lists > https://www.cigna.com/static/www-cigna-com/es-us/docs/ifp/standard-3-tier.pdf,pdf,,,2026-05-05,200,b0f80bf8793300c5c2d7aa27cb710a95d3a69d1423d7fef7bd87a5bd66e6d87f,1037312,N,static,sitemap|css_selector|url_pattern,0.85,2026-10-06T17:51:28Z,
Cigna,,Alabama,Unknown,916152SP v Standard 4-Tier Specialty 04/26 © 2026 Cigna Healthcare. Lista de medicamentos,other,https://www.cigna.com/static/www-cigna-com/es-us/docs/ifp/standard-4-tier-spec.pdf,https://www.cigna.com/es-us/individuals-families/member-guide/prescription-drug-lists,https://www.cigna.com/sitemap.xml > https://www.cigna.com/health-care-providers/default/sitemap.xml > https://www.cigna.com/es-us/individuals-families/member-guide/prescription-drug-lists > https://www.cigna.com/static/www-cigna-com/es-us/docs/ifp/standard-4-tier-spec.pdf,pdf,,,2026-05-05,200,dcc572521fc4a252411157e651a4c3fcc0d0e48e1c9eb018088ae001806e5786,1038811,N,static,sitemap|css_selector|url_pattern,0.85,2026-10-06T17:51:29Z,
Cigna,,Alabama,Unknown,968434SP g Value 3-Tier 04/26 © 2026 Cigna Healthcare. Lista de medicamentos,other,https://www.cigna.com/static/www-cigna-com/es-us/docs/ifp/value-3-tier.pdf,https://www.cigna.com/es-us/individuals-families/member-guide/prescription-drug-lists,https://www.cigna.com/sitemap.xml > https://www.cigna.com/health-care-providers/default/sitemap.xml > https://www.cigna.com/es-us/individuals-families/member-guide/prescription-drug-lists > https://www.cigna.com/static/www-cigna-com/es-us/docs/ifp/value-3-tier.pdf,pdf,,,2026-05-05,200,2e643033ef20752c19c516776b0b323328c717d5216bbb915ea51636ef953afd,1021138,N,static,sitemap|css_selector|url_pattern,0.85,2026-10-06T17:51:29Z,
Cigna,,Alabama,Unknown,916154SP v Value 4-Tier Specialty 04/26 © 2026 Cigna Healthcare. Lista de medicamentos,other,https://www.cigna.com/static/www-cigna-com/es-us/docs/ifp/value-4-tier-spec.pdf,https://www.cigna.com/es-us/individuals-families/member-guide/prescription-drug-lists,https://www.cigna.com/sitemap.xml > https://www.cigna.com/health-care-providers/default/sitemap.xml > https://www.cigna.com/es-us/individuals-families/member-guide/prescription-drug-lists > https://www.cigna.com/static/www-cigna-com/es-us/docs/ifp/value-4-tier-spec.pdf,pdf,,,2026-07-07,200,30bbbac0e3c804f23b6279a0eac671517a60f8d45f48698ab612898cc51b33c7,848323,N,static,sitemap|css_selector|url_pattern,0.85,2026-10-06T17:51:29Z,
Cigna,,Alabama,Unknown,Ofrecido por Cigna Health and Life Insurance Company o sus afiliadas. 989891SP 07/25 © 2025 Cigna Healthcare.,other,https://www.cigna.com/static/www-cigna-com/es-us/docs/ifp/m-26-rx-va-989891-cigna-rx-premiere-4-tier-pdl.pdf,https://www.cigna.com/es-us/individuals-families/member-guide/prescription-drug-lists,https://www.cigna.com/sitemap.xml > https://www.cigna.com/health-care-providers/default/sitemap.xml > https://www.cigna.com/es-us/individuals-families/member-guide/prescription-drug-lists > https://www.cigna.com/static/www-cigna-com/es-us/docs/ifp/m-26-rx-va-989891-cigna-rx-premiere-4-tier-pdl.pdf,pdf,,,2025-11-24,200,dafcf5961ef5ab11bac5b5e8022302f022b9c579eb52fbb21264cd6cdf6cb779,2618497,N,static,sitemap|css_selector|url_pattern,0.85,2026-10-06T17:51:29Z,
Cigna,,Alabama,Unknown,932539SP r Performance 3-Tier 04/26 © 2026 Cigna Healthcare. Lista de medicamentos,other,https://www.cigna.com/static/www-cigna-com/es-us/docs/ifp/performance-3-tier.pdf,https://www.cigna.com/es-us/individuals-families/member-guide/prescription-drug-lists,https://www.cigna.com/sitemap.xml > https://www.cigna.com/health-care-providers/default/sitemap.xml > https://www.cigna.com/es-us/individuals-families/member-guide/prescription-drug-lists > https://www.cigna.com/static/www-cigna-com/es-us/docs/ifp/performance-3-tier.pdf,pdf,,,2026-05-05,200,dae6e47793e5d24b1bb09b00d5c23feb7ceeb040fbce52af3536263a5fe1420e,1063774,N,static,sitemap|css_selector|url_pattern,0.85,2026-10-06T17:51:29Z,
Cigna,,Alabama,Unknown,948519SP p NPF 3T Abridged  05/26 © 2026 Cigna Healthcare. Lista de medicamentos,other,https://www.cigna.com/static/www-cigna-com/es-us/docs/ifp/cigna-national-preferred-formulary-abridged.pdf,https://www.cigna.com/es-us/individuals-families/member-guide/prescription-drug-lists,https://www.cigna.com/sitemap.xml > https://www.cigna.com/health-care-providers/default/sitemap.xml > https://www.cigna.com/es-us/individuals-families/member-guide/prescription-drug-lists > https://www.cigna.com/static/www-cigna-com/es-us/docs/ifp/cigna-national-preferred-formulary-abridged.pdf,pdf,,,2026-05-27,200,3050817fb75551164cbe3301dac6c922d6a98df75a5904d500af11af56c00402,106032,N,static,sitemap|css_selector|url_pattern,0.85,2026-10-06T17:51:30Z,
Cigna,,Alabama,Unknown,965324SP c Performance 4-Tier 04/26 © 2026 Cigna Healthcare. Lista de medicamentos con,other,https://www.cigna.com/static/www-cigna-com/es-us/docs/ifp/performance-4tier-spec.pdf,https://www.cigna.com/es-us/individuals-families/member-guide/prescription-drug-lists,https://www.cigna.com/sitemap.xml > https://www.cigna.com/health-care-providers/default/sitemap.xml > https://www.cigna.com/es-us/individuals-families/member-guide/prescription-drug-lists > https://www.cigna.com/static/www-cigna-com/es-us/docs/ifp/performance-4tier-spec.pdf,pdf,,,2026-05-05,200,9a781be726c0670ad3dc5ab978b97a797d1474e20900873455325f852adf4b8e,1065936,N,static,sitemap|css_selector|url_pattern,0.85,2026-10-06T17:51:30Z,
Cigna,,Alabama,Unknown,968445SP g  NPF 4T Split Generics Abridged  05/26 © 2026 Cigna Healthcare. Lista de medicamentos,other,https://www.cigna.com/static/www-cigna-com/es-us/docs/cigna-national-preferred-prescription-4-tier-abridged.pdf,https://www.cigna.com/es-us/individuals-families/member-guide/prescription-drug-lists,https://www.cigna.com/sitemap.xml > https://www.cigna.com/health-care-providers/default/sitemap.xml > https://www.cigna.com/es-us/individuals-families/member-guide/prescription-drug-lists > https://www.cigna.com/static/www-cigna-com/es-us/docs/cigna-national-preferred-prescription-4-tier-abridged.pdf,pdf,,,2026-05-27,200,23cfcfbf2fad69ab267b0690472ddf6cd0bd01a37af7a0678bd47ba26ca7a199,97780,N,static,sitemap|css_selector|url_pattern,0.85,2026-10-06T17:51:30Z,
Cigna,,Alabama,Unknown,"Asegurado por Cigna Health and Life Insurance Company o Cigna HealthCare of Texas, Inc. 989885SP 01/26 © 2026 Cigna Healthcare.",other,https://www.cigna.com/static/www-cigna-com/es-us/docs/ifp/m-26-rx-tx-989885-cigna-rx-plus-4-tier-pdl.pdf,https://www.cigna.com/es-us/individuals-families/member-guide/prescription-drug-lists,https://www.cigna.com/sitemap.xml > https://www.cigna.com/health-care-providers/default/sitemap.xml > https://www.cigna.com/es-us/individuals-families/member-guide/prescription-drug-lists > https://www.cigna.com/static/www-cigna-com/es-us/docs/ifp/m-26-rx-tx-989885-cigna-rx-plus-4-tier-pdl.pdf,pdf,,,2026-01-07,200,83d44063011bb239df67890cd461385737a6f7b5e3d5b9ddaa53b872af90a711,2719015,N,static,sitemap|css_selector|url_pattern,0.85,2026-10-06T17:51:30Z,
Cigna,,Alabama,Unknown,968436SP g Advantage 3-Tier 04/26 © 2026 Cigna Healthcare. Lista de medicamentos,other,https://www.cigna.com/static/www-cigna-com/es-us/docs/ifp/advantage-3-tier.pdf,https://www.cigna.com/es-us/individuals-families/member-guide/prescription-drug-lists,https://www.cigna.com/sitemap.xml > https://www.cigna.com/health-care-providers/default/sitemap.xml > https://www.cigna.com/es-us/individuals-families/member-guide/prescription-drug-lists > https://www.cigna.com/static/www-cigna-com/es-us/docs/ifp/advantage-3-tier.pdf,pdf,,,2026-05-05,200,5c79c5b410ca244ab06cc4467729f4212a337fd9c6ef5c1dcedbc6540b0ee3fb,1055296,N,static,sitemap|css_selector|url_pattern,0.85,2026-10-06T17:51:30Z,
Cigna,,Alabama,Unknown,965173SP d Advantage 4-Tier 04/26 © 2026 Cigna Healthcare. Lista de medicamentos,other,https://www.cigna.com/static/www-cigna-com/es-us/docs/ifp/advantage-4-tier-spec.pdf,https://www.cigna.com/es-us/individuals-families/member-guide/prescription-drug-lists,https://www.cigna.com/sitemap.xml > https://www.cigna.com/health-care-providers/default/sitemap.xml > https://www.cigna.com/es-us/individuals-families/member-guide/prescription-drug-lists > https://www.cigna.com/static/www-cigna-com/es-us/docs/ifp/advantage-4-tier-spec.pdf,pdf,,,2026-05-05,200,c4ee1db95b95ee4ecc094ba7db18999ea85f68aca1a9a153240aba81a4f26bc2,1056060,N,static,sitemap|css_selector|url_pattern,0.85,2026-10-06T17:51:31Z,
Cigna,,Alabama,Unknown,968444SP g NPF 4T Specialty Abridged  05/26 © 2026 Cigna Healthcare. Lista de medicamentos con,other,https://www.cigna.com/static/www-cigna-com/es-us/docs/cigna-national-preferred-prescription-4-tier-specialty-abridged.pdf,https://www.cigna.com/es-us/individuals-families/member-guide/prescription-drug-lists,https://www.cigna.com/sitemap.xml > https://www.cigna.com/health-care-providers/default/sitemap.xml > https://www.cigna.com/es-us/individuals-families/member-guide/prescription-drug-lists > https://www.cigna.com/static/www-cigna-com/es-us/docs/cigna-national-preferred-prescription-4-tier-specialty-abridged.pdf,pdf,,,2026-05-27,200,680d488a243731ef38ecc8eb5b02e599faa60ec9c218dde2d6315a37d0089455,106740,N,static,sitemap|css_selector|url_pattern,0.85,2026-10-06T17:51:31Z,
Cigna,,Alabama,Unknown,968447SP g  NPF 5T Split Generics Abridged  05/26 © 2026 Cigna Healthcare. Lista de medicamentos,other,https://www.cigna.com/static/www-cigna-com/es-us/docs/cigna-national-preferred-prescription-5-tier-abridged.pdf,https://www.cigna.com/es-us/individuals-families/member-guide/prescription-drug-lists,https://www.cigna.com/sitemap.xml > https://www.cigna.com/health-care-providers/default/sitemap.xml > https://www.cigna.com/es-us/individuals-families/member-guide/prescription-drug-lists > https://www.cigna.com/static/www-cigna-com/es-us/docs/cigna-national-preferred-prescription-5-tier-abridged.pdf,pdf,,,2026-05-27,200,cf55ab7446436e2bc586408f073849302a6b66d4f423a6cbf6478b77a8b63191,106203,N,static,sitemap|css_selector|url_pattern,0.85,2026-10-06T17:51:31Z,
Cigna,,Alabama,Unknown,968446SP g  NPF 5T Specialty Abridged  05/26 © 2026 Cigna Healthcare. Lista de medicamentos con,other,https://www.cigna.com/static/www-cigna-com/es-us/docs/cigna-national-preferred-prescription-5-tier-specialty-abridged.pdf,https://www.cigna.com/es-us/individuals-families/member-guide/prescription-drug-lists,https://www.cigna.com/sitemap.xml > https://www.cigna.com/health-care-providers/default/sitemap.xml > https://www.cigna.com/es-us/individuals-families/member-guide/prescription-drug-lists > https://www.cigna.com/static/www-cigna-com/es-us/docs/cigna-national-preferred-prescription-5-tier-specialty-abridged.pdf,pdf,,,2026-05-27,200,6845c492e713f228b7ae37540cd0ce20598f517165f6ec356e80910b40e8219c,98315,N,static,sitemap|css_selector|url_pattern,0.85,2026-10-06T17:51:31Z,
Cigna,,Alabama,Unknown,965326SP c Legacy (Performance) 4-Tier 08/26 © 2026 Cigna Healthcare. Lista de medicamentos con,other,https://www.cigna.com/static/www-cigna-com/es-us/docs/ifp/legacy-performance-4-tier.pdf,https://www.cigna.com/es-us/individuals-families/member-guide/prescription-drug-lists,https://www.cigna.com/sitemap.xml > https://www.cigna.com/health-care-providers/default/sitemap.xml > https://www.cigna.com/es-us/individuals-families/member-guide/prescription-drug-lists > https://www.cigna.com/static/www-cigna-com/es-us/docs/ifp/legacy-performance-4-tier.pdf,pdf,,,2026-05-05,200,754e99c049a54b19343990497bed3ceb7ee1da0b49ead764fd39733aaac0536f,1289265,N,static,sitemap|css_selector|url_pattern,0.85,2026-10-06T17:51:31Z,
Cigna,,Alabama,Unknown,986165SP b Legacy (Standard) 3-Tier 04/26 © 2026 Cigna Healthcare. Lista de medicamentos con,other,https://www.cigna.com/static/www-cigna-com/es-us/docs/ifp/legacy-3-tier.pdf,https://www.cigna.com/es-us/individuals-families/member-guide/prescription-drug-lists,https://www.cigna.com/sitemap.xml > https://www.cigna.com/health-care-providers/default/sitemap.xml > https://www.cigna.com/es-us/individuals-families/member-guide/prescription-drug-lists > https://www.cigna.com/static/www-cigna-com/es-us/docs/ifp/legacy-3-tier.pdf,pdf,,,2026-05-05,200,e66f8cf4a55d4b773265e84b2fdaff52f1bdf74f9140a2bfc6753f9ac72f2bcd,1256280,N,static,sitemap|css_selector|url_pattern,0.85,2026-10-06T17:51:31Z,
Cigna,,Alabama,Unknown,965325SP c Legacy (Performance) 3-Tier 04/26 © 2026 Cigna Healthcare. Lista de medicamentos con,other,https://www.cigna.com/static/www-cigna-com/es-us/docs/ifp/legacy-performance-3-tier.pdf,https://www.cigna.com/es-us/individuals-families/member-guide/prescription-drug-lists,https://www.cigna.com/sitemap.xml > https://www.cigna.com/health-care-providers/default/sitemap.xml > https://www.cigna.com/es-us/individuals-families/member-guide/prescription-drug-lists > https://www.cigna.com/static/www-cigna-com/es-us/docs/ifp/legacy-performance-3-tier.pdf,pdf,,,2026-05-05,200,96699ac15fd360c69fe6933a6fb5ee96d43afa20945b722e4528165b853435d8,1286559,N,static,sitemap|css_selector|url_pattern,0.85,2026-10-06T17:51:31Z,
Cigna,,Alabama,Unknown,936806SP r Generics  04/26 © 2026 Cigna Healthcare. Lista de medicamentos,other,https://www.cigna.com/static/www-cigna-com/es-us/docs/ifp/generic-preventive.pdf,https://www.cigna.com/es-us/individuals-families/member-guide/prescription-drug-lists,https://www.cigna.com/sitemap.xml > https://www.cigna.com/health-care-providers/default/sitemap.xml > https://www.cigna.com/es-us/individuals-families/member-guide/prescription-drug-lists > https://www.cigna.com/static/www-cigna-com/es-us/docs/ifp/generic-preventive.pdf,pdf,,,2026-05-26,200,1671084c080659ae48aa090915f69b552d29fd6bd0155baa6d7eca7a7f2af5b3,77904,N,static,sitemap|css_selector|url_pattern,0.85,2026-10-06T17:51:31Z,
Cigna,,Alabama,Unknown,939837SP p Total Savings 3-Tier 04/26 © 2026 Cigna Healthcare. Lista de medicamentos,drug_list,https://www.cigna.com/static/www-cigna-com/es-us/docs/ifp/total-savings-3-tier.pdf,https://www.cigna.com/es-us/individuals-families/member-guide/prescription-drug-lists,https://www.cigna.com/sitemap.xml > https://www.cigna.com/health-care-providers/default/sitemap.xml > https://www.cigna.com/es-us/individuals-families/member-guide/prescription-drug-lists > https://www.cigna.com/static/www-cigna-com/es-us/docs/ifp/total-savings-3-tier.pdf,pdf,,,2026-05-05,200,e3b5f12e1083a520c79d8f4b197a84adb34f7d9b3656262603c309761474ef9c,976529,N,static,sitemap|css_selector|url_pattern,0.95,2026-10-06T17:51:31Z,
Cigna,,Alabama,Unknown,968433SP h PPACA  04/26 © 2026 Cigna Healthcare. Medicamentos preventivos,other,https://www.cigna.com/static/www-cigna-com/es-us/docs/ifp/hcr-prev-coverage-zero-dollar-ppaca-preventive.pdf,https://www.cigna.com/es-us/individuals-families/member-guide/prescription-drug-lists,https://www.cigna.com/sitemap.xml > https://www.cigna.com/health-care-providers/default/sitemap.xml > https://www.cigna.com/es-us/individuals-families/member-guide/prescription-drug-lists > https://www.cigna.com/static/www-cigna-com/es-us/docs/ifp/hcr-prev-coverage-zero-dollar-ppaca-preventive.pdf,pdf,,,2026-05-26,200,eb8b8a9d51851a8392b26dea7726f79c633b27f159cab679529acf786f6454c5,103106,N,static,sitemap|css_selector|url_pattern,0.85,2026-10-06T17:51:31Z,
Cigna,,Alabama,Unknown,916153SP v Legacy (Standard) 4-Tier Specialty 04/26 © 2026 Cigna Healthcare. Lista de medicamentos con,other,https://www.cigna.com/static/www-cigna-com/es-us/docs/ifp/legacy-4-tier-spec.pdf,https://www.cigna.com/es-us/individuals-families/member-guide/prescription-drug-lists,https://www.cigna.com/sitemap.xml > https://www.cigna.com/health-care-providers/default/sitemap.xml > https://www.cigna.com/es-us/individuals-families/member-guide/prescription-drug-lists > https://www.cigna.com/static/www-cigna-com/es-us/docs/ifp/legacy-4-tier-spec.pdf,pdf,,,2026-05-05,200,330baf67eab58fe23393f4e8cc3f911b5328c066d498012a98dc86ae05d3babb,1257542,N,static,sitemap|css_selector|url_pattern,0.85,2026-10-06T17:51:31Z,
Cigna,,Alabama,Unknown,968448SP g  NPF 6T Abridged  05/26 © 2026 Cigna Healthcare. Lista de medicamentos,other,https://www.cigna.com/static/www-cigna-com/es-us/docs/cigna-national-preferred-prescription-6-tier-abridged.pdf,https://www.cigna.com/es-us/individuals-families/member-guide/prescription-drug-lists,https://www.cigna.com/sitemap.xml > https://www.cigna.com/health-care-providers/default/sitemap.xml > https://www.cigna.com/es-us/individuals-families/member-guide/prescription-drug-lists > https://www.cigna.com/static/www-cigna-com/es-us/docs/cigna-national-preferred-prescription-6-tier-abridged.pdf,pdf,,,2026-05-27,200,3f7cd785bc9d55771d12f1820688e0c12849c85e511b6b46643e9aa5a5c29313,106029,N,static,sitemap|css_selector|url_pattern,0.85,2026-10-06T17:51:31Z,
Cigna,,Alabama,Unknown,948530SP r  NPF PPACA  05/26 © 2026 Cigna Healthcare. Medicamentos preventivos,other,https://www.cigna.com/static/www-cigna-com/es-us/docs/ifp/ppaca-zerodollar-prevcoverage-for-cnpf.pdf,https://www.cigna.com/es-us/individuals-families/member-guide/prescription-drug-lists,https://www.cigna.com/sitemap.xml > https://www.cigna.com/health-care-providers/default/sitemap.xml > https://www.cigna.com/es-us/individuals-families/member-guide/prescription-drug-lists > https://www.cigna.com/static/www-cigna-com/es-us/docs/ifp/ppaca-zerodollar-prevcoverage-for-cnpf.pdf,pdf,,,2026-06-04,200,103a5dea7c88c4ecfd8eb9dc555bcd9575fef7d7731dab0779d20c0a195faa6f,173396,N,static,sitemap|css_selector|url_pattern,0.85,2026-10-06T17:51:31Z,
Cigna,,Alabama,Unknown,948528SP n  Generics NPF Standard  05/26 © 2026 Cigna Healthcare. Lista de medicamentos,other,https://www.cigna.com/static/www-cigna-com/es-us/docs/ifp/genericpreventive-standard-for-cnpf.pdf,https://www.cigna.com/es-us/individuals-families/member-guide/prescription-drug-lists,https://www.cigna.com/sitemap.xml > https://www.cigna.com/health-care-providers/default/sitemap.xml > https://www.cigna.com/es-us/individuals-families/member-guide/prescription-drug-lists > https://www.cigna.com/static/www-cigna-com/es-us/docs/ifp/genericpreventive-standard-for-cnpf.pdf,pdf,,,2026-06-04,200,28de941363b3218b51c35e6e0ddc5ea97993e0fc856eec0a8c928c5bd556aaeb,117424,N,static,sitemap|css_selector|url_pattern,0.85,2026-10-06T17:51:31Z,
Cigna,,Alabama,Unknown,948529SP n  Generics NPF Standard Plus  05/26 © 2026 Cigna Healthcare. Lista de medicamentos,other,https://www.cigna.com/static/www-cigna-com/es-us/docs/ifp/genericpreventive-standardplus-for-cnpf.pdf,https://www.cigna.com/es-us/individuals-families/member-guide/prescription-drug-lists,https://www.cigna.com/sitemap.xml > https://www.cigna.com/health-care-providers/default/sitemap.xml > https://www.cigna.com/es-us/individuals-families/member-guide/prescription-drug-lists > https://www.cigna.com/static/www-cigna-com/es-us/docs/ifp/genericpreventive-standardplus-for-cnpf.pdf,pdf,,,2026-06-04,200,63324ae86ad1d27b462f4d676c0677ad88f2c96269c20007eb59d8696116fa31,119936,N,static,sitemap|css_selector|url_pattern,0.85,2026-10-06T17:51:31Z,
Cigna,,Alabama,Unknown,936809SP r Generics&PBs Stand/Perf  04/26 © 2026 Cigna Healthcare. Lista de medicamentos,other,https://www.cigna.com/static/www-cigna-com/es-us/docs/ifp/prev-gen-and-pb-for-std-perf.pdf,https://www.cigna.com/es-us/individuals-families/member-guide/prescription-drug-lists,https://www.cigna.com/sitemap.xml > https://www.cigna.com/health-care-providers/default/sitemap.xml > https://www.cigna.com/es-us/individuals-families/member-guide/prescription-drug-lists > https://www.cigna.com/static/www-cigna-com/es-us/docs/ifp/prev-gen-and-pb-for-std-perf.pdf,pdf,,,2026-05-26,200,4d713e2161b4329ce3760b60922dd2de477d5a89f964e6688f8055eafcdf626a,94200,N,static,sitemap|css_selector|url_pattern,0.85,2026-10-06T17:51:32Z,
Cigna,,Alabama,Unknown,948527SP p  All Prev NPF Standard Plus  05/26 © 2026 Cigna Healthcare. Lista de medicamentos,other,https://www.cigna.com/static/www-cigna-com/es-us/docs/ifp/all-prev-standardplus-for-cnpf.pdf,https://www.cigna.com/es-us/individuals-families/member-guide/prescription-drug-lists,https://www.cigna.com/sitemap.xml > https://www.cigna.com/health-care-providers/default/sitemap.xml > https://www.cigna.com/es-us/individuals-families/member-guide/prescription-drug-lists > https://www.cigna.com/static/www-cigna-com/es-us/docs/ifp/all-prev-standardplus-for-cnpf.pdf,pdf,,,2026-06-04,200,c92fe49296715f0a889e693d6adf3df1ed0e25f20223d4f630e7e62b21af525c,166940,N,static,sitemap|css_selector|url_pattern,0.85,2026-10-06T17:51:32Z,
Cigna,,Alabama,Unknown,936807SP r Generics&PBs Value/Adv  04/26 © 2026 Cigna Healthcare. Los medicamentos preventivos pueden ayudarle a evitar ciertas condiciones médicas,other,https://www.cigna.com/static/www-cigna-com/es-us/docs/ifp/prev-gen-and-pb-for-value-adv.pdf,https://www.cigna.com/es-us/individuals-families/member-guide/prescription-drug-lists,https://www.cigna.com/sitemap.xml > https://www.cigna.com/health-care-providers/default/sitemap.xml > https://www.cigna.com/es-us/individuals-families/member-guide/prescription-drug-lists > https://www.cigna.com/static/www-cigna-com/es-us/docs/ifp/prev-gen-and-pb-for-value-adv.pdf,pdf,,,2026-05-26,200,022e466ee1d9ee812705007238cced1307696b798fbfb35850a66a60e17b458f,94144,N,static,sitemap|css_selector|url_pattern,0.85,2026-10-06T17:51:32Z,
Cigna,,Alabama,Unknown,958193SP m  Generics&PBs NPF Standard  05/26 © 2026 Cigna Healthcare. Los medicamentos preventivos pueden ayudarle a evitar ciertas condiciones,other,https://www.cigna.com/static/www-cigna-com/es-us/docs/ifp/prev-gen-and-pb-standard-for-cnpf.pdf,https://www.cigna.com/es-us/individuals-families/member-guide/prescription-drug-lists,https://www.cigna.com/sitemap.xml > https://www.cigna.com/health-care-providers/default/sitemap.xml > https://www.cigna.com/es-us/individuals-families/member-guide/prescription-drug-lists > https://www.cigna.com/static/www-cigna-com/es-us/docs/ifp/prev-gen-and-pb-standard-for-cnpf.pdf,pdf,,,2026-06-04,200,e8cde88e7c41d82676dc44ff68640df97dc1cea974235fd67f1491d01ecbfb4c,137477,N,static,sitemap|css_selector|url_pattern,0.85,2026-10-06T17:51:32Z,
Cigna,,Alabama,Unknown,948526SP p  All Prev NPF Standard  05/26 © 2026 Cigna Healthcare. Lista de medicamentos,other,https://www.cigna.com/static/www-cigna-com/es-us/docs/ifp/all-prev-standard-for-cnpf.pdf,https://www.cigna.com/es-us/individuals-families/member-guide/prescription-drug-lists,https://www.cigna.com/sitemap.xml > https://www.cigna.com/health-care-providers/default/sitemap.xml > https://www.cigna.com/es-us/individuals-families/member-guide/prescription-drug-lists > https://www.cigna.com/static/www-cigna-com/es-us/docs/ifp/all-prev-standard-for-cnpf.pdf,pdf,,,2026-06-04,200,e71ec2bec1d2d3edbe2290c900dbfe8c4a31d3ce1c274634691bdc3bd686c9e1,152263,N,static,sitemap|css_selector|url_pattern,0.85,2026-10-06T17:51:32Z,
Cigna,,Alabama,Unknown,958194SP m  Generics&PBs NPF Standard Plus  05/26 © 2026 Cigna Healthcare. Los medicamentos preventivos pueden ayudarle a evitar ciertas condiciones,other,https://www.cigna.com/static/www-cigna-com/es-us/docs/ifp/prev-gen-and-pb-standardplus-for-cnpf.pdf,https://www.cigna.com/es-us/individuals-families/member-guide/prescription-drug-lists,https://www.cigna.com/sitemap.xml > https://www.cigna.com/health-care-providers/default/sitemap.xml > https://www.cigna.com/es-us/individuals-families/member-guide/prescription-drug-lists > https://www.cigna.com/static/www-cigna-com/es-us/docs/ifp/prev-gen-and-pb-standardplus-for-cnpf.pdf,pdf,,,2026-06-04,200,cc9b899d9b008232823c69921d95e662862720c89045454b0391b36e0b415513,149628,N,static,sitemap|css_selector|url_pattern,0.85,2026-10-06T17:51:32Z,
Cigna,,Alabama,Unknown,936810SP r All Prev Stand/Perf  04/26 © 2026 Cigna Healthcare. Lista de medicamentos,other,https://www.cigna.com/static/www-cigna-com/es-us/docs/ifp/all-prev-std-perf.pdf,https://www.cigna.com/es-us/individuals-families/member-guide/prescription-drug-lists,https://www.cigna.com/sitemap.xml > https://www.cigna.com/health-care-providers/default/sitemap.xml > https://www.cigna.com/es-us/individuals-families/member-guide/prescription-drug-lists > https://www.cigna.com/static/www-cigna-com/es-us/docs/ifp/all-prev-std-perf.pdf,pdf,,,2026-05-26,200,6fbbd196f876fe80b7d6ef5b8e675fcbf87ccdd9395cd002911964466e9a9eeb,93081,N,static,sitemap|css_selector|url_pattern,0.85,2026-10-06T17:51:32Z,
Cigna,,Alabama,Unknown,936808SP r All Prev Value/Adv  04/26 © 2026 Cigna Healthcare. Lista de medicamentos,other,https://www.cigna.com/static/www-cigna-com/es-us/docs/ifp/all-prev-value-adv.pdf,https://www.cigna.com/es-us/individuals-families/member-guide/prescription-drug-lists,https://www.cigna.com/sitemap.xml > https://www.cigna.com/health-care-providers/default/sitemap.xml > https://www.cigna.com/es-us/individuals-families/member-guide/prescription-drug-lists > https://www.cigna.com/static/www-cigna-com/es-us/docs/ifp/all-prev-value-adv.pdf,pdf,,,2026-05-26,200,c1b13b398ba189ebe2a607e3aab5bef6cb657b5ac9e299d36fecdd45f2125868,93018,N,static,sitemap|css_selector|url_pattern,0.85,2026-10-06T17:51:32Z,
Cigna,,Alabama,Unknown,936811SP r All Prev Legacy  04/26 © 2026 Cigna Healthcare. Los medicamentos preventivos pueden ayudarle a evitar ciertas condiciones médicas,other,https://www.cigna.com/static/www-cigna-com/es-us/docs/ifp/all-prev-legacy.pdf,https://www.cigna.com/es-us/individuals-families/member-guide/prescription-drug-lists,https://www.cigna.com/sitemap.xml > https://www.cigna.com/health-care-providers/default/sitemap.xml > https://www.cigna.com/es-us/individuals-families/member-guide/prescription-drug-lists > https://www.cigna.com/static/www-cigna-com/es-us/docs/ifp/all-prev-legacy.pdf,pdf,,,2026-05-26,200,5175786333fd0d103b7aad0a409e50dd7e9d027992c5813c1e0c90556bc5bc97,94815,N,static,sitemap|css_selector|url_pattern,0.85,2026-10-06T17:51:32Z,
Cigna,,Alabama,Unknown,951740SP n Generics&PBs Legacy  04/26 © 2026 Cigna Healthcare. Lista de medicamentos,other,https://www.cigna.com/static/www-cigna-com/es-us/docs/ifp/prev-gen-and-pb-for-legacy.pdf,https://www.cigna.com/es-us/individuals-families/member-guide/prescription-drug-lists,https://www.cigna.com/sitemap.xml > https://www.cigna.com/health-care-providers/default/sitemap.xml > https://www.cigna.com/es-us/individuals-families/member-guide/prescription-drug-lists > https://www.cigna.com/static/www-cigna-com/es-us/docs/ifp/prev-gen-and-pb-for-legacy.pdf,pdf,,,2026-05-26,200,b295d9b1081272ade6abed03d9ed685cec1d55a0546b0a4f0cb2587d9636fff4,94521,N,static,sitemap|css_selector|url_pattern,0.85,2026-10-06T17:51:32Z,
Cigna,,Alabama,Unknown,960871SP k OptionalCategories  04/26 © 2026 Cigna Healthcare. Costo de los medicamentos preventivos.,other,https://www.cigna.com/static/www-cigna-com/es-us/docs/ifp/prev-plus-optional-categories.pdf,https://www.cigna.com/es-us/individuals-families/member-guide/prescription-drug-lists,https://www.cigna.com/sitemap.xml > https://www.cigna.com/health-care-providers/default/sitemap.xml > https://www.cigna.com/es-us/individuals-families/member-guide/prescription-drug-lists > https://www.cigna.com/static/www-cigna-com/es-us/docs/ifp/prev-plus-optional-categories.pdf,pdf,,,2026-05-26,200,79caea5a0b3edb002dcb65acec3a134df312ba6af1f9c3ccf93278689c6200e9,68746,N,static,sitemap|css_selector|url_pattern,0.85,2026-10-06T17:51:32Z,
Cigna,,Alabama,Unknown,960872SP k DiabetesSupplies S/V/P/A  04/26 © 2026 Cigna Healthcare. Los insumos para la diabetes le ayudan a controlar su condición. Le proporcionan,other,https://www.cigna.com/static/www-cigna-com/es-us/docs/ifp/diabetic-supplies-std-val-per-adv.pdf,https://www.cigna.com/es-us/individuals-families/member-guide/prescription-drug-lists,https://www.cigna.com/sitemap.xml > https://www.cigna.com/health-care-providers/default/sitemap.xml > https://www.cigna.com/es-us/individuals-families/member-guide/prescription-drug-lists > https://www.cigna.com/static/www-cigna-com/es-us/docs/ifp/diabetic-supplies-std-val-per-adv.pdf,pdf,,,2026-05-26,200,6bf06d8011ab323b296a5c6dffc20e19f1f7572b43edd55dd8f86138f1db5242,68957,N,static,sitemap|css_selector|url_pattern,0.85,2026-10-06T17:51:32Z,
Cigna,,Alabama,Unknown,960873SP k DiabetesSupplies Legacy  04/26 © 2026 Cigna Healthcare. Insumos para la diabetes:,other,https://www.cigna.com/static/www-cigna-com/es-us/docs/ifp/diabetic-supplies-legacy.pdf,https://www.cigna.com/es-us/individuals-families/member-guide/prescription-drug-lists,https://www.cigna.com/sitemap.xml > https://www.cigna.com/health-care-providers/default/sitemap.xml > https://www.cigna.com/es-us/individuals-families/member-guide/prescription-drug-lists > https://www.cigna.com/static/www-cigna-com/es-us/docs/ifp/diabetic-supplies-legacy.pdf,pdf,,,2026-05-26,200,815f928be9d525b2229c164ed6f49993aa23fb909bf34e7cec8c5dd32191c2da,69405,N,static,sitemap|css_selector|url_pattern,0.85,2026-10-06T17:51:32Z,
Cigna,,Unknown,Unknown,986172SP c  04/26 © 2026 Cigna Healthcare. Lista de medicamentos,other,https://www.cigna.com/static/www-cigna-com/es-us/docs/copay-assurance-plan-drug-list.pdf,https://www.cigna.com/es-us/individuals-families/member-guide/prescription-drug-lists,https://www.cigna.com/sitemap.xml > https://www.cigna.com/health-care-providers/default/sitemap.xml > https://www.cigna.com/es-us/individuals-families/member-guide/prescription-drug-lists > https://www.cigna.com/static/www-cigna-com/es-us/docs/copay-assurance-plan-drug-list.pdf,pdf,,,2026-05-05,200,50f2f254514e7fb8d54aa8a57454a121f57346d30039bd1308cf3066b47570dd,77157,N,static,sitemap|css_selector|url_pattern,0.85,2026-10-06T17:51:32Z,
Cigna,,Alabama,Unknown,938066SP p CA Standard 3-Tier 07/26 © 2026 Cigna Healthcare. Lista de medicamentos con,other,https://www.cigna.com/static/www-cigna-com/es-us/docs/ifp/ca-standard-3-tier-dhmc.pdf,https://www.cigna.com/es-us/individuals-families/member-guide/prescription-drug-lists,https://www.cigna.com/sitemap.xml > https://www.cigna.com/health-care-providers/default/sitemap.xml > https://www.cigna.com/es-us/individuals-families/member-guide/prescription-drug-lists > https://www.cigna.com/static/www-cigna-com/es-us/docs/ifp/ca-standard-3-tier-dhmc.pdf,pdf,,,2026-08-03,200,4f6d9e0df70800d26c9807fe397362a26cfeb4973d96fe4cdcdfc3bf24ff3a54,4280973,N,static,sitemap|css_selector|url_pattern,0.85,2026-10-06T17:51:38Z,
Cigna,,Alabama,Unknown,927829SP p CA Standard 3-Tier 07/26 © 2026 Cigna Healthcare. Lista de medicamentos con,other,https://www.cigna.com/static/www-cigna-com/es-us/docs/ifp/ca-standard-3-tier-cdi.pdf,https://www.cigna.com/es-us/individuals-families/member-guide/prescription-drug-lists,https://www.cigna.com/sitemap.xml > https://www.cigna.com/health-care-providers/default/sitemap.xml > https://www.cigna.com/es-us/individuals-families/member-guide/prescription-drug-lists > https://www.cigna.com/static/www-cigna-com/es-us/docs/ifp/ca-standard-3-tier-cdi.pdf,pdf,,,2026-08-03,200,4a4e7b597699d2a16040e618d8c00e25778c53e3d504bbbedbf0b0e01f507d82,4636300,N,static,sitemap|css_selector|url_pattern,0.85,2026-10-06T17:51:39Z,
Cigna,,Alabama,Unknown,927831SP p CA Standard 4-Tier Specialty  06/26 © 2026 Cigna Healthcare. Lista de medicamentos con,other,https://www.cigna.com/static/www-cigna-com/es-us/docs/ifp/ca-standard-4-tier-spec-cdi.pdf,https://www.cigna.com/es-us/individuals-families/member-guide/prescription-drug-lists,https://www.cigna.com/sitemap.xml > https://www.cigna.com/health-care-providers/default/sitemap.xml > https://www.cigna.com/es-us/individuals-families/member-guide/prescription-drug-lists > https://www.cigna.com/static/www-cigna-com/es-us/docs/ifp/ca-standard-4-tier-spec-cdi.pdf,pdf,,,2026-08-03,200,e0bad22b6e57fc497e6842e85afebaf889b0e28d304ff5d626fb6ec394c05ab6,3964934,N,static,sitemap|css_selector|url_pattern,0.85,2026-10-06T17:51:39Z,
Cigna,,Alabama,Unknown,938068SP p CA Standard 4-Tier Specialty 06/26 © 2026 Cigna Healthcare. Lista de medicamentos con,other,https://www.cigna.com/static/www-cigna-com/es-us/docs/ifp/ca-standard-4-tier-spec-dhmc.pdf,https://www.cigna.com/es-us/individuals-families/member-guide/prescription-drug-lists,https://www.cigna.com/sitemap.xml > https://www.cigna.com/health-care-providers/default/sitemap.xml > https://www.cigna.com/es-us/individuals-families/member-guide/prescription-drug-lists > https://www.cigna.com/static/www-cigna-com/es-us/docs/ifp/ca-standard-4-tier-spec-dhmc.pdf,pdf,,,2026-08-03,200,3108338779864e8cb94ecacd9dffb22ce8bf8db1b9a1ec77b0abbe5e8741ebac,4281578,N,static,sitemap|css_selector|url_pattern,0.85,2026-10-06T17:51:40Z,
Cigna,,Alabama,Unknown,927834SP p CA Value 4-Tier Specialty 06/26 © 2026 Cigna Healthcare. Lista de medicamentos con,other,https://www.cigna.com/static/www-cigna-com/es-us/docs/ifp/ca-value-4-tier-spec-cdi.pdf,https://www.cigna.com/es-us/individuals-families/member-guide/prescription-drug-lists,https://www.cigna.com/sitemap.xml > https://www.cigna.com/health-care-providers/default/sitemap.xml > https://www.cigna.com/es-us/individuals-families/member-guide/prescription-drug-lists > https://www.cigna.com/static/www-cigna-com/es-us/docs/ifp/ca-value-4-tier-spec-cdi.pdf,pdf,,,2026-08-03,200,d38de86e1fbb0656e96751bd3d960faa62c266027549a14ac0b3b52f2d51e4a2,4447299,N,static,sitemap|css_selector|url_pattern,0.85,2026-10-06T17:51:41Z,
Cigna,,Alabama,Unknown,927832SP p CA Value 3-Tier 06/26 © 2026 Cigna Healthcare. Lista de medicamentos con,other,https://www.cigna.com/static/www-cigna-com/es-us/docs/ifp/ca-value-3-tier-cdi.pdf,https://www.cigna.com/es-us/individuals-families/member-guide/prescription-drug-lists,https://www.cigna.com/sitemap.xml > https://www.cigna.com/health-care-providers/default/sitemap.xml > https://www.cigna.com/es-us/individuals-families/member-guide/prescription-drug-lists > https://www.cigna.com/static/www-cigna-com/es-us/docs/ifp/ca-value-3-tier-cdi.pdf,pdf,,,2026-08-03,200,df76dd815dd4421b13b7ad887a924f02d6bf130ed10d62215457718891e0462a,5096099,N,static,sitemap|css_selector|url_pattern,0.85,2026-10-06T17:51:41Z,
Cigna,,Alabama,Unknown,938071SP p CA Value 4-Tier Specialty 06/26 © 2026 Cigna Healthcare. Lista de medicamentos con,other,https://www.cigna.com/static/www-cigna-com/es-us/docs/ifp/ca-value-4-tier-spec-dhmc.pdf,https://www.cigna.com/es-us/individuals-families/member-guide/prescription-drug-lists,https://www.cigna.com/sitemap.xml > https://www.cigna.com/health-care-providers/default/sitemap.xml > https://www.cigna.com/es-us/individuals-families/member-guide/prescription-drug-lists > https://www.cigna.com/static/www-cigna-com/es-us/docs/ifp/ca-value-4-tier-spec-dhmc.pdf,pdf,,,2026-08-03,200,88e6ba7fffc8b4e02d318a1c90973dfd9ddbed840e0375657639659ae4cfe603,4786608,N,static,sitemap|css_selector|url_pattern,0.85,2026-10-06T17:51:42Z,
Cigna,,Alabama,Unknown,938069SP p CA Value 3-Tier  06/26 © 2026 Cigna Healthcare. Lista de medicamentos con,other,https://www.cigna.com/static/www-cigna-com/es-us/docs/ifp/ca-value-3-tier-dhmc.pdf,https://www.cigna.com/es-us/individuals-families/member-guide/prescription-drug-lists,https://www.cigna.com/sitemap.xml > https://www.cigna.com/health-care-providers/default/sitemap.xml > https://www.cigna.com/es-us/individuals-families/member-guide/prescription-drug-lists > https://www.cigna.com/static/www-cigna-com/es-us/docs/ifp/ca-value-3-tier-dhmc.pdf,pdf,,,2026-08-03,200,dc697b6485f8140df0d10d6caafbc7c74f410f871aa89b7fa1da82344ddcb8d7,4799544,N,static,sitemap|css_selector|url_pattern,0.85,2026-10-06T17:51:43Z,
Cigna,,Alabama,Unknown,927839SP p CA Performance 4-Tier  06/26 © 2026 Cigna Healthcare. Lista de medicamentos,other,https://www.cigna.com/static/www-cigna-com/es-us/docs/ifp/ca-performance-4-tier-spec-cdi.pdf,https://www.cigna.com/es-us/individuals-families/member-guide/prescription-drug-lists,https://www.cigna.com/sitemap.xml > https://www.cigna.com/health-care-providers/default/sitemap.xml > https://www.cigna.com/es-us/individuals-families/member-guide/prescription-drug-lists > https://www.cigna.com/static/www-cigna-com/es-us/docs/ifp/ca-performance-4-tier-spec-cdi.pdf,pdf,,,2026-08-03,200,11cf06c6de00a3e58724faf196ae24999ee2897bd602dd0f30b31204adb28ac7,5287665,N,static,sitemap|css_selector|url_pattern,0.85,2026-10-06T17:51:43Z,
Cigna,,Alabama,Unknown,927838SP p CA Performance 3-Tier 06/26 © 2026 Cigna Healthcare. Lista de medicamentos,other,https://www.cigna.com/static/www-cigna-com/es-us/docs/ifp/ca-performance-3-tier-cdi.pdf,https://www.cigna.com/es-us/individuals-families/member-guide/prescription-drug-lists,https://www.cigna.com/sitemap.xml > https://www.cigna.com/health-care-providers/default/sitemap.xml > https://www.cigna.com/es-us/individuals-families/member-guide/prescription-drug-lists > https://www.cigna.com/static/www-cigna-com/es-us/docs/ifp/ca-performance-3-tier-cdi.pdf,pdf,,,2026-08-03,200,0dd3109d28c8e4d90d9212bf70f9c3211240cb4c2b06bc295632c0717f83f1a1,4995769,N,static,sitemap|css_selector|url_pattern,0.85,2026-10-06T17:51:44Z,
Cigna,,Alabama,Unknown,927840SP p CA Advantage 3-Tier 06/26 © 2026 Cigna Healthcare. Lista de medicamentos,other,https://www.cigna.com/static/www-cigna-com/es-us/docs/ifp/ca-advantage-3-tier-cdi.pdf,https://www.cigna.com/es-us/individuals-families/member-guide/prescription-drug-lists,https://www.cigna.com/sitemap.xml > https://www.cigna.com/health-care-providers/default/sitemap.xml > https://www.cigna.com/es-us/individuals-families/member-guide/prescription-drug-lists > https://www.cigna.com/static/www-cigna-com/es-us/docs/ifp/ca-advantage-3-tier-cdi.pdf,pdf,,,2026-08-03,200,d26a20834e3966df2bdf4cc54011e40274f7c09b863d6af8f774582d8760d9e6,4936645,N,static,sitemap|css_selector|url_pattern,0.85,2026-10-06T17:51:46Z,
Cigna,,Alabama,Unknown,927841SP p CA Advantage 4-Tier 06/26 © 2026 Cigna Healthcare. Lista de medicamentos con,other,https://www.cigna.com/static/www-cigna-com/es-us/docs/ifp/ca-advantage-4-tier-spec-cdi.pdf,https://www.cigna.com/es-us/individuals-families/member-guide/prescription-drug-lists,https://www.cigna.com/sitemap.xml > https://www.cigna.com/health-care-providers/default/sitemap.xml > https://www.cigna.com/es-us/individuals-families/member-guide/prescription-drug-lists > https://www.cigna.com/static/www-cigna-com/es-us/docs/ifp/ca-advantage-4-tier-spec-cdi.pdf,pdf,,,2026-08-03,200,8c8fe2317f52c77885c35094776136954172d95ed94684c8108e2fda94be7d26,5216766,N,static,sitemap|css_selector|url_pattern,0.85,2026-10-06T17:51:47Z,
Cigna,,Alabama,Unknown,951749SP m CA Total Savings 3-Tier 06/26 © 2026 Cigna Healthcare. Lista de medicamentos con,drug_list,https://www.cigna.com/static/www-cigna-com/es-us/docs/ifp/ca-total-savings-3-tier-cdi.pdf,https://www.cigna.com/es-us/individuals-families/member-guide/prescription-drug-lists,https://www.cigna.com/sitemap.xml > https://www.cigna.com/health-care-providers/default/sitemap.xml > https://www.cigna.com/es-us/individuals-families/member-guide/prescription-drug-lists > https://www.cigna.com/static/www-cigna-com/es-us/docs/ifp/ca-total-savings-3-tier-cdi.pdf,pdf,,,2026-08-03,200,ef06b9ee7d45db1d46503740c0f7a009bcd4fb538f5a98685072936ed66365f1,3770921,N,static,sitemap|css_selector|url_pattern,0.95,2026-10-06T17:51:50Z,
Cigna,,Alabama,Unknown,927835SP p CA Legacy (Standard) 3-Tier 06/26 © 2026 Cigna Healthcare. Lista de medicamentos con,other,https://www.cigna.com/static/www-cigna-com/es-us/docs/ifp/ca-legacy-stnd-3-tier-cdi.pdf,https://www.cigna.com/es-us/individuals-families/member-guide/prescription-drug-lists,https://www.cigna.com/sitemap.xml > https://www.cigna.com/health-care-providers/default/sitemap.xml > https://www.cigna.com/es-us/individuals-families/member-guide/prescription-drug-lists > https://www.cigna.com/static/www-cigna-com/es-us/docs/ifp/ca-legacy-stnd-3-tier-cdi.pdf,pdf,,,2026-08-03,200,fe3b6ebd89a20f7d03f2b96598bc0b03d4910bee1445110d4bff6ca52ad3c532,5384836,N,static,sitemap|css_selector|url_pattern,0.85,2026-10-06T17:51:51Z,
Cigna,,Alabama,Unknown,927837SP p CA Legacy (Standard) 4-Tier Specialty  06/26 © 2026 Cigna Healthcare. Lista de medicamentos con,other,https://www.cigna.com/static/www-cigna-com/es-us/docs/ifp/ca-legacy-stnd-4-tier-spec-cdi.pdf,https://www.cigna.com/es-us/individuals-families/member-guide/prescription-drug-lists,https://www.cigna.com/sitemap.xml > https://www.cigna.com/health-care-providers/default/sitemap.xml > https://www.cigna.com/es-us/individuals-families/member-guide/prescription-drug-lists > https://www.cigna.com/static/www-cigna-com/es-us/docs/ifp/ca-legacy-stnd-4-tier-spec-cdi.pdf,pdf,,,2026-08-03,200,86204ea0721c7664dcaa9e6e852e63e581a08d62ac81472a0b71cd91798c2b63,5841842,N,static,sitemap|css_selector|url_pattern,0.85,2026-10-06T17:51:52Z,
Cigna,,Alabama,Unknown,938072SP p CA Legacy (Standard) 3-Tier 06/26 © 2026 Cigna Healthcare. Lista de medicamentos con,other,https://www.cigna.com/static/www-cigna-com/es-us/docs/ifp/ca-legacy-stnd-3-tier-dhmc.pdf,https://www.cigna.com/es-us/individuals-families/member-guide/prescription-drug-lists,https://www.cigna.com/sitemap.xml > https://www.cigna.com/health-care-providers/default/sitemap.xml > https://www.cigna.com/es-us/individuals-families/member-guide/prescription-drug-lists > https://www.cigna.com/static/www-cigna-com/es-us/docs/ifp/ca-legacy-stnd-3-tier-dhmc.pdf,pdf,,,2026-08-03,200,43210ca3f8950eef3531d5eb6b71130a3664812d6f8872b5f48d5bfd72047a06,5822810,N,static,sitemap|css_selector|url_pattern,0.85,2026-10-06T17:51:53Z,
Cigna,,Alabama,Unknown,938074SP p CA Legacy (Standard) 4-Tier Specialty 06/26 © 2026 Cigna Healthcare. Lista de medicamentos con,other,https://www.cigna.com/static/www-cigna-com/es-us/docs/ifp/ca-legacy-stnd-4-tier-spec-dhmc.pdf,https://www.cigna.com/es-us/individuals-families/member-guide/prescription-drug-lists,https://www.cigna.com/sitemap.xml > https://www.cigna.com/health-care-providers/default/sitemap.xml > https://www.cigna.com/es-us/individuals-families/member-guide/prescription-drug-lists > https://www.cigna.com/static/www-cigna-com/es-us/docs/ifp/ca-legacy-stnd-4-tier-spec-dhmc.pdf,pdf,,,2026-08-03,200,220e19e5f5b836bf41afe1c07ddcb35c0b7e7054ab0384249cda9a780575a771,5400414,N,static,sitemap|css_selector|url_pattern,0.85,2026-10-06T17:51:54Z,
Cigna,,Alabama,Unknown,951800SP m CA NPF 3-Tier 06/26 © 2026 Cigna Healthcare. Lista de medicamentos con,other,https://www.cigna.com/static/www-cigna-com/es-us/docs/ifp/ca-cigna-national-pref-3-tier-cdi.pdf,https://www.cigna.com/es-us/individuals-families/member-guide/prescription-drug-lists,https://www.cigna.com/sitemap.xml > https://www.cigna.com/health-care-providers/default/sitemap.xml > https://www.cigna.com/es-us/individuals-families/member-guide/prescription-drug-lists > https://www.cigna.com/static/www-cigna-com/es-us/docs/ifp/ca-cigna-national-pref-3-tier-cdi.pdf,pdf,,,2026-08-17,200,2fb8c1b6031541e44b123cf9c625a4b73f6c00d088692a4b7c0d469a4ec6ae6e,5420723,N,static,sitemap|css_selector|url_pattern,0.85,2026-10-06T17:51:55Z,
Cigna,,Alabama,Unknown,927843SP p CA Legacy (Performance) 4-Tier 06/26 © 2026 Cigna Healthcare. Lista de medicamentos,other,https://www.cigna.com/static/www-cigna-com/es-us/docs/ifp/ca-legacy-perf-4-tier-cdi.pdf,https://www.cigna.com/es-us/individuals-families/member-guide/prescription-drug-lists,https://www.cigna.com/sitemap.xml > https://www.cigna.com/health-care-providers/default/sitemap.xml > https://www.cigna.com/es-us/individuals-families/member-guide/prescription-drug-lists > https://www.cigna.com/static/www-cigna-com/es-us/docs/ifp/ca-legacy-perf-4-tier-cdi.pdf,pdf,,,2026-08-03,200,53883e2ab06da91f7a02c50ce0dbd43bd616e8efd57b00718567c9a5d6cc12f9,6368356,N,static,sitemap|css_selector|url_pattern,0.85,2026-10-06T17:51:56Z,
Cigna,,Alabama,Unknown,951801SP m CA NPF 3-Tier 06/26 © 2026 Cigna Healthcare. Lista de medicamentos con,other,https://www.cigna.com/static/www-cigna-com/es-us/docs/ifp/ca-cigna-national-pref-3-tier-dhmc.pdf,https://www.cigna.com/es-us/individuals-families/member-guide/prescription-drug-lists,https://www.cigna.com/sitemap.xml > https://www.cigna.com/health-care-providers/default/sitemap.xml > https://www.cigna.com/es-us/individuals-families/member-guide/prescription-drug-lists > https://www.cigna.com/static/www-cigna-com/es-us/docs/ifp/ca-cigna-national-pref-3-tier-dhmc.pdf,pdf,,,2026-08-17,200,5da3e22428a5d70f3f4107f8d43680490aa7783d547faff5c66768e7ce066321,5772436,N,static,sitemap|css_selector|url_pattern,0.85,2026-10-06T17:51:57Z,
Cigna,,Alabama,Unknown,975745SP f CA NPF 4-Tier Split Generics 06/26 © 2026 Cigna Healthcare. Lista de medicamentos con,other,https://www.cigna.com/static/www-cigna-com/es-us/docs/ca-cnpf-4-tier-splitgenerics-doi.pdf,https://www.cigna.com/es-us/individuals-families/member-guide/prescription-drug-lists,https://www.cigna.com/sitemap.xml > https://www.cigna.com/health-care-providers/default/sitemap.xml > https://www.cigna.com/es-us/individuals-families/member-guide/prescription-drug-lists > https://www.cigna.com/static/www-cigna-com/es-us/docs/ca-cnpf-4-tier-splitgenerics-doi.pdf,pdf,,,2026-08-17,200,4dc3f3a08abf8bd57f5f3b64d0f9e8a01a501d901470a878cad63f30a3e7c508,5410200,N,static,sitemap|css_selector|url_pattern,0.85,2026-10-06T17:51:58Z,
Cigna,,Alabama,Unknown,927842SP p CA Legacy (Performance) 3-Tier 06/26 © 2026 Cigna Healthcare. Lista de medicamentos,other,https://www.cigna.com/static/www-cigna-com/es-us/docs/ifp/ca-legacy-perf-3-tier-cdi.pdf,https://www.cigna.com/es-us/individuals-families/member-guide/prescription-drug-lists,https://www.cigna.com/sitemap.xml > https://www.cigna.com/health-care-providers/default/sitemap.xml > https://www.cigna.com/es-us/individuals-families/member-guide/prescription-drug-lists > https://www.cigna.com/static/www-cigna-com/es-us/docs/ifp/ca-legacy-perf-3-tier-cdi.pdf,pdf,,,2026-08-03,200,470031f102a7a62b898ea81667c89d50bd9b9fd0ec1554424d20946fa60461bb,6033202,N,static,sitemap|css_selector|url_pattern,0.85,2026-10-06T17:51:59Z,
Cigna,,Alabama,Unknown,975750SP f CA NPF 4-Tier Split Generics 06/26 © 2026 Cigna Healthcare. Lista de medicamentos con,other,https://www.cigna.com/static/www-cigna-com/es-us/docs/ca-cnpf-4-tier-splitgenerics-hmo.pdf,https://www.cigna.com/es-us/individuals-families/member-guide/prescription-drug-lists,https://www.cigna.com/sitemap.xml > https://www.cigna.com/health-care-providers/default/sitemap.xml > https://www.cigna.com/es-us/individuals-families/member-guide/prescription-drug-lists > https://www.cigna.com/static/www-cigna-com/es-us/docs/ca-cnpf-4-tier-splitgenerics-hmo.pdf,pdf,,,2026-08-17,200,cd144b0d38a7fc157d380723ad0be21281b4bbaf63951f19c78377fbeff66f09,4778833,N,static,sitemap|css_selector|url_pattern,0.85,2026-10-06T17:52:00Z,
Cigna,,Alabama,Unknown,975749SP f CA NPF 4-Tier Specialty 06/26 © 2026 Cigna Healthcare. Lista de medicamentos con,other,https://www.cigna.com/static/www-cigna-com/es-us/docs/ca-cnpf-4-tier-specialty-hmo.pdf,https://www.cigna.com/es-us/individuals-families/member-guide/prescription-drug-lists,https://www.cigna.com/sitemap.xml > https://www.cigna.com/health-care-providers/default/sitemap.xml > https://www.cigna.com/es-us/individuals-families/member-guide/prescription-drug-lists > https://www.cigna.com/static/www-cigna-com/es-us/docs/ca-cnpf-4-tier-specialty-hmo.pdf,pdf,,,2026-08-17,200,97d9ae585a19c5a53be936780c7faf1de056ebdaef2a6f00c1dba6a23e5136b2,4769052,N,static,sitemap|css_selector|url_pattern,0.85,2026-10-06T17:52:01Z,
Cigna,,Alabama,Unknown,975744SP f CA NPF 4-Tier Specialty 06/26 © 2026 Cigna Healthcare. Lista de medicamentos con,other,https://www.cigna.com/static/www-cigna-com/es-us/docs/ca-cnpf-4-tier-specialty-doi.pdf,https://www.cigna.com/es-us/individuals-families/member-guide/prescription-drug-lists,https://www.cigna.com/sitemap.xml > https://www.cigna.com/health-care-providers/default/sitemap.xml > https://www.cigna.com/es-us/individuals-families/member-guide/prescription-drug-lists > https://www.cigna.com/static/www-cigna-com/es-us/docs/ca-cnpf-4-tier-specialty-doi.pdf,pdf,,,2026-08-17,200,b2b2b48834008be94dae5dba311af0740cf327a0bb83758600d9f13029404199,5412441,N,static,sitemap|css_selector|url_pattern,0.85,2026-10-06T17:52:02Z,
Cigna,,Alabama,Medicare,591692SPc Rev. 11/2023 Formulario de reclamo médico,other,https://www.cigna.com/static/www-cigna-com/es-us/docs/forms-medical-claim.pdf,https://www.cigna.com/individuals-families/shop-plans/transparency-in-coverage,https://www.cigna.com/sitemap.xml > https://www.cigna.com/health-care-providers/default/sitemap.xml > https://www.cigna.com/individuals-families/shop-plans/transparency-in-coverage > https://www.cigna.com/static/www-cigna-com/es-us/docs/forms-medical-claim.pdf,pdf,,,2025-11-11,200,de014ada49ec253642834a78e1782858426915b6cf72dc06b473becb3366367c,230481,N,static,sitemap|css_selector|url_pattern,0.85,2026-10-06T17:52:02Z,
Cigna,,Alabama,Unknown,975747SP f CA NPF 5-Tier Split Generics 06/26 © 2026 Cigna Healthcare. Lista de medicamentos,other,https://www.cigna.com/static/www-cigna-com/es-us/docs/ca-cnpf-5-tier-splitgenerics-doi.pdf,https://www.cigna.com/es-us/individuals-families/member-guide/prescription-drug-lists,https://www.cigna.com/sitemap.xml > https://www.cigna.com/health-care-providers/default/sitemap.xml > https://www.cigna.com/es-us/individuals-families/member-guide/prescription-drug-lists > https://www.cigna.com/static/www-cigna-com/es-us/docs/ca-cnpf-5-tier-splitgenerics-doi.pdf,pdf,,,2026-08-17,200,585b8f5bba4520e835358bb9e22330241afbc811a4bbdfd923307ee224825655,4875691,N,static,sitemap|css_selector|url_pattern,0.85,2026-10-06T17:52:02Z,
Cigna,,Alabama,Unknown,975752SP f CA NPF 5-Tier Split Generics 06/26 © 2026 Cigna Healthcare. Lista de medicamentos,other,https://www.cigna.com/static/www-cigna-com/es-us/docs/ca-cnpf-5-tier-splitgenerics-hmo.pdf,https://www.cigna.com/es-us/individuals-families/member-guide/prescription-drug-lists,https://www.cigna.com/sitemap.xml > https://www.cigna.com/health-care-providers/default/sitemap.xml > https://www.cigna.com/es-us/individuals-families/member-guide/prescription-drug-lists > https://www.cigna.com/static/www-cigna-com/es-us/docs/ca-cnpf-5-tier-splitgenerics-hmo.pdf,pdf,,,2026-08-17,200,0b6fe338ea6cbcb301e57ec9145d6e3fca48ee8348c734ed5e1be5cce5acdc73,5175022,N,static,sitemap|css_selector|url_pattern,0.85,2026-10-06T17:52:03Z,
Cigna,,Arizona,Medicare,Member Claim Form 803392f   Rev. 03/2023,other,https://www.cigna.com/static/www-cigna-com/docs/cbh-member-claim-form.pdf,https://www.cigna.com/individuals-families/shop-plans/transparency-in-coverage,https://www.cigna.com/sitemap.xml > https://www.cigna.com/health-care-providers/default/sitemap.xml > https://www.cigna.com/individuals-families/shop-plans/transparency-in-coverage > https://www.cigna.com/static/www-cigna-com/docs/cbh-member-claim-form.pdf,pdf,,,2023-04-04,200,15b1b986962efc219a144aef2672ae741b31bb8cc61b677e05052f6a57a932dd,794988,N,static,sitemap|css_selector|url_pattern,0.85,2026-10-06T17:52:03Z,
Cigna,,Alabama,Unknown,975746SP f CA NPF 5-Tier Specialty 06/26 © 2026 Cigna Healthcare. Lista de medicamentos con,other,https://www.cigna.com/static/www-cigna-com/es-us/docs/ca-cnpf-5-tier-specialty-doi.pdf,https://www.cigna.com/es-us/individuals-families/member-guide/prescription-drug-lists,https://www.cigna.com/sitemap.xml > https://www.cigna.com/health-care-providers/default/sitemap.xml > https://www.cigna.com/es-us/individuals-families/member-guide/prescription-drug-lists > https://www.cigna.com/static/www-cigna-com/es-us/docs/ca-cnpf-5-tier-specialty-doi.pdf,pdf,,,2026-08-17,200,099e73e6c05a3a012b5221b59ecf5bc5872abfe80fb71809ee0f4fc3230b6dff,5456491,N,static,sitemap|css_selector|url_pattern,0.85,2026-10-06T17:52:04Z,
Cigna,,Michigan,Unknown,CLAIM FORM 1: REIMBURSEMENT FOR OUT-OF-NETWORK BENEFIT,other,https://www.cigna.com/static/www-cigna-com/docs/cigna-vision-eyemed-oon-claim-form-english.pdf,https://www.cigna.com/individuals-families/shop-plans/transparency-in-coverage,https://www.cigna.com/sitemap.xml > https://www.cigna.com/health-care-providers/default/sitemap.xml > https://www.cigna.com/individuals-families/shop-plans/transparency-in-coverage > https://www.cigna.com/static/www-cigna-com/docs/cigna-vision-eyemed-oon-claim-form-english.pdf,pdf,,,2024-08-02,200,1b0af02d1042a1ef4cb913e7cdbc44761fd1e83688f60910a94a1ff04ff46313,128348,N,static,sitemap|css_selector|url_pattern,0.85,2026-10-06T17:52:04Z,
Cigna,,Alabama,Unknown,FORMULARIO DE RECLAMACIÓN 1: REEMBOLSO POR BENEFICIO FUERA DE LA RED,other,https://www.cigna.com/static/www-cigna-com/docs/cigna-vision-eyemed-oon-claim-form-spanish.pdf,https://www.cigna.com/individuals-families/shop-plans/transparency-in-coverage,https://www.cigna.com/sitemap.xml > https://www.cigna.com/health-care-providers/default/sitemap.xml > https://www.cigna.com/individuals-families/shop-plans/transparency-in-coverage > https://www.cigna.com/static/www-cigna-com/docs/cigna-vision-eyemed-oon-claim-form-spanish.pdf,pdf,,,2024-08-02,200,6cc0e3e310a25826a392bc07e759179246bf558d9c82f2d8558d83c8591af600,148129,N,static,sitemap|css_selector|url_pattern,0.85,2026-10-06T17:52:04Z,
Cigna,,Alabama,Unknown,975751SP f CA NPF 5-Tier Specialty 06/26 © 2026 Cigna Healthcare. Lista de medicamentos con,other,https://www.cigna.com/static/www-cigna-com/es-us/docs/ca-cnpf-5-tier-specialty-hmo.pdf,https://www.cigna.com/es-us/individuals-families/member-guide/prescription-drug-lists,https://www.cigna.com/sitemap.xml > https://www.cigna.com/health-care-providers/default/sitemap.xml > https://www.cigna.com/es-us/individuals-families/member-guide/prescription-drug-lists > https://www.cigna.com/static/www-cigna-com/es-us/docs/ca-cnpf-5-tier-specialty-hmo.pdf,pdf,,,2026-08-17,200,7ac264da30559707f7c66f741de0fc5473c7c1acfd91f48612170228a5bc0ad1,4814941,N,static,sitemap|css_selector|url_pattern,0.85,2026-10-06T17:52:05Z,
Cigna,,Alabama,Unknown,975748SP f CA NPF 6-Tier 06/26 © 2026 Cigna Healthcare. Lista de medicamentos,other,https://www.cigna.com/static/www-cigna-com/es-us/docs/ca-cnpf-6-tier-doi.pdf,https://www.cigna.com/es-us/individuals-families/member-guide/prescription-drug-lists,https://www.cigna.com/sitemap.xml > https://www.cigna.com/health-care-providers/default/sitemap.xml > https://www.cigna.com/es-us/individuals-families/member-guide/prescription-drug-lists > https://www.cigna.com/static/www-cigna-com/es-us/docs/ca-cnpf-6-tier-doi.pdf,pdf,,,2026-08-17,200,fe9264b2b1202ddf9e31728c41442736e247cae444da3087c636ca901e60859a,4475486,N,static,sitemap|css_selector|url_pattern,0.85,2026-10-06T17:52:06Z,
Cigna,,Pennsylvania,Unknown,Two easy ways to submit a claim. ›	 Online. Log in to myCigna.com and click on the “Find a Form” link.,drug_list,https://www.cigna.com/static/www-cigna-com/docs/pharmacy-claim-form.pdf,https://www.cigna.com/individuals-families/shop-plans/transparency-in-coverage,https://www.cigna.com/sitemap.xml > https://www.cigna.com/health-care-providers/default/sitemap.xml > https://www.cigna.com/individuals-families/shop-plans/transparency-in-coverage > https://www.cigna.com/static/www-cigna-com/docs/pharmacy-claim-form.pdf,pdf,,,2024-01-17,200,b2d215966fdfaaff90d14bbe3009d0c7f2c32353af4c6bfc77df92aded4f4ea5,1021410,N,static,sitemap|css_selector|url_pattern,0.95,2026-10-06T17:52:06Z,
Cigna,,Unknown,Unknown,Cat# Legal entity name,other,https://www.cigna.com/static/www-cigna-com/docs/dmr-claim-guide-sheet.pdf,https://www.cigna.com/individuals-families/shop-plans/transparency-in-coverage,https://www.cigna.com/sitemap.xml > https://www.cigna.com/health-care-providers/default/sitemap.xml > https://www.cigna.com/individuals-families/shop-plans/transparency-in-coverage > https://www.cigna.com/static/www-cigna-com/docs/dmr-claim-guide-sheet.pdf,pdf,,,2022-05-31,200,092e03b65d5a7d6e354a34bd3116c3646fa2ada92c04c23d87f4fc8558a45eb0,898790,N,static,sitemap|css_selector|url_pattern,0.85,2026-10-06T17:52:06Z,
Cigna,,Michigan,Unknown,CLAIM FORM 2: EXCEPTION REQUEST Out-of-Network Reimbursement if,other,https://www.cigna.com/static/www-cigna-com/docs/cigna-vision-eyemed-exception-claim-form-english.pdf,https://www.cigna.com/individuals-families/shop-plans/transparency-in-coverage,https://www.cigna.com/sitemap.xml > https://www.cigna.com/health-care-providers/default/sitemap.xml > https://www.cigna.com/individuals-families/shop-plans/transparency-in-coverage > https://www.cigna.com/static/www-cigna-com/docs/cigna-vision-eyemed-exception-claim-form-english.pdf,pdf,,,2024-08-02,200,51f4880a1cde8e6444b253491c8be91622770bfaf904b859fff8d2671116321f,148127,N,static,sitemap|css_selector|url_pattern,0.85,2026-10-06T17:52:06Z,
Cigna,,Alabama,Unknown,FORMULARIO DE RECLAMACIÓN 2: SOLICITUD DE EXCEPCIÓN Reembolso fuera de la red si no puede,other,https://www.cigna.com/static/www-cigna-com/docs/cigna-vision-eyemed-exception-claim-form-spanish.pdf,https://www.cigna.com/individuals-families/shop-plans/transparency-in-coverage,https://www.cigna.com/sitemap.xml > https://www.cigna.com/health-care-providers/default/sitemap.xml > https://www.cigna.com/individuals-families/shop-plans/transparency-in-coverage > https://www.cigna.com/static/www-cigna-com/docs/cigna-vision-eyemed-exception-claim-form-spanish.pdf,pdf,,,2024-08-02,200,575845fcb9400241cb3c79098e5979705ea6afd27d7784e418225303ec269050,175052,N,static,sitemap|css_selector|url_pattern,0.85,2026-10-06T17:52:06Z,
Cigna,,Alabama,Unknown,975753SP f CA NPF 6-Tier 06/26 © 2026 Cigna Healthcare. Lista de medicamentos,other,https://www.cigna.com/static/www-cigna-com/es-us/docs/ca-cnpf-6-tier-hmo.pdf,https://www.cigna.com/es-us/individuals-families/member-guide/prescription-drug-lists,https://www.cigna.com/sitemap.xml > https://www.cigna.com/health-care-providers/default/sitemap.xml > https://www.cigna.com/es-us/individuals-families/member-guide/prescription-drug-lists > https://www.cigna.com/static/www-cigna-com/es-us/docs/ca-cnpf-6-tier-hmo.pdf,pdf,,,2026-08-17,200,a0ca39df7e64ab4eb6d34694585c26a82bb3ff619a30b0b3c02782f99ee7757b,4484989,N,static,sitemap|css_selector|url_pattern,0.85,2026-10-06T17:52:07Z,
Cigna,,Arizona,Unknown,"IMPORTANT:  This claim form is intended for subscribers and covered dependents who receive services from providers outside the Cigna Vision network. If your plan permits a non-participating provider to accept assignment, the provider must submit a",other,https://www.cigna.com/static/www-cigna-com/docs/vision-claim-form-fillable-english.pdf,https://www.cigna.com/individuals-families/shop-plans/transparency-in-coverage,https://www.cigna.com/sitemap.xml > https://www.cigna.com/health-care-providers/default/sitemap.xml > https://www.cigna.com/individuals-families/shop-plans/transparency-in-coverage > https://www.cigna.com/static/www-cigna-com/docs/vision-claim-form-fillable-english.pdf,pdf,,,2024-08-12,200,a52ce9e7a7d214752f8a74a4e6b91033ff224dad49dcf616c48aaad8cbd69d79,901486,N,static,sitemap|css_selector|url_pattern,0.85,2026-10-06T17:52:07Z,
Cigna,,Arizona,Unknown,591692c  Rev. 09/2012 Medical Claim Form,other,https://www.cigna.com/static/www-cigna-com/docs/member-claim.pdf,https://www.cigna.com/individuals-families/shop-plans/transparency-in-coverage,https://www.cigna.com/sitemap.xml > https://www.cigna.com/health-care-providers/default/sitemap.xml > https://www.cigna.com/individuals-families/shop-plans/transparency-in-coverage > https://www.cigna.com/static/www-cigna-com/docs/member-claim.pdf,pdf,,,2022-05-31,200,b6e53c1b1e3cf7db20fe2fdf3dba6be8de892c0fe627f398e8725b7052328fd5,386485,N,static,sitemap|css_selector|url_pattern,0.85,2026-10-06T17:52:07Z,
Cigna,,Alabama,Unknown,803465SPe Rev.   05/2023 1.,other,https://www.cigna.com/static/www-cigna-com/docs/vision-claim-form-fillable-spanish.pdf,https://www.cigna.com/individuals-families/shop-plans/transparency-in-coverage,https://www.cigna.com/sitemap.xml > https://www.cigna.com/health-care-providers/default/sitemap.xml > https://www.cigna.com/individuals-families/shop-plans/transparency-in-coverage > https://www.cigna.com/static/www-cigna-com/docs/vision-claim-form-fillable-spanish.pdf,pdf,,,2024-08-12,200,177843e2b0546724070ee0fd863cc661eeba865a6eb5c09eb35acce338bde9c1,1451526,N,static,sitemap|css_selector|url_pattern,0.85,2026-10-06T17:52:08Z,
Cigna,,Unknown,Medicaid,Note: This HHS-approved document will be submitted to the Office of the Federal Register (OFR) for publication and has not yet been placed on public display or published,other,https://www.cms.gov/CCIIO/Resources/Regulations-and-Guidance/Downloads/CMS-Transparency-in-Coverage-9915F.pdf,https://www.cigna.com/employers/insights/informed-on-reform/news/tri-agencies-finalize-transparency-in-coverage-rule,https://www.cigna.com/sitemap.xml > https://www.cigna.com/health-care-providers/default/sitemap.xml > https://www.cigna.com/employers/insights/informed-on-reform/news/tri-agencies-finalize-transparency-in-coverage-rule > https://www.cms.gov/CCIIO/Resources/Regulations-and-Guidance/Downloads/CMS-Transparency-in-Coverage-9915F.pdf,pdf,,,2020-10-29,200,ffca07e393bbc58e78d8ecfeaa9387553957beec9c7f2ed08eea588f0f9d650b,2715316,N,static,sitemap|css_selector|url_pattern,0.85,2026-10-06T17:52:08Z,
Cigna,,Unknown,Commercial,Program Category,pa_list,https://www.evicore.com/sites/default/files/resources/2026-01/CIGNA%20Commercial%20CPT%20Code%20List%20-%20Comprehensive_pub01.15.2026.pdf,https://static.cigna.com/assets/chcp/resourceLibrary/preCertification/eiu.html,https://www.cigna.com/sitemap.xml > https://www.cigna.com/health-care-providers/default/sitemap.xml > https://www.cigna.com/health-care-providers/coverage-and-claims/precertification > https://static.cigna.com/assets/chcp/resourceLibrary/preCertification/eiu.html > https://www.evicore.com/sites/default/files/resources/2026-01/CIGNA%20Commercial%20CPT%20Code%20List%20-%20Comprehensive_pub01.15.2026.pdf,pdf,,,2026-01-15,200,32f68bf33a89acbec56b359a027634e1ef5371eb1648c530e35884352e4215ce,626467,N,static,sitemap|css_selector|url_pattern,0.95,2026-10-06T17:52:09Z,
Cigna,,Unknown,Unknown,RECORD OF SERVICES PROVIDED 24. Procedure Date,other,https://www.cigna.com/static/www-cigna-com/docs/dental-claim.pdf,https://www.cigna.com/individuals-families/shop-plans/transparency-in-coverage,https://www.cigna.com/sitemap.xml > https://www.cigna.com/health-care-providers/default/sitemap.xml > https://www.cigna.com/individuals-families/shop-plans/transparency-in-coverage > https://www.cigna.com/static/www-cigna-com/docs/dental-claim.pdf,pdf,,,2023-04-04,200,3aa30642e265c59b304e0705bf733e13774b1092c4d40b2ffe23da4cab934dca,1865779,N,static,sitemap|css_selector|url_pattern,0.85,2026-10-06T17:52:10Z,
Cigna,,Alabama,Unknown,REGISTRO DE SERVICIOS SUMINISTRADOS 24. Fecha del procedimiento,other,https://www.cigna.com/static/www-cigna-com/es-us/docs/dental-claim.pdf,https://www.cigna.com/individuals-families/shop-plans/transparency-in-coverage,https://www.cigna.com/sitemap.xml > https://www.cigna.com/health-care-providers/default/sitemap.xml > https://www.cigna.com/individuals-families/shop-plans/transparency-in-coverage > https://www.cigna.com/static/www-cigna-com/es-us/docs/dental-claim.pdf,pdf,,,2023-05-17,200,6af0d4001f84fcdaa432f860c4632daf99160b7cce7d1434243816e0ce8c4034,1659249,N,static,sitemap|css_selector|url_pattern,0.85,2026-10-06T17:52:10Z,
Cigna,,Unknown,Unknown,SAMPLE RECORD OF SERVICES PROVIDED,other,https://www.cigna.com/static/www-cigna-com/docs/ada-dental-claim-form.pdf,https://www.cigna.com/individuals-families/shop-plans/transparency-in-coverage,https://www.cigna.com/sitemap.xml > https://www.cigna.com/health-care-providers/default/sitemap.xml > https://www.cigna.com/individuals-families/shop-plans/transparency-in-coverage > https://www.cigna.com/static/www-cigna-com/docs/ada-dental-claim-form.pdf,pdf,,,2022-09-22,200,c350a1745e5603a69083b43c29638fe1b0fe549efd364a7d531af4b5de1fbca0,1088986,N,static,sitemap|css_selector|url_pattern,0.85,2026-10-06T17:52:11Z,
Cigna,,Alabama,Unknown,Simple format. See how your benefits are working for you with this easy-to-,other,https://www.cigna.com/static/www-cigna-com/docs/846894-eob-v1.pdf,https://www.cigna.com/individuals-families/shop-plans/transparency-in-coverage,https://www.cigna.com/sitemap.xml > https://www.cigna.com/health-care-providers/default/sitemap.xml > https://www.cigna.com/individuals-families/shop-plans/transparency-in-coverage > https://www.cigna.com/static/www-cigna-com/docs/846894-eob-v1.pdf,pdf,,,2022-06-21,200,4d67f99fdc13820622e241d1fa88c583da132193a66c000adb32202a8ddb0407,1906377,N,static,sitemap|css_selector|url_pattern,0.85,2026-10-06T17:52:11Z,
Cigna,,Arizona,Unknown,"AZ Health Care Insurer Appeals Process Information Packet Cigna Healthcare of Arizona,",pa_list,https://www.cigna.com/static/www-cigna-com/docs/az-appeals-information-packet.pdf,https://www.cigna.com/individuals-families/shop-plans/transparency-in-coverage,https://www.cigna.com/sitemap.xml > https://www.cigna.com/health-care-providers/default/sitemap.xml > https://www.cigna.com/individuals-families/shop-plans/transparency-in-coverage > https://www.cigna.com/static/www-cigna-com/docs/az-appeals-information-packet.pdf,pdf,,,2025-01-09,200,66ad95561925c8711741ec126c4ef64a2b85ee1d739f9f29b4b4c710679b3e11,237520,N,static,sitemap|css_selector|url_pattern,0.95,2026-10-06T17:52:11Z,
Elevance / Anthem,,California,Medicare Advantage,"Anthem Local PPO Precertification/Prior Authorization List Updated September 22, 2026 (effective October 1, 2026)",pa_list,https://www.anthem.com/content/dam/digital/docs/anthembluecross/provider/commercial/guides/CA_PPO_PA_List.pdf,https://www.anthem.com/provider/individual-commercial/prior-authorization,https://www.anthem.com/general-sitemap.xml > https://www.anthem.com/provider/prior-authorization/ > https://www.anthem.com/content/dam/digital/docs/anthembluecross/provider/commercial/guides/CA_PPO_PA_List.pdf,pdf,,2026-10-01,2026-09-22,200,64264d556c8747a421ff2ebad571623d5d0126e20f08c24f45fbd01f04142d2b,1864404,N,static,sitemap|css_selector|url_pattern,1.0,2026-10-06T17:54:26Z,
Elevance / Anthem,,Colorado,Commercial,"Anthem Blue Cross and Blue Shield is the trade name of: In Colorado: Rocky Mountain Hospital and Medical Service, Inc. HMO products underwritten by HMO Colorado, Inc. In Connecticut: Anthem Health Plans, Inc. In Georgia: Blue Cross Blue Shield Healthcare Plan of Georgia, Inc. In Indiana: Anthem Insurance Companies, Inc. In",pa_list,https://www.anthem.com/content/dam/digital/docs/provider/commercial/general/ANA_SPL.pdf,https://www.anthem.com/provider/individual-commercial/prior-authorization,https://www.anthem.com/general-sitemap.xml > https://www.anthem.com/provider/prior-authorization/ > https://www.anthem.com/content/dam/digital/docs/provider/commercial/general/ANA_SPL.pdf,pdf,,,2026-02-18,200,490bc26869dc9ca35b13f4f806109d63490ca87fb29f29853bd42394a0868e1c,213897,N,static,sitemap|css_selector|url_pattern,0.95,2026-10-06T17:54:26Z,
Elevance / Anthem,,Alabama,Commercial,Colorado | Anthem Blue Cross and Blue Shield | Commercial Prior Authorization Report,pa_list,https://www.anthem.com/content/dam/digital/docs/provider/commercial/guides/COHBQuarterlyReport.pdf,https://www.anthem.com/provider/individual-commercial/prior-authorization,https://www.anthem.com/general-sitemap.xml > https://www.anthem.com/provider/prior-authorization/ > https://www.anthem.com/content/dam/digital/docs/provider/commercial/guides/COHBQuarterlyReport.pdf,pdf,,,2026-06-01,200,002bd488035c715ba71eeeb3e64f6bd040ac7244840f9d16a4b641c6db3f85af,185808,N,static,sitemap|css_selector|url_pattern,0.95,2026-10-06T17:54:26Z,
Elevance / Anthem,,Unknown,Commercial,"CarelonRx, Inc. is a separate company providing utilization review services on behalf of the health plan. Anthem Blue Cross and Blue Shield is the trade name of Anthem Health Plans, Inc. Independent licensee of the Blue Cross Blue Shield Association. Anthem is a registered",pa_list,https://www.anthem.com/content/dam/digital/docs/provider/commercial/guides/CT_Guide_FAQ.pdf,https://www.anthem.com/provider/individual-commercial/prior-authorization,https://www.anthem.com/general-sitemap.xml > https://www.anthem.com/provider/prior-authorization/ > https://www.anthem.com/content/dam/digital/docs/provider/commercial/guides/CT_Guide_FAQ.pdf,pdf,,,2026-07-16,200,ef0bec5894239ad8295f8ee4eea6ce11a71e3b7210794a966282a33c665010a6,153439,N,static,sitemap|css_selector|url_pattern,0.95,2026-10-06T17:54:26Z,
Elevance / Anthem,,Colorado,Commercial,"Carelon Medical Benefits Management, Inc. is an independent company providing utilization management services on behalf of the health plan. CarelonRx, Inc. is an independent company providing pharmacy benefit management services on behalf of the health plan.",pa_list,https://www.anthem.com/content/dam/digital/docs/provider/commercial/guides/Central_Blues_CDHP_PA_List.pdf,https://www.anthem.com/provider/individual-commercial/prior-authorization,https://www.anthem.com/general-sitemap.xml > https://www.anthem.com/provider/prior-authorization/ > https://www.anthem.com/content/dam/digital/docs/provider/commercial/guides/Central_Blues_CDHP_PA_List.pdf,pdf,,,2026-01-01,200,d14cd83880590b9fa4a2b319de87910ea72229b4c12eff0f88f3c22da9bb0504,233408,N,static,sitemap|css_selector|url_pattern,0.95,2026-10-06T17:54:26Z,
Elevance / Anthem,,Georgia,Medicare Advantage,"Carelon Medical Benefits Management, Inc. is a separate company providing utilization review services on behalf of the health plan. Anthem Blue Cross and Blue Shield is the trade name of Blue Cross Blue Shield Healthcare Plan of Georgia, Inc. Independent licensee of the Blue Cross Blue Shield",other,https://www.anthem.com/content/dam/digital/docs/provider/commercial/guides/GA_PA_Requirements_List.pdf,https://www.anthem.com/provider/individual-commercial/prior-authorization,https://www.anthem.com/general-sitemap.xml > https://www.anthem.com/provider/prior-authorization/ > https://www.anthem.com/content/dam/digital/docs/provider/commercial/guides/GA_PA_Requirements_List.pdf,pdf,,,2026-06-04,200,e9859b643e3fe9c5175f42a1f23e25d88f53cdd70571d8c7c8aec764a4206250,187390,N,static,sitemap|css_selector|url_pattern,0.85,2026-10-06T17:54:26Z,
Elevance / Anthem,,Unknown,Commercial,"Anthem Blue Cross and Blue Shield is the trade name of Anthem Insurance Companies, Inc. Independent licensee of the Blue Cross Blue Shield Association. Anthem is a registered trademark of Anthem Insurance Companies, Inc.",pa_list,https://www.anthem.com/content/dam/digital/docs/provider/commercial/general/Indiana30-MFS-CPT-Codes.pdf,https://www.anthem.com/provider/individual-commercial/prior-authorization,https://www.anthem.com/general-sitemap.xml > https://www.anthem.com/provider/prior-authorization/ > https://www.anthem.com/content/dam/digital/docs/provider/commercial/general/Indiana30-MFS-CPT-Codes.pdf,pdf,,,2026-01-14,200,a1cae2b85ed3297407e294f69a34bf7f332c21d36cd35640d67c128ae058391e,128793,N,static,sitemap|css_selector|url_pattern,0.95,2026-10-06T17:54:26Z,
Elevance / Anthem,,Unknown,Unknown,"Code 15150, 15151, 15152, 15155, 15156, 15157,",pa_list,https://www.anthem.com/content/dam/digital/docs/provider/commercial/guides/GA_SHBP_PA_List.pdf,https://www.anthem.com/provider/individual-commercial/prior-authorization,https://www.anthem.com/general-sitemap.xml > https://www.anthem.com/provider/prior-authorization/ > https://www.anthem.com/content/dam/digital/docs/provider/commercial/guides/GA_SHBP_PA_List.pdf,pdf,,,2026-09-18,200,5eace0bc7b89574aeaaf519038d8f037a56c8a991ffb1d222bb1deca6ce4f274,794875,N,static,sitemap|css_selector|url_pattern,0.95,2026-10-06T17:54:26Z,
Elevance / Anthem,,Virginia,Commercial,"Virginia | Anthem Blue Cross and Blue Shield and its affiliate HealthKeepers, Inc. | Commercial Carelon Medical Benefit Management provides benefits management for the programs listed below:",pa_list,https://www.anthem.com/content/dam/digital/docs/provider/commercial/guides/VA-BCBS-CM-DISTRO_VA_HMO_PA_List.pdf,https://www.anthem.com/provider/individual-commercial/prior-authorization,https://www.anthem.com/general-sitemap.xml > https://www.anthem.com/provider/prior-authorization/ > https://www.anthem.com/content/dam/digital/docs/provider/commercial/guides/VA-BCBS-CM-DISTRO_VA_HMO_PA_List.pdf,pdf,,,2026-09-01,200,8e0830872e095d572f2fd93f49985a0352236f223c96f1b75208e15457ef9681,1548750,N,static,sitemap|css_selector|url_pattern,0.95,2026-10-06T17:54:27Z,
Elevance / Anthem,,Unknown,Commercial,"Carelon Medical Benefits Management, Inc. is a separate company providing utilization review services on behalf of the health plan. CarelonRx, Inc. is an independent company providing pharmacy benefit management services on behalf of the health plan.",pa_list,https://www.anthem.com/content/dam/digital/docs/provider/commercial/guides/CT_PA_List.pdf,https://www.anthem.com/provider/individual-commercial/prior-authorization,https://www.anthem.com/general-sitemap.xml > https://www.anthem.com/provider/prior-authorization/ > https://www.anthem.com/content/dam/digital/docs/provider/commercial/guides/CT_PA_List.pdf,pdf,,,2026-08-31,200,dd9b7df4f63dede8a58ed156cda6ada17dca970a1eb0f97cfd4b8d18424de916,236913,N,static,sitemap|css_selector|url_pattern,0.95,2026-10-06T17:54:27Z,
Elevance / Anthem,,California,Unknown,Sign up for extra dental benefits — at no extra cost — using the form below.,other,https://www.anthem.com/content/dam/digital/docs/anthem/medicare-2-0/dental-vision/learnmore-enroll-bc.pdf,https://www.anthem.com/medicare/dental-vision-plans,https://www.anthem.com/sitemap.xml > https://www.anthem.com/medicare/dental-vision-plans/vision-coverage > https://www.anthem.com/content/dam/digital/docs/anthem/medicare-2-0/dental-vision/learnmore-enroll-bc.pdf,pdf,,,2025-08-01,200,b0d33f495f7beb87a784ed0e5a150624a50a9b72b342ca5284b84a7c2faf6812,104482,N,static,sitemap|css_selector|url_pattern,0.85,2026-10-06T17:54:27Z,
Elevance / Anthem,,Colorado,Unknown,Sign up for extra dental benefits — at no extra cost — using the form below.,other,https://www.anthem.com/content/dam/digital/docs/anthem/medicare-2-0/dental-vision/learn-more-and-enroll-bcbs.pdf,https://www.anthem.com/medicare/dental-vision-plans,https://www.anthem.com/sitemap.xml > https://www.anthem.com/medicare/dental-vision-plans/vision-coverage > https://www.anthem.com/content/dam/digital/docs/anthem/medicare-2-0/dental-vision/learn-more-and-enroll-bcbs.pdf,pdf,,,2025-08-01,200,564a67c275056187c10090ed375d2db8eff257605943ea3ef3706d14995f3c7b,110194,N,static,sitemap|css_selector|url_pattern,0.85,2026-10-06T17:54:27Z,
Elevance / Anthem,,Unknown,Unknown,Anthem Utilization Management Services Inc. 2025 Indiana Utilization Report,pa_list,https://www.anthem.com/content/dam/digital/docs/provider/commercial/general/indiana-prior-authorization-statistics.pdf,https://www.anthem.com/provider/individual-commercial/prior-authorization,https://www.anthem.com/general-sitemap.xml > https://www.anthem.com/provider/prior-authorization/ > https://www.anthem.com/content/dam/digital/docs/provider/commercial/general/indiana-prior-authorization-statistics.pdf,pdf,,,2025-12-25,200,e7f3b3a20627f2040ceae725afc11018c125384afc61ad2f7938790df2645b4b,661064,N,static,sitemap|css_selector|url_pattern,0.95,2026-10-06T17:54:27Z,
Elevance / Anthem,,Unknown,Unknown,Dental Claim Form 1. Type of Transaction (Mark all applicable boxes),other,https://www.anthem.com/content/dam/digital/docs/anthem/medicare-2-0/dental-vision/dental-claim-form.pdf,https://www.anthem.com/medicare/dental-vision-plans,https://www.anthem.com/sitemap.xml > https://www.anthem.com/medicare/dental-vision-plans/vision-coverage > https://www.anthem.com/content/dam/digital/docs/anthem/medicare-2-0/dental-vision/dental-claim-form.pdf,pdf,,,2025-05-16,200,5dd85487eb2014f9d1d5e6795303a5bd9c80f9bf299866cdcff4bb5ed8610f30,319723,N,static,sitemap|css_selector|url_pattern,0.85,2026-10-06T17:54:27Z,
Elevance / Anthem,,Unknown,Unknown,12225CAMENABC Rev. 5/10 Whether you’re on that long-awaited,other,https://www.anthem.com/content/dam/digital/docs/anthem/medicare-2-0/dental-vision/bc-international-dental-emergency-program.pdf,https://www.anthem.com/medicare/dental-vision-plans,https://www.anthem.com/sitemap.xml > https://www.anthem.com/medicare/dental-vision-plans/vision-coverage > https://www.anthem.com/content/dam/digital/docs/anthem/medicare-2-0/dental-vision/bc-international-dental-emergency-program.pdf,pdf,,,2025-05-16,200,46f60fa83b78d0d3e2cf2bd4f7aeab8fb509ac951de1492a6e92be6c865259f6,150613,N,static,sitemap|css_selector|url_pattern,0.85,2026-10-06T17:54:27Z,
Elevance / Anthem,,Georgia,Medicare Advantage,Georgia | Anthem Blue Cross and Blue Shield | Commercial Code,pa_list,https://www.anthem.com/content/dam/digital/docs/provider/commercial/guides/GA_Local_PA_List.pdf,https://www.anthem.com/provider/individual-commercial/prior-authorization,https://www.anthem.com/general-sitemap.xml > https://www.anthem.com/provider/prior-authorization/ > https://www.anthem.com/content/dam/digital/docs/provider/commercial/guides/GA_Local_PA_List.pdf,pdf,,,2026-10-01,200,2e0e573c8a2422b63d47aebd44b08275893ba7d7c300d9ce3ff958dfa99b0a34,1466317,N,static,sitemap|css_selector|url_pattern,0.95,2026-10-06T17:54:27Z,
Elevance / Anthem,,Arizona,Unknown,Out of Network Vision Services Claim Form,other,https://www.anthem.com/content/dam/digital/docs/anthem/medicare-2-0/dental-vision/blue-view-vision.pdf,https://www.anthem.com/medicare/dental-vision-plans,https://www.anthem.com/sitemap.xml > https://www.anthem.com/medicare/dental-vision-plans/vision-coverage > https://www.anthem.com/content/dam/digital/docs/anthem/medicare-2-0/dental-vision/blue-view-vision.pdf,pdf,,,2025-05-16,200,bdf325818c187751384ae23ae3dc72f802c21cf9d61c60bf451fe98ccf2e5d81,64539,N,static,sitemap|css_selector|url_pattern,0.85,2026-10-06T17:54:27Z,
Elevance / Anthem,,Virginia,Commercial,"Virginia | Anthem Blue Cross and Blue Shield and its affiliate HealthKeepers, Inc. | Commercial Notification process",pa_list,https://www.anthem.com/content/dam/digital/docs/provider/commercial/guides/VA-BCBS-S2374-DISTRO-VA-PA-PPO-List.pdf,https://www.anthem.com/provider/individual-commercial/prior-authorization,https://www.anthem.com/general-sitemap.xml > https://www.anthem.com/provider/prior-authorization/ > https://www.anthem.com/content/dam/digital/docs/provider/commercial/guides/VA-BCBS-S2374-DISTRO-VA-PA-PPO-List.pdf,pdf,,,2026-09-01,200,d0fc11fb1bdabc26ee8f7ebddb552cc87c7e7cb2a036de6045618494e44a97ce,1212560,N,static,sitemap|css_selector|url_pattern,0.95,2026-10-06T17:54:28Z,
Elevance / Anthem,,Unknown,Unknown,International Emergency Dental Program Claim Form and Instructions for Members,other,https://www.anthem.com/content/dam/digital/docs/anthem/medicare-2-0/dental-vision/claimform-instructions.pdf,https://www.anthem.com/medicare/dental-vision-plans,https://www.anthem.com/sitemap.xml > https://www.anthem.com/medicare/dental-vision-plans/vision-coverage > https://www.anthem.com/content/dam/digital/docs/anthem/medicare-2-0/dental-vision/claimform-instructions.pdf,pdf,,,2025-05-16,200,96b1dafaf0ca05e31b6817da4dac6fca3f6e2a5f3847c940089f5ef666978152,104860,N,static,sitemap|css_selector|url_pattern,0.85,2026-10-06T17:54:28Z,
Elevance / Anthem,,Colorado,Unknown,"Whether you’re on a vacation or just working abroad, the last thing you need to",other,https://www.anthem.com/content/dam/digital/docs/anthem/medicare-2-0/dental-vision/bcbs-international-dental-emergency-program.pdf,https://www.anthem.com/medicare/dental-vision-plans,https://www.anthem.com/sitemap.xml > https://www.anthem.com/medicare/dental-vision-plans/vision-coverage > https://www.anthem.com/content/dam/digital/docs/anthem/medicare-2-0/dental-vision/bcbs-international-dental-emergency-program.pdf,pdf,,,2025-05-16,200,585e21051d25a80aaecd202a7288307a002608b4b459b6332035623b97f9ae2f,185210,N,static,sitemap|css_selector|url_pattern,0.85,2026-10-06T17:54:28Z,
Elevance / Anthem,,Unknown,Commercial,"Carelon Behavioral Health is an independent company providing utilization management services on behalf of the health plan. Carelon Medical Benefits Management, Inc. is an independent company providing utilization management services on behalf of th",pa_list,https://www.anthem.com/content/dam/digital/docs/provider/commercial/guides/ME_PA_List.pdf,https://www.anthem.com/provider/individual-commercial/prior-authorization,https://www.anthem.com/general-sitemap.xml > https://www.anthem.com/provider/prior-authorization/ > https://www.anthem.com/content/dam/digital/docs/provider/commercial/guides/ME_PA_List.pdf,pdf,,,2026-06-30,200,d9a3acbb764bf001cde9951aadd3601867000d56a856a102f7679a1917630173,1242897,N,static,sitemap|css_selector|url_pattern,0.95,2026-10-06T17:54:28Z,
Elevance / Anthem,,Georgia,Commercial,"CarelonRx, Inc. is an independent company providing pharmacy benefit management services on behalf of the health plan. Carelon Medical Benefits Management, Inc. is a separate company providing utilization review services on behalf of the health plan.",pa_list,https://www.anthem.com/content/dam/digital/docs/provider/commercial/guides/GA_SHBP_PreCert_List.pdf,https://www.anthem.com/provider/individual-commercial/prior-authorization,https://www.anthem.com/general-sitemap.xml > https://www.anthem.com/provider/prior-authorization/ > https://www.anthem.com/content/dam/digital/docs/provider/commercial/guides/GA_SHBP_PreCert_List.pdf,pdf,,,2026-03-30,200,465f015349d32f62ad19e5b14f3f5d25e34891db914fc9c5c58a68ca784a2b9d,1952692,N,static,sitemap|css_selector|url_pattern,0.95,2026-10-06T17:54:28Z,
Elevance / Anthem,,Colorado,Medicaid,Code Code description,pa_list,https://www.anthem.com/content/dam/digital/docs/provider/commercial/guides/CO_PA_List.pdf,https://www.anthem.com/provider/individual-commercial/prior-authorization,https://www.anthem.com/general-sitemap.xml > https://www.anthem.com/provider/prior-authorization/ > https://www.anthem.com/content/dam/digital/docs/provider/commercial/guides/CO_PA_List.pdf,pdf,,,2026-08-21,200,e9b5ca99529f5d782786580b2f84e48d7b26794b90609496cd8d77ea8dfcb185,1591832,N,static,sitemap|css_selector|url_pattern,0.95,2026-10-06T17:54:28Z,
Elevance / Anthem,,Colorado,Commercial,"Anthem Blue Cross and Blue Shield is the trade name of: In Colorado: Rocky Mountain Hospital and Medical Service, Inc. HMO products underwritten by HMO Colorado, Inc. In Connecticut: Anthem Health Plans, Inc. In Georgia: Blue Cross Blue Shield Healthcare Plan of Georgia, Inc. In Indiana: Anthem Insurance Companies, Inc. In Kentucky: Anthem Health Plans of Kentucky, Inc. In Maine: Anthem Health Plans of Maine, Inc. In",pa_list,https://www.anthem.com/ms/pharmacyinformation/Designated-Medical-Specialty-Pharmacy-Drug-List-eff-07012022-AnthemBCBS.pdf,https://www.anthem.com/pharmacy-information/drug-list-formulary,https://www.anthem.com/sitemap.xml > https://www.anthem.com/pharmacy-information/drug-list-formulary > https://www.anthem.com/ms/pharmacyinformation/Designated-Medical-Specialty-Pharmacy-Drug-List-eff-07012022-AnthemBCBS.pdf,pdf,,2024-05-01,2024-05-13,200,33ed37409a43f94e2d8fd15b57ecbb1772834b59664716411bb417d93f91066a,154528,N,static,sitemap|css_selector|url_pattern,1.0,2026-10-06T17:54:28Z,
Elevance / Anthem,,Unknown,Commercial,New Hampshire Precertification/Prior Authorization List Updated: 7/1/26,pa_list,https://www.anthem.com/content/dam/digital/docs/provider/commercial/guides/NH_PA_List.pdf,https://www.anthem.com/provider/individual-commercial/prior-authorization,https://www.anthem.com/general-sitemap.xml > https://www.anthem.com/provider/prior-authorization/ > https://www.anthem.com/content/dam/digital/docs/provider/commercial/guides/NH_PA_List.pdf,pdf,,,2026-07-01,200,69e44ca87d8badc1d0ca6caea40457b4e110075b0ea238f7bc7b43fa57ce2b15,1882873,N,static,sitemap|css_selector|url_pattern,0.95,2026-10-06T17:54:29Z,
Elevance / Anthem,,Colorado,Medicare Advantage,Code Code description,pa_list,https://www.anthem.com/content/dam/digital/docs/provider/commercial/guides/NV_PA_List.pdf,https://www.anthem.com/provider/individual-commercial/prior-authorization,https://www.anthem.com/general-sitemap.xml > https://www.anthem.com/provider/prior-authorization/ > https://www.anthem.com/content/dam/digital/docs/provider/commercial/guides/NV_PA_List.pdf,pdf,,,2026-07-29,200,8bb2772e63efca0dabe88377244596209c3f81dfe900771221b21535dd674033,1634572,N,static,sitemap|css_selector|url_pattern,0.95,2026-10-06T17:54:29Z,
Elevance / Anthem,,Unknown,Unknown,Voluntary Dose Management Program The purpose of this dose management program is to offer the prescriber a voluntary alternate dose that,other,https://www.anthem.com/content/dam/digital/pdf/voluntary-dose-management-programs.pdf,https://www.anthem.com/pharmacy-information/drug-list-formulary,https://www.anthem.com/sitemap.xml > https://www.anthem.com/pharmacy-information/drug-list-formulary > https://www.anthem.com/content/dam/digital/pdf/voluntary-dose-management-programs.pdf,pdf,,,2026-08-17,200,a680da43023ce4da9fe9e132f75cecb3c35faf17a74713da9793cae3efbf2389,214306,N,static,sitemap|css_selector|url_pattern,0.85,2026-10-06T17:54:29Z,
Elevance / Anthem,,California,Commercial,"Formulary Update The information contained herein is believed to be accurate at the time of posting, but changes may occur at any time without prior notice.  Members should refer to their benefit agreement to",formulary,https://www.anthem.com/content/dam/digital/docs/pharmacy-information/unbranded-formulary-update-quarterlyrolling-anthem.pdf,https://www.anthem.com/pharmacy-information/drug-list-formulary,https://www.anthem.com/sitemap.xml > https://www.anthem.com/pharmacy-information/drug-list-formulary > https://www.anthem.com/content/dam/digital/docs/pharmacy-information/unbranded-formulary-update-quarterlyrolling-anthem.pdf,pdf,,,2026-10-05,200,611f9fc158f00a862dc6aeabb9cf4af7babb3c83a744fef53dfab5a4ed134c76,1965981,N,static,sitemap|css_selector|url_pattern,0.95,2026-10-06T17:54:30Z,
Elevance / Anthem,,California,Exchange,Prior Authorization Request Brand Contraceptive Copay Waiver,pa_list,https://www.anthem.com/content/dam/digital/docs/pharmacy-information/anthem-blue-cross-blue-shield-brand-contraceptive-copay-waiver-form.pdf,https://www.anthem.com/pharmacy-information/drug-list-formulary,https://www.anthem.com/sitemap.xml > https://www.anthem.com/pharmacy-information/drug-list-formulary > https://www.anthem.com/content/dam/digital/docs/pharmacy-information/anthem-blue-cross-blue-shield-brand-contraceptive-copay-waiver-form.pdf,pdf,,,2024-08-01,200,652547afaff6c88703ce7ed18d3d67ef48bd839a2ded7bebe9a7d0e30f9ae6e3,135083,N,static,sitemap|css_selector|url_pattern,0.95,2026-10-06T17:54:30Z,
Elevance / Anthem,,Unknown,Unknown,Prior Authorization Request Breast Cancer Prevention,pa_list,https://www.anthem.com/content/dam/digital/docs/pharmacy-information/anthem_bcbs_breast_cancer_copay_waiver_form.pdf,https://www.anthem.com/pharmacy-information/drug-list-formulary,https://www.anthem.com/sitemap.xml > https://www.anthem.com/pharmacy-information/drug-list-formulary > https://www.anthem.com/content/dam/digital/docs/pharmacy-information/anthem_bcbs_breast_cancer_copay_waiver_form.pdf,pdf,,,2024-07-19,200,9abef8e217840d76ad334fe7d081f745d1bf5da96d31fc053eb2234538a791c5,201492,N,static,sitemap|css_selector|url_pattern,0.95,2026-10-06T17:54:30Z,
Elevance / Anthem,,Unknown,Unknown,ACA Preventive Care Drug List Preventive care can help keep you healthy and may even save your life. Getting routine health exams and screenings can,drug_list,https://file.anthem.com/61088MUMENABS.pdf,https://www.anthem.com/pharmacy-information/drug-list-formulary,https://www.anthem.com/sitemap.xml > https://www.anthem.com/pharmacy-information/drug-list-formulary > https://file.anthem.com/61088MUMENABS.pdf,pdf,,,2025-12-12,200,a3d64d5e5df0758b02ec6a5cd8356c6d1914b665404cb11da4e79c53cdd16300,262393,N,static,sitemap|css_selector|url_pattern,0.95,2026-10-06T17:54:30Z,
Elevance / Anthem,,Unknown,Unknown,"Home Delivery and Rx Maintenance 90 Drug List Depending on your home delivery coverage, the drugs listed below must be obtained through your home delivery benefit to obtain a",drug_list,https://file.anthem.com/24804MUMENABS.pdf,https://www.anthem.com/pharmacy-information/drug-list-formulary,https://www.anthem.com/sitemap.xml > https://www.anthem.com/pharmacy-information/drug-list-formulary > https://file.anthem.com/24804MUMENABS.pdf,pdf,,,2026-06-03,200,181fa253a094febd78297aa53c29369e1b6701f63b6e78b2e9f35a5520a4bcfa,491572,N,static,sitemap|css_selector|url_pattern,0.95,2026-10-06T17:54:30Z,
Elevance / Anthem,,Alabama,Unknown,"Lista de medicamentos de mantenimiento Según qué plan de salud nuestro tengas, es posible que debas obtener los medicamentos de mantenimiento por medio de una entrega",other,https://file.anthem.com/24804MUMSPABS.pdf,https://www.anthem.com/pharmacy-information/drug-list-formulary,https://www.anthem.com/sitemap.xml > https://www.anthem.com/pharmacy-information/drug-list-formulary > https://file.anthem.com/24804MUMSPABS.pdf,pdf,,,2026-06-08,200,5302a01938df154c5b91b1561b2d9a818e23175bdfb72ae77a89ee1657559633,498856,N,static,sitemap|css_selector|url_pattern,0.85,2026-10-06T17:54:30Z,
Elevance / Anthem,,Unknown,Unknown,ACA Contraceptive for Religious Affiliate Group Drug List Preventive care can help keep you healthy and may even save your life. Getting routine health exams and screenings can,drug_list,https://file.anthem.com/A00898MUMENABS.pdf,https://www.anthem.com/pharmacy-information/drug-list-formulary,https://www.anthem.com/sitemap.xml > https://www.anthem.com/pharmacy-information/drug-list-formulary > https://file.anthem.com/A00898MUMENABS.pdf,pdf,,,2025-02-27,200,d1b24def324d08f344daaa2aada39a23fe813dfcade217a95dac4291813dfd7d,475129,N,static,sitemap|css_selector|url_pattern,0.95,2026-10-06T17:54:30Z,
Elevance / Anthem,,Unknown,Unknown,Medical Benefit Drug List The drugs listed below are considered Medical Specialty Pharmacy (MSP) products and are typically covered under the member’s,drug_list,https://file.anthem.com/A00636ANPENABS.pdf,https://www.anthem.com/pharmacy-information/drug-list-formulary,https://www.anthem.com/sitemap.xml > https://www.anthem.com/pharmacy-information/drug-list-formulary > https://file.anthem.com/A00636ANPENABS.pdf,pdf,,,2026-07-21,200,9e8a2df7dad77c6d4fa2809c3b01125e564a690c6dc15e78cca499055dc3d7d5,1573555,N,static,sitemap|css_selector|url_pattern,0.95,2026-10-06T17:54:30Z,
Elevance / Anthem,,Unknown,Unknown,"Our health plans offer all the preventive care services and immunizations below at no cost to you1. You won’t have to pay anything when you use a doctor, pharmacy, or lab in your plan’s network. If you go to doctors or facilities outside",medical_policy,https://file.anthem.com/43199MUMENABS.pdf,https://www.anthem.com/pharmacy-information/drug-list-formulary,https://www.anthem.com/sitemap.xml > https://www.anthem.com/pharmacy-information/drug-list-formulary > https://file.anthem.com/43199MUMENABS.pdf,pdf,,,2025-10-07,200,ce5f62672e8235be9d05aa865869f794cdb78e547b34489c236ca07bb4ef9e34,550863,N,static,sitemap|css_selector|url_pattern,0.95,2026-10-06T17:54:30Z,
Elevance / Anthem,,Unknown,Unknown,"Our Voluntary Site of Care Redirection program offers convenient, lower-cost options for members to receive infusion therapy. Members may receive care from experienced health care professionals in the privacy and convenience of their",drug_list,https://file.anthem.com/05976ANMENABS.pdf,https://www.anthem.com/pharmacy-information/drug-list-formulary,https://www.anthem.com/sitemap.xml > https://www.anthem.com/pharmacy-information/drug-list-formulary > https://file.anthem.com/05976ANMENABS.pdf,pdf,,,2023-02-06,200,a4e805b3848bf31b22accd4ee1f5f1d0c0df02a4844a9f15b1386af27ed17f0c,424125,N,static,sitemap|css_selector|url_pattern,0.95,2026-10-06T17:54:31Z,
Elevance / Anthem,,Alabama,Unknown,Lista de medicamentos esenciales Medicamentos alternativos,other,https://file.anthem.com/64147CAESPABC.1.pdf,https://www.anthem.com/ca/pharmacy-information/drug-list-formulary,https://www.anthem.com/sitemap.xml > https://www.anthem.com/ca/pharmacy-information/drug-list-formulary > https://file.anthem.com/64147CAESPABC.1.pdf,pdf,,,2026-06-30,200,262ded1909620ae826d35f55ca1366cf507aa55512cbf0c81c93b6678a95ec5d,944175,N,static,sitemap|css_selector|url_pattern,0.85,2026-10-06T17:54:31Z,
Elevance / Anthem,,California,Unknown,Essential Drug List Medication Alternatives,drug_list,https://file.anthem.com/64147CAEENABC.1.pdf,https://www.anthem.com/ca/pharmacy-information/drug-list-formulary,https://www.anthem.com/sitemap.xml > https://www.anthem.com/ca/pharmacy-information/drug-list-formulary > http://file.anthem.com/64147CAEENABC.1.pdf > https://file.anthem.com/64147CAEENABC.1.pdf,pdf,,,2026-06-30,200,034cebaa33379fcec64861e92c1cc551e15dcbdd0a64db4196c964c3d57e03b6,938031,N,static,sitemap|css_selector|url_pattern,0.95,2026-10-06T17:54:31Z,
Elevance / Anthem,,California,Unknown,CA CDI Essential Drug List Medication Alternatives,drug_list,https://file.anthem.com/A03072CAEENABC.pdf,https://www.anthem.com/ca/pharmacy-information/drug-list-formulary,https://www.anthem.com/sitemap.xml > https://www.anthem.com/ca/pharmacy-information/drug-list-formulary > http://file.anthem.com/A03072CAEENABC.pdf > https://file.anthem.com/A03072CAEENABC.pdf,pdf,,,2026-06-30,200,8b7e6402aeb895c46dae0bb1b4a9548ab2c61c7e91d005f13f0a655cac59f56b,925913,N,static,sitemap|css_selector|url_pattern,0.95,2026-10-06T17:54:32Z,
Elevance / Anthem,,Alabama,Unknown,Lista de medicamentos esenciales de CA CDI Medicamentos alternativos,other,https://file.anthem.com/A03072CAESPABC.pdf,https://www.anthem.com/ca/pharmacy-information/drug-list-formulary,https://www.anthem.com/sitemap.xml > https://www.anthem.com/ca/pharmacy-information/drug-list-formulary > http://file.anthem.com/A03072CAESPABC.pdf > https://file.anthem.com/A03072CAESPABC.pdf,pdf,,,2026-06-30,200,a2d361125369d80f239d79d77db4d2a8ed9ef86008cf0ee24e54d53cf4f32f65,931468,N,static,sitemap|css_selector|url_pattern,0.85,2026-10-06T17:54:32Z,
Elevance / Anthem,,California,Unknown,CA DMHC Essential Drug List Medication Alternatives,drug_list,https://file.anthem.com/A03071CAEENABC.pdf,https://www.anthem.com/ca/pharmacy-information/drug-list-formulary,https://www.anthem.com/sitemap.xml > https://www.anthem.com/ca/pharmacy-information/drug-list-formulary > http://file.anthem.com/A03071CAEENABC.pdf > https://file.anthem.com/A03071CAEENABC.pdf,pdf,,,2026-06-30,200,d3729eda0948ea2880ba84f1563e0c70268be029dbb8ae77dd374b686be2c92c,930059,N,static,sitemap|css_selector|url_pattern,0.95,2026-10-06T17:54:32Z,
Elevance / Anthem,,Alabama,Unknown,Lista de medicamentos esenciales de CA DMHC Medicamentos alternativos,other,https://file.anthem.com/A03071CAESPABC.pdf,https://www.anthem.com/ca/pharmacy-information/drug-list-formulary,https://www.anthem.com/sitemap.xml > https://www.anthem.com/ca/pharmacy-information/drug-list-formulary > http://file.anthem.com/A03071CAESPABC.pdf > https://file.anthem.com/A03071CAESPABC.pdf,pdf,,,2026-06-30,200,a935033648d52387f113b0f053de5c4ef6cc35080d7cbbab94707cef31a2623b,936082,N,static,sitemap|css_selector|url_pattern,0.85,2026-10-06T17:54:33Z,
Elevance / Anthem,,Unknown,Unknown,o o,drug_list,https://fm.formularynavigator.com/FBO/143/Essential_Drug_List_Four_Tier_ABC.pdf,https://www.anthem.com/ca/pharmacy-information/drug-list-formulary,https://www.anthem.com/sitemap.xml > https://www.anthem.com/ca/pharmacy-information/drug-list-formulary > https://fm.formularynavigator.com/FBO/143/Essential_Drug_List_Four_Tier_ABC.pdf,pdf,,,,200,8deca99fee0b4d5b846f0a2e436379eb883c37823bfa54876934fb13304d31f7,2024091,N,static,sitemap|css_selector|url_pattern,0.9,2026-10-06T17:54:34Z,
Elevance / Anthem,,Unknown,Unknown,o o,drug_list,https://fm.formularynavigator.com/FBO/143/Essential_Drug_List_Five_Tier_ABC.pdf,https://www.anthem.com/ca/pharmacy-information/drug-list-formulary,https://www.anthem.com/sitemap.xml > https://www.anthem.com/ca/pharmacy-information/drug-list-formulary > https://fm.formularynavigator.com/FBO/143/Essential_Drug_List_Five_Tier_ABC.pdf,pdf,,,,200,e4e210f4cd4e1b66d7d91e113af9f76841b7c8bb19e458aadc228e1c0dfea9a2,2070742,N,static,sitemap|css_selector|url_pattern,0.9,2026-10-06T17:54:35Z,
Elevance / Anthem,,Unknown,Unknown,• •,other,https://fm.formularynavigator.com/FBO/143/Essential_Drug_List_Three_Tier_ABC_SP.pdf,https://www.anthem.com/ca/pharmacy-information/drug-list-formulary,https://www.anthem.com/sitemap.xml > https://www.anthem.com/ca/pharmacy-information/drug-list-formulary > https://fm.formularynavigator.com/FBO/143/Essential_Drug_List_Three_Tier_ABC_SP.pdf,pdf,,,,200,5b0d19b1da33e4f50b49ba8743af1d9a97cb64a8d7f9a4da3360d6f3963c6314,2467031,N,static,sitemap|css_selector|url_pattern,0.8,2026-10-06T17:54:35Z,
Elevance / Anthem,,Unknown,Unknown,o o,drug_list,https://fm.formularynavigator.com/FBO/143/Essential_Drug_List_Three_Tier_ABC.pdf,https://www.anthem.com/ca/pharmacy-information/drug-list-formulary,https://www.anthem.com/sitemap.xml > https://www.anthem.com/ca/pharmacy-information/drug-list-formulary > https://fm.formularynavigator.com/FBO/143/Essential_Drug_List_Three_Tier_ABC.pdf,pdf,,,,200,8dd3a45a0a49b7ad644fa72aee0115552fadffc3d2c6999ebe2927df1341664d,2049068,N,static,sitemap|css_selector|url_pattern,0.9,2026-10-06T17:54:36Z,
Elevance / Anthem,,Unknown,Unknown,• •,other,https://fm.formularynavigator.com/FBO/143/Essential_Drug_List_Five_Tier_ABC_SP.pdf,https://www.anthem.com/ca/pharmacy-information/drug-list-formulary,https://www.anthem.com/sitemap.xml > https://www.anthem.com/ca/pharmacy-information/drug-list-formulary > https://fm.formularynavigator.com/FBO/143/Essential_Drug_List_Five_Tier_ABC_SP.pdf,pdf,,,,200,78386309f8d8762c9cde797b1f1cacf0269a7fe2a8608d43642a7f1ca54db1a5,2585005,N,static,sitemap|css_selector|url_pattern,0.8,2026-10-06T17:54:38Z,
Elevance / Anthem,,California,Unknown,Essential Direct Drug List Medication Alternatives,drug_list,https://file.anthem.com/A03084CAEENABC.pdf,https://www.anthem.com/ca/pharmacy-information/drug-list-formulary,https://www.anthem.com/sitemap.xml > https://www.anthem.com/ca/pharmacy-information/drug-list-formulary > http://file.anthem.com/A03084CAEENABC.pdf > https://file.anthem.com/A03084CAEENABC.pdf,pdf,,,2026-06-30,200,0fa881d2bde43b3f975969f7c76a6c731bfeb3c59a0e9b896704b56720a279be,939286,N,static,sitemap|css_selector|url_pattern,0.95,2026-10-06T17:54:39Z,
Elevance / Anthem,,Alabama,Unknown,Lista de medicamentos directos esenciales Medicamentos alternativos,other,https://file.anthem.com/A03084CAESPABC.pdf,https://www.anthem.com/ca/pharmacy-information/drug-list-formulary,https://www.anthem.com/sitemap.xml > https://www.anthem.com/ca/pharmacy-information/drug-list-formulary > http://file.anthem.com/A03084CAESPABC.pdf > https://file.anthem.com/A03084CAESPABC.pdf,pdf,,,2026-06-30,200,c8e91eca26ae4c54fba4c6df6b68cadfa0701522744882eb7682bcf718acd6bb,610265,N,static,sitemap|css_selector|url_pattern,0.85,2026-10-06T17:54:40Z,
Elevance / Anthem,,Alabama,Unknown,Lista de medicamentos esenciales Lista de medicamentos — Plan de medicamentos de tres niveles,formulary,https://fm.formularynavigator.com/FBO/143/CA_Essential_3_Tier_ABC_CDI_SP.pdf,https://www.anthem.com/ca/pharmacy-information/drug-list-formulary,https://www.anthem.com/sitemap.xml > https://www.anthem.com/ca/pharmacy-information/drug-list-formulary > https://fm.formularynavigator.com/FBO/143/CA_Essential_3_Tier_ABC_CDI_SP.pdf,pdf,,,,200,392599f6adcc5321a1def940cf77d835ecb5ca98e15d9ad19fa20bb52790e11a,5545575,N,static,sitemap|css_selector|url_pattern,0.9,2026-10-06T17:54:42Z,
Elevance / Anthem,,Unknown,Unknown,• •,other,https://fm.formularynavigator.com/FBO/143/Essential_Drug_List_Four_Tier_ABC_SP.pdf,https://www.anthem.com/ca/pharmacy-information/drug-list-formulary,https://www.anthem.com/sitemap.xml > https://www.anthem.com/ca/pharmacy-information/drug-list-formulary > https://fm.formularynavigator.com/FBO/143/Essential_Drug_List_Four_Tier_ABC_SP.pdf,pdf,,,,200,05228dcda6acc7778fd778023f79f1278045a7c9bffbbe568b3013827da47168,2494478,N,static,sitemap|css_selector|url_pattern,0.8,2026-10-06T17:54:43Z,
Elevance / Anthem,,Pennsylvania,Unknown,Essential Direct Drug List Drug list — Three Tier Drug Plan,drug_list,https://fm.formularynavigator.com/FBO/143/Essential_Direct_3_Tier_ABC.pdf,https://www.anthem.com/ca/pharmacy-information/drug-list-formulary,https://www.anthem.com/sitemap.xml > https://www.anthem.com/ca/pharmacy-information/drug-list-formulary > https://fm.formularynavigator.com/FBO/143/Essential_Direct_3_Tier_ABC.pdf,pdf,,,,200,c5ce4ba26c0434e5e211040f4bffff24f0f7fb68c937c3d1e3fe17a8f090e132,1178950,N,static,sitemap|css_selector|url_pattern,0.9,2026-10-06T17:54:43Z,
Elevance / Anthem,,Alabama,Unknown,Lista de Medicamentos Directos Esenciales Lista de medicamentos — Plan de medicamentos de tres niveles,other,https://fm.formularynavigator.com/FBO/143/Essential_Direct_3_Tier_ABC_Spanish.pdf,https://www.anthem.com/ca/pharmacy-information/drug-list-formulary,https://www.anthem.com/sitemap.xml > https://www.anthem.com/ca/pharmacy-information/drug-list-formulary > https://fm.formularynavigator.com/FBO/143/Essential_Direct_3_Tier_ABC_Spanish.pdf,pdf,,,,200,8e73c86d499f835e26b74896db14341fafe909b4e2c3cfc09ca572043637f6e5,1237141,N,static,sitemap|css_selector|url_pattern,0.8,2026-10-06T17:54:44Z,
Elevance / Anthem,,California,Unknown,Essential Drug List Drug list — Four Tier Drug Plan,drug_list,https://fm.formularynavigator.com/FBO/143/CA_Essential_4_Tier_ABC_CDI.pdf,https://www.anthem.com/ca/pharmacy-information/drug-list-formulary,https://www.anthem.com/sitemap.xml > https://www.anthem.com/ca/pharmacy-information/drug-list-formulary > https://fm.formularynavigator.com/FBO/143/CA_Essential_4_Tier_ABC_CDI.pdf,pdf,,,,200,423240c31f0439465a1f3912b3604db5e949b3ec4d5309712f631ee7b79692a6,5126291,N,static,sitemap|css_selector|url_pattern,0.9,2026-10-06T17:54:44Z,
Elevance / Anthem,,Alabama,Unknown,Lista de Medicamentos Directos Esenciales Lista de medicamentos: plan de medicamentos de cuatro niveles,other,https://fm.formularynavigator.com/FBO/143/Essential_Direct_4_Tier_ABC_Spanish.pdf,https://www.anthem.com/ca/pharmacy-information/drug-list-formulary,https://www.anthem.com/sitemap.xml > https://www.anthem.com/ca/pharmacy-information/drug-list-formulary > https://fm.formularynavigator.com/FBO/143/Essential_Direct_4_Tier_ABC_Spanish.pdf,pdf,,,,200,74636435248cc87c4dfd0b9c486d9d8423ac91361677ca59461ce7fde8705414,1020221,N,static,sitemap|css_selector|url_pattern,0.8,2026-10-06T17:54:44Z,
Elevance / Anthem,,California,Unknown,Essential Drug List Drug list — Three Tier Drug Plan,drug_list,https://fm.formularynavigator.com/FBO/143/CA_Essential_3_Tier_ABC_CDI.pdf,https://www.anthem.com/ca/pharmacy-information/drug-list-formulary,https://www.anthem.com/sitemap.xml > https://www.anthem.com/ca/pharmacy-information/drug-list-formulary > https://fm.formularynavigator.com/FBO/143/CA_Essential_3_Tier_ABC_CDI.pdf,pdf,,,2026-10-01,200,6b4c3b8bb2de4ba9065686c542ddfd59959e0680ea3dc3c99943767430da9890,5115973,N,static,sitemap|css_selector|url_pattern,0.95,2026-10-06T17:54:45Z,
Elevance / Anthem,,California,Unknown,Essential Drug List Drug list — Four Tier Drug Plan,drug_list,https://fm.formularynavigator.com/FBO/143/CA_Essential_4_Tier_ABC_DMHC.pdf,https://www.anthem.com/ca/pharmacy-information/drug-list-formulary,https://www.anthem.com/sitemap.xml > https://www.anthem.com/ca/pharmacy-information/drug-list-formulary > https://fm.formularynavigator.com/FBO/143/CA_Essential_4_Tier_ABC_DMHC.pdf,pdf,,,,200,a0e911a74c1a835974446d4522dcb81a70c1cee4003ce2e22d4d90a6740a3fd8,4713978,N,static,sitemap|css_selector|url_pattern,0.9,2026-10-06T17:54:45Z,
Elevance / Anthem,,Alabama,Unknown,Lista de medicamentos esenciales Lista de medicamentos — Plan de medicamentos de cuatro niveles,other,https://fm.formularynavigator.com/FBO/143/CA_Essential_4_Tier_ABC_CDI_SP.pdf,https://www.anthem.com/ca/pharmacy-information/drug-list-formulary,https://www.anthem.com/sitemap.xml > https://www.anthem.com/ca/pharmacy-information/drug-list-formulary > https://fm.formularynavigator.com/FBO/143/CA_Essential_4_Tier_ABC_CDI_SP.pdf,pdf,,,,200,1d4ab54c8b2f944d631287ebf0464e5a43c254d60c51d3747f3812ac91af64e6,5487438,N,static,sitemap|css_selector|url_pattern,0.8,2026-10-06T17:54:46Z,
Elevance / Anthem,,California,Unknown,National Drug List Medication Alternatives,drug_list,https://file.anthem.com/64774CAEENABC.1.pdf,https://www.anthem.com/ca/pharmacy-information/drug-list-formulary,https://www.anthem.com/sitemap.xml > https://www.anthem.com/ca/pharmacy-information/drug-list-formulary > http://file.anthem.com/64774CAEENABC.1.pdf > https://file.anthem.com/64774CAEENABC.1.pdf,pdf,,,2026-06-30,200,f62cf7266354e8daa9d628d44a63473792d0e49abccf787efcad4eb58c01cb7b,919484,N,static,sitemap|css_selector|url_pattern,0.95,2026-10-06T17:54:46Z,
Elevance / Anthem,,Unknown,Unknown,o o,drug_list,https://fm.formularynavigator.com/FBO/143/Essential_Direct_5_Tier_ABC.pdf,https://www.anthem.com/ca/pharmacy-information/drug-list-formulary,https://www.anthem.com/sitemap.xml > https://www.anthem.com/ca/pharmacy-information/drug-list-formulary > https://fm.formularynavigator.com/FBO/143/Essential_Direct_5_Tier_ABC.pdf,pdf,,,,200,41c4c6b91d3765ee1d8781fdfc0ac0762cf5f2c26228ed0361da45f3088e8df4,2080830,N,static,sitemap|css_selector|url_pattern,0.9,2026-10-06T17:54:47Z,
Elevance / Anthem,,Alabama,Unknown,Lista nacional de medicamentos La Lista nacional de medicamentos es una lista de,other,https://file.anthem.com/64774CAESPABC.1.pdf,https://www.anthem.com/ca/pharmacy-information/drug-list-formulary,https://www.anthem.com/sitemap.xml > https://www.anthem.com/ca/pharmacy-information/drug-list-formulary > http://file.anthem.com/64774CAESPABC.1.pdf > https://file.anthem.com/64774CAESPABC.1.pdf,pdf,,,2026-06-30,200,55d9a888d30039afeacaa3879f9e1ca64967776e60a57b260d2693f82242c273,924137,N,static,sitemap|css_selector|url_pattern,0.85,2026-10-06T17:54:47Z,
Elevance / Anthem,,Alabama,Unknown,Lista de medicamentos esenciales Lista de medicamentos — Plan de medicamentos de cuatro niveles,other,https://fm.formularynavigator.com/FBO/143/CA_Essential_4_Tier_ABC_DMHC_SP.pdf,https://www.anthem.com/ca/pharmacy-information/drug-list-formulary,https://www.anthem.com/sitemap.xml > https://www.anthem.com/ca/pharmacy-information/drug-list-formulary > https://fm.formularynavigator.com/FBO/143/CA_Essential_4_Tier_ABC_DMHC_SP.pdf,pdf,,,,200,a47033c1575e5ed88e3f75977467b7bf7b73559033f325a3fa152490746c9b56,5469228,N,static,sitemap|css_selector|url_pattern,0.8,2026-10-06T17:54:47Z,
Elevance / Anthem,,Pennsylvania,Unknown,Essential Direct Drug List Drug list — Four Tier Drug Plan,drug_list,https://fm.formularynavigator.com/FBO/143/Essential_Direct_4_Tier_ABC.pdf,https://www.anthem.com/ca/pharmacy-information/drug-list-formulary,https://www.anthem.com/sitemap.xml > https://www.anthem.com/ca/pharmacy-information/drug-list-formulary > https://fm.formularynavigator.com/FBO/143/Essential_Direct_4_Tier_ABC.pdf,pdf,,,,200,3b7969f4ad0d7bad2d9f003d45cd33784b1b81f83502593ebf2686ea7a572ecf,1213261,N,static,sitemap|css_selector|url_pattern,0.9,2026-10-06T17:54:48Z,
Elevance / Anthem,,Unknown,Unknown,o o,other,https://fm.formularynavigator.com/FBO/143/Essential_Direct_5_Tier_ABC_Spanish.pdf,https://www.anthem.com/ca/pharmacy-information/drug-list-formulary,https://www.anthem.com/sitemap.xml > https://www.anthem.com/ca/pharmacy-information/drug-list-formulary > https://fm.formularynavigator.com/FBO/143/Essential_Direct_5_Tier_ABC_Spanish.pdf,pdf,,,,200,3969f2598cb8c5614988f3c22d60b8aea11a5549af68a6a229dd8152d2374351,1898641,N,static,sitemap|css_selector|url_pattern,0.8,2026-10-06T17:54:48Z,
Elevance / Anthem,,Alabama,Unknown,Lista de medicamentos esenciales Lista de medicamentos — Plan de medicamentos de tres niveles,other,https://fm.formularynavigator.com/FBO/143/CA_Essential_3_Tier_ABC_DMHC_SP.pdf,https://www.anthem.com/ca/pharmacy-information/drug-list-formulary,https://www.anthem.com/sitemap.xml > https://www.anthem.com/ca/pharmacy-information/drug-list-formulary > https://fm.formularynavigator.com/FBO/143/CA_Essential_3_Tier_ABC_DMHC_SP.pdf,pdf,,,,200,68b396db89380662ac21c2ce01c84c12d3f91f68ced5610e43095f60e8afe4c3,5799030,N,static,sitemap|css_selector|url_pattern,0.8,2026-10-06T17:54:48Z,
Elevance / Anthem,,Unknown,Unknown,• •,other,https://fm.formularynavigator.com/FBO/143/National_Drug_List_Three_Tier_ABC_SP.pdf,https://www.anthem.com/ca/pharmacy-information/drug-list-formulary,https://www.anthem.com/sitemap.xml > https://www.anthem.com/ca/pharmacy-information/drug-list-formulary > https://fm.formularynavigator.com/FBO/143/National_Drug_List_Three_Tier_ABC_SP.pdf,pdf,,,,200,235ef40f52d5591a3e9b5b44a02298d28f166f56cebccaa8c1adb941e16b48db,2720316,N,static,sitemap|css_selector|url_pattern,0.8,2026-10-06T17:54:50Z,
Elevance / Anthem,,California,Unknown,CA CDI National Drug List Medication Alternatives,drug_list,https://file.anthem.com/A03070CAEENABC.pdf,https://www.anthem.com/ca/pharmacy-information/drug-list-formulary,https://www.anthem.com/sitemap.xml > https://www.anthem.com/ca/pharmacy-information/drug-list-formulary > http://file.anthem.com/A03070CAEENABC.pdf > https://file.anthem.com/A03070CAEENABC.pdf,pdf,,,2026-06-30,200,7d4382620dc10ea824f49e7fafa191389bbed7b3080114305d899608794a04ef,915082,N,static,sitemap|css_selector|url_pattern,0.95,2026-10-06T17:54:50Z,
Elevance / Anthem,,Alabama,Unknown,Lista nacional de medicamentos de CA CDI La Lista nacional de medicamentos es una lista de,other,https://file.anthem.com/A03070CAESPABC.pdf,https://www.anthem.com/ca/pharmacy-information/drug-list-formulary,https://www.anthem.com/sitemap.xml > https://www.anthem.com/ca/pharmacy-information/drug-list-formulary > http://file.anthem.com/A03070CAESPABC.pdf > https://file.anthem.com/A03070CAESPABC.pdf,pdf,,,2026-06-30,200,27e0940a2a8a33e47c113958772668d3b0f994b34fb2c5b53ebd397523e67029,919482,N,static,sitemap|css_selector|url_pattern,0.85,2026-10-06T17:54:50Z,
Elevance / Anthem,,Unknown,Unknown,o o,drug_list,https://fm.formularynavigator.com/FBO/143/National_Drug_List_Three_Tier_ABC.pdf,https://www.anthem.com/ca/pharmacy-information/drug-list-formulary,https://www.anthem.com/sitemap.xml > https://www.anthem.com/ca/pharmacy-information/drug-list-formulary > https://fm.formularynavigator.com/FBO/143/National_Drug_List_Three_Tier_ABC.pdf,pdf,,,,200,d73cf995e44afb4a339100f6fdb41ed6ed7c5d8fdbdab18c6b9ea7dce4216140,2334636,N,static,sitemap|css_selector|url_pattern,0.9,2026-10-06T17:54:51Z,
Elevance / Anthem,,Unknown,Unknown,• •,other,https://fm.formularynavigator.com/FBO/143/National_Drug_List_4_Tier_ABC_SP.pdf,https://www.anthem.com/ca/pharmacy-information/drug-list-formulary,https://www.anthem.com/sitemap.xml > https://www.anthem.com/ca/pharmacy-information/drug-list-formulary > https://fm.formularynavigator.com/FBO/143/National_Drug_List_4_Tier_ABC_SP.pdf,pdf,,,,200,c81614e2206a0d3a864ac4c5f9c288655dc6606f3796aab74078a6d30412f14b,2759691,N,static,sitemap|css_selector|url_pattern,0.8,2026-10-06T17:54:51Z,
Elevance / Anthem,,Alabama,Unknown,Lista nacional de medicamentos de CA DMHC La Lista nacional de medicamentos es una lista de,other,https://file.anthem.com/A03073CAESPABC.pdf,https://www.anthem.com/ca/pharmacy-information/drug-list-formulary,https://www.anthem.com/sitemap.xml > https://www.anthem.com/ca/pharmacy-information/drug-list-formulary > http://file.anthem.com/A03073CAESPABC.pdf > https://file.anthem.com/A03073CAESPABC.pdf,pdf,,,2026-06-30,200,78a7dc74dc61e36a5e0d511550839d2d483460c67be0b39c3e24ae4fb35c1ddd,925535,N,static,sitemap|css_selector|url_pattern,0.85,2026-10-06T17:54:51Z,
Elevance / Anthem,,California,Unknown,CA DMHC National Drug List Medication Alternatives,drug_list,https://file.anthem.com/A03073CAEENABC.pdf,https://www.anthem.com/ca/pharmacy-information/drug-list-formulary,https://www.anthem.com/sitemap.xml > https://www.anthem.com/ca/pharmacy-information/drug-list-formulary > http://file.anthem.com/A03073CAEENABC.pdf > https://file.anthem.com/A03073CAEENABC.pdf,pdf,,,2026-06-30,200,b98c19fec8590c254ebcedf5b3ada4b7429be8c01ab413579fcc976466259b82,920817,N,static,sitemap|css_selector|url_pattern,0.95,2026-10-06T17:54:51Z,
Elevance / Anthem,,California,Unknown,Essential Drug List Drug list — Three Tier Drug Plan,drug_list,https://fm.formularynavigator.com/FBO/143/CA_Essential_3_Tier_ABC_DMHC.pdf,https://www.anthem.com/ca/pharmacy-information/drug-list-formulary,https://www.anthem.com/sitemap.xml > https://www.anthem.com/ca/pharmacy-information/drug-list-formulary > https://fm.formularynavigator.com/FBO/143/CA_Essential_3_Tier_ABC_DMHC.pdf,pdf,,,2026-10-01,200,af03f8d637517cc8754226c609dc1a69e1dae84d3f967887e59cd246a71dd50b,5280842,N,static,sitemap|css_selector|url_pattern,0.95,2026-10-06T17:54:52Z,
Elevance / Anthem,,Unknown,Unknown,• •,other,https://fm.formularynavigator.com/FBO/143/National_Drug_List_5_Tier_ABC_SP.pdf,https://www.anthem.com/ca/pharmacy-information/drug-list-formulary,https://www.anthem.com/sitemap.xml > https://www.anthem.com/ca/pharmacy-information/drug-list-formulary > https://fm.formularynavigator.com/FBO/143/National_Drug_List_5_Tier_ABC_SP.pdf,pdf,,,,200,7078efd0cf62810af73066ef865646ebb59df77cdd79b739a421e6bd847f6858,2852927,N,static,sitemap|css_selector|url_pattern,0.8,2026-10-06T17:54:53Z,
Elevance / Anthem,,Unknown,Unknown,o o,drug_list,https://fm.formularynavigator.com/FBO/143/National_Drug_List_Four_Tier_ABC.pdf,https://www.anthem.com/ca/pharmacy-information/drug-list-formulary,https://www.anthem.com/sitemap.xml > https://www.anthem.com/ca/pharmacy-information/drug-list-formulary > https://fm.formularynavigator.com/FBO/143/National_Drug_List_Four_Tier_ABC.pdf,pdf,,,,200,ece04558f70741ae2488f60ddb860139154ec7f4d066cc83fc056f7028d64e7b,2366966,N,static,sitemap|css_selector|url_pattern,0.9,2026-10-06T17:54:54Z,
Elevance / Anthem,,California,Unknown,National Drug List Drug list — Three Tier Drug Plan,drug_list,https://fm.formularynavigator.com/FBO/143/CA_National_3_Tier_ABC_DMHC.pdf,https://www.anthem.com/ca/pharmacy-information/drug-list-formulary,https://www.anthem.com/sitemap.xml > https://www.anthem.com/ca/pharmacy-information/drug-list-formulary > https://fm.formularynavigator.com/FBO/143/CA_National_3_Tier_ABC_DMHC.pdf,pdf,,,2026-10-01,200,3ae1ea0047a44ac57645bc299abfb7ff98637a3d38ec78bc56d908a06511cdf5,7675341,N,static,sitemap|css_selector|url_pattern,0.95,2026-10-06T17:54:56Z,
Elevance / Anthem,,Unknown,Unknown,o o,drug_list,https://fm.formularynavigator.com/FBO/143/National_Drug_List_Five_Tier_ABC.pdf,https://www.anthem.com/ca/pharmacy-information/drug-list-formulary,https://www.anthem.com/sitemap.xml > https://www.anthem.com/ca/pharmacy-information/drug-list-formulary > https://fm.formularynavigator.com/FBO/143/National_Drug_List_Five_Tier_ABC.pdf,pdf,,,,200,d4f7d2dc3a8e2f366aa41eb293db377e70b75db71802f061853962129770daa4,2353236,N,static,sitemap|css_selector|url_pattern,0.9,2026-10-06T17:54:57Z,
Elevance / Anthem,,California,Unknown,National Direct Drug List Medication Alternatives,drug_list,https://file.anthem.com/A00438CAEENABC.1.pdf,https://www.anthem.com/ca/pharmacy-information/drug-list-formulary,https://www.anthem.com/sitemap.xml > https://www.anthem.com/ca/pharmacy-information/drug-list-formulary > http://file.anthem.com/A00438CAEENABC.1.pdf > https://file.anthem.com/A00438CAEENABC.1.pdf,pdf,,,2026-06-30,200,90a82b836351b5f6a94f9f0762d82086a0efc2bbf321872496adf1dcdc839c3b,946987,N,static,sitemap|css_selector|url_pattern,0.95,2026-10-06T17:54:58Z,
Elevance / Anthem,,Alabama,Unknown,Lista Nacional de Medicamentos Directos Medicamentos alternativos,other,https://file.anthem.com/A00438CAESPABC.1.pdf,https://www.anthem.com/ca/pharmacy-information/drug-list-formulary,https://www.anthem.com/sitemap.xml > https://www.anthem.com/ca/pharmacy-information/drug-list-formulary > http://file.anthem.com/A00438CAESPABC.1.pdf > https://file.anthem.com/A00438CAESPABC.1.pdf,pdf,,,2026-06-30,200,c8a427b2eca9a12578f4aa47b9998c2e2d6763dfcfd73fbb0b65efad3cf12ce7,955658,N,static,sitemap|css_selector|url_pattern,0.85,2026-10-06T17:54:59Z,
Elevance / Anthem,,Unknown,Unknown,o o,drug_list,https://fm.formularynavigator.com/FBO/143/National_Direct_Drug_List_Three_Tier_ABC.pdf,https://www.anthem.com/ca/pharmacy-information/drug-list-formulary,https://www.anthem.com/sitemap.xml > https://www.anthem.com/ca/pharmacy-information/drug-list-formulary > https://fm.formularynavigator.com/FBO/143/National_Direct_Drug_List_Three_Tier_ABC.pdf,pdf,,,,200,39bcea5de9366b3d9f19e70f308aa3b17d3fa3175e422704712599ed3eea81dc,2314463,N,static,sitemap|css_selector|url_pattern,0.9,2026-10-06T17:55:01Z,
Elevance / Anthem,,Unknown,Unknown,o o,drug_list,https://fm.formularynavigator.com/FBO/143/National_Direct_Drug_List_4_Tier_ABC.pdf,https://www.anthem.com/ca/pharmacy-information/drug-list-formulary,https://www.anthem.com/sitemap.xml > https://www.anthem.com/ca/pharmacy-information/drug-list-formulary > https://fm.formularynavigator.com/FBO/143/National_Direct_Drug_List_4_Tier_ABC.pdf,pdf,,,,200,5a124f3e4b945a3fca79662ab46f797f27607e17a9cdf06cadcb7104d4e02637,2321587,N,static,sitemap|css_selector|url_pattern,0.9,2026-10-06T17:55:02Z,
Elevance / Anthem,,Unknown,Unknown,• •,other,https://fm.formularynavigator.com/FBO/143/National_Direct_Drug_List_Three_Tier_ABC_SP.pdf,https://www.anthem.com/ca/pharmacy-information/drug-list-formulary,https://www.anthem.com/sitemap.xml > https://www.anthem.com/ca/pharmacy-information/drug-list-formulary > https://fm.formularynavigator.com/FBO/143/National_Direct_Drug_List_Three_Tier_ABC_SP.pdf,pdf,,,,200,c70c619ea0185a742d285d0638203de1d7a32bc2b54080c18e0e70335a90b487,2696120,N,static,sitemap|css_selector|url_pattern,0.8,2026-10-06T17:55:04Z,
Elevance / Anthem,,Unknown,Unknown,• •,other,https://fm.formularynavigator.com/FBO/143/National_Direct_Drug_List_4_Tier_ABC_SP.pdf,https://www.anthem.com/ca/pharmacy-information/drug-list-formulary,https://www.anthem.com/sitemap.xml > https://www.anthem.com/ca/pharmacy-information/drug-list-formulary > https://fm.formularynavigator.com/FBO/143/National_Direct_Drug_List_4_Tier_ABC_SP.pdf,pdf,,,,200,571785f5270de3ae91b4873051d0bf6cbeec6d4c6eb039d8b213577432df39cd,2728077,N,static,sitemap|css_selector|url_pattern,0.8,2026-10-06T17:55:04Z,
Elevance / Anthem,,California,Unknown,National Drug List Drug list — Three Tier Drug Plan,drug_list,https://fm.formularynavigator.com/FBO/143/CA_National_3_Tier_ABC_CDI.pdf,https://www.anthem.com/ca/pharmacy-information/drug-list-formulary,https://www.anthem.com/sitemap.xml > https://www.anthem.com/ca/pharmacy-information/drug-list-formulary > https://fm.formularynavigator.com/FBO/143/CA_National_3_Tier_ABC_CDI.pdf,pdf,,,2026-10-01,200,b781337d181a77ff4d1b5f960b26249b9df3a1f98c82d04c833690f4766ed1a4,7543761,N,static,sitemap|css_selector|url_pattern,0.95,2026-10-06T17:55:05Z,
Elevance / Anthem,,Unknown,Unknown,• •,other,https://fm.formularynavigator.com/FBO/143/National_Direct_Drug_List_5_Tier_ABC_SP.pdf,https://www.anthem.com/ca/pharmacy-information/drug-list-formulary,https://www.anthem.com/sitemap.xml > https://www.anthem.com/ca/pharmacy-information/drug-list-formulary > https://fm.formularynavigator.com/FBO/143/National_Direct_Drug_List_5_Tier_ABC_SP.pdf,pdf,,,,200,041f8374e1554baf7e455e68866111058f4f5cffce10d710f523d2b0335c997d,2852430,N,static,sitemap|css_selector|url_pattern,0.8,2026-10-06T17:55:06Z,
Elevance / Anthem,,California,Unknown,National Direct Plus Drug List Medication Alternatives,drug_list,https://file.anthem.com/A02818CAEENABS.1.pdf,https://www.anthem.com/ca/pharmacy-information/drug-list-formulary,https://www.anthem.com/sitemap.xml > https://www.anthem.com/ca/pharmacy-information/drug-list-formulary > http://file.anthem.com/A02818CAEENABS.1.pdf > https://file.anthem.com/A02818CAEENABS.1.pdf,pdf,,,2026-06-30,200,615667a488a4e3398d0fadf6359d7f1613bdfbc92334f000487144bd9be36c7b,947065,N,static,sitemap|css_selector|url_pattern,0.95,2026-10-06T17:55:07Z,
Elevance / Anthem,,Alabama,Unknown,Lista de medicamentos Directo Nacional Plus Medicamentos alternativos,other,https://file.anthem.com/A02818CAESPABC.1.pdf,https://www.anthem.com/ca/pharmacy-information/drug-list-formulary,https://www.anthem.com/sitemap.xml > https://www.anthem.com/ca/pharmacy-information/drug-list-formulary > http://file.anthem.com/A02818CAESPABC.1.pdf > https://file.anthem.com/A02818CAESPABC.1.pdf,pdf,,,2026-06-30,200,2b1fbd1f9a677b126b9381a2d58beb2880ada8b90d9b563f911cfb3dc937bac6,955419,N,static,sitemap|css_selector|url_pattern,0.85,2026-10-06T17:55:07Z,
Elevance / Anthem,,Unknown,Unknown,o o,drug_list,https://fm.formularynavigator.com/FBO/143/National_Direct_Drug_List_5_Tier_ABC.pdf,https://www.anthem.com/ca/pharmacy-information/drug-list-formulary,https://www.anthem.com/sitemap.xml > https://www.anthem.com/ca/pharmacy-information/drug-list-formulary > https://fm.formularynavigator.com/FBO/143/National_Direct_Drug_List_5_Tier_ABC.pdf,pdf,,,,200,720b6510b72f1305ffb303175bc2a0cc3f49cfb804e25e2bab661f8c2be8a5c9,2345634,N,static,sitemap|css_selector|url_pattern,0.9,2026-10-06T17:55:09Z,
Elevance / Anthem,,Unknown,Unknown,o o,drug_list,https://fm.formularynavigator.com/FBO/143/National_Direct_Plus_Three_Tier_ABC.pdf,https://www.anthem.com/ca/pharmacy-information/drug-list-formulary,https://www.anthem.com/sitemap.xml > https://www.anthem.com/ca/pharmacy-information/drug-list-formulary > https://fm.formularynavigator.com/FBO/143/National_Direct_Plus_Three_Tier_ABC.pdf,pdf,,,,200,1dea506628f6ead6e79ee309eabfc4a921361da2813e6b5c1586c317f7323565,2331277,N,static,sitemap|css_selector|url_pattern,0.9,2026-10-06T17:55:10Z,
Elevance / Anthem,,Unknown,Unknown,• •,other,https://fm.formularynavigator.com/FBO/143/National_Direct_Plus_Three_Tier_ABC_SP.pdf,https://www.anthem.com/ca/pharmacy-information/drug-list-formulary,https://www.anthem.com/sitemap.xml > https://www.anthem.com/ca/pharmacy-information/drug-list-formulary > https://fm.formularynavigator.com/FBO/143/National_Direct_Plus_Three_Tier_ABC_SP.pdf,pdf,,,,200,17ccbad21e7eed85d0e7b5d693e0bd2333b1c76baa99b66af0764c776aefb84f,2702662,N,static,sitemap|css_selector|url_pattern,0.8,2026-10-06T17:55:11Z,
Elevance / Anthem,,Unknown,Unknown,o o,drug_list,https://fm.formularynavigator.com/FBO/143/National_Direct_Plus_5_Tier_ABC.pdf,https://www.anthem.com/ca/pharmacy-information/drug-list-formulary,https://www.anthem.com/sitemap.xml > https://www.anthem.com/ca/pharmacy-information/drug-list-formulary > https://fm.formularynavigator.com/FBO/143/National_Direct_Plus_5_Tier_ABC.pdf,pdf,,,,200,454c2c1c2524d70315e2a95e5a6a1ba6dbfce0077a266bf79bee41d45b89d40c,2314633,N,static,sitemap|css_selector|url_pattern,0.9,2026-10-06T17:55:13Z,
Elevance / Anthem,,Unknown,Unknown,• •,other,https://fm.formularynavigator.com/FBO/143/National_Direct_Plus_4_Tier_ABC_SP.pdf,https://www.anthem.com/ca/pharmacy-information/drug-list-formulary,https://www.anthem.com/sitemap.xml > https://www.anthem.com/ca/pharmacy-information/drug-list-formulary > https://fm.formularynavigator.com/FBO/143/National_Direct_Plus_4_Tier_ABC_SP.pdf,pdf,,,,200,267a7ebb5663cd02daec23157b69631d54a8fcf3f13303bb12a3c2238226306b,2725004,N,static,sitemap|css_selector|url_pattern,0.8,2026-10-06T17:55:13Z,
Elevance / Anthem,,Unknown,Unknown,• •,other,https://fm.formularynavigator.com/FBO/143/National_Direct_Plus_5_Tier_ABC_SP.pdf,https://www.anthem.com/ca/pharmacy-information/drug-list-formulary,https://www.anthem.com/sitemap.xml > https://www.anthem.com/ca/pharmacy-information/drug-list-formulary > https://fm.formularynavigator.com/FBO/143/National_Direct_Plus_5_Tier_ABC_SP.pdf,pdf,,,,200,fd88b1c539fdc5a9f77ab9038527d2a54a7067af9e0cc37b5e927963ba4f7704,2857593,N,static,sitemap|css_selector|url_pattern,0.8,2026-10-06T17:55:14Z,
Elevance / Anthem,,California,Unknown,National Direct Preferred Drug List Medication Alternatives,drug_list,https://file.anthem.com/A03085CAEENABC.pdf,https://www.anthem.com/ca/pharmacy-information/drug-list-formulary,https://www.anthem.com/sitemap.xml > https://www.anthem.com/ca/pharmacy-information/drug-list-formulary > http://file.anthem.com/A03085CAEENABC.pdf > https://file.anthem.com/A03085CAEENABC.pdf,pdf,,,2026-06-30,200,5c97f4fe2fd1697f3ab51daf615cf496f56fd6bda315e5e4ad1edac79a282baa,948506,N,static,sitemap|css_selector|url_pattern,0.95,2026-10-06T17:55:14Z,
Elevance / Anthem,,Alabama,Unknown,Lista Nacional de Medicamentos Preferidos Directos Medicamentos alternativos,other,https://file.anthem.com/A03085CAESPABC.pdf,https://www.anthem.com/ca/pharmacy-information/drug-list-formulary,https://www.anthem.com/sitemap.xml > https://www.anthem.com/ca/pharmacy-information/drug-list-formulary > http://file.anthem.com/A03085CAESPABC.pdf > https://file.anthem.com/A03085CAESPABC.pdf,pdf,,,2026-06-30,200,ea8f455115eb007e298077f5e9796d6d4cbc4eb11a315be32877f49eefc29535,957030,N,static,sitemap|css_selector|url_pattern,0.85,2026-10-06T17:55:15Z,
Elevance / Anthem,,Unknown,Unknown,o o,drug_list,https://fm.formularynavigator.com/FBO/143/National_Direct_Plus_4_Tier_ABC.pdf,https://www.anthem.com/ca/pharmacy-information/drug-list-formulary,https://www.anthem.com/sitemap.xml > https://www.anthem.com/ca/pharmacy-information/drug-list-formulary > https://fm.formularynavigator.com/FBO/143/National_Direct_Plus_4_Tier_ABC.pdf,pdf,,,,200,2e1f1e8a6cde9999b9bac4869d24ed3d07d900e54a677489d5c90c0b280bfa54,2313930,N,static,sitemap|css_selector|url_pattern,0.9,2026-10-06T17:55:17Z,
Elevance / Anthem,,Alabama,Unknown,Lista Nacional de Medicamentos Lista de medicamentos — Plan de medicamentos de cuatro niveles,formulary,https://fm.formularynavigator.com/FBO/143/CA_National_4_Tier_ABC_CDI_SP.pdf,https://www.anthem.com/ca/pharmacy-information/drug-list-formulary,https://www.anthem.com/sitemap.xml > https://www.anthem.com/ca/pharmacy-information/drug-list-formulary > https://fm.formularynavigator.com/FBO/143/CA_National_4_Tier_ABC_CDI_SP.pdf,pdf,,,,200,c010ac7ef0388547334fabc2f8175cf41cc251fad91c7a99696558629e1a82a0,8105290,N,static,sitemap|css_selector|url_pattern,0.9,2026-10-06T17:55:17Z,
Elevance / Anthem,,Alabama,Unknown,Lista Nacional de Medicamentos Lista de medicamentos — Plan de medicamentos de tres niveles,formulary,https://fm.formularynavigator.com/FBO/143/CA_National_3_Tier_CDI_SP.pdf,https://www.anthem.com/ca/pharmacy-information/drug-list-formulary,https://www.anthem.com/sitemap.xml > https://www.anthem.com/ca/pharmacy-information/drug-list-formulary > https://fm.formularynavigator.com/FBO/143/CA_National_3_Tier_CDI_SP.pdf,pdf,,,,200,d5dcc24338fccd33ed73f60bdf8f97b20e9eaf19b0a1c1a33b1f5cc462cccbc5,8053947,N,static,sitemap|css_selector|url_pattern,0.9,2026-10-06T17:55:18Z,
Elevance / Anthem,,Pennsylvania,Unknown,National Direct Preferred Drug List Drug list — Three Tier Drug Plan,drug_list,https://fm.formularynavigator.com/FBO/143/National_Direct_Preferred_3_Tier_ABC.pdf,https://www.anthem.com/ca/pharmacy-information/drug-list-formulary,https://www.anthem.com/sitemap.xml > https://www.anthem.com/ca/pharmacy-information/drug-list-formulary > https://fm.formularynavigator.com/FBO/143/National_Direct_Preferred_3_Tier_ABC.pdf,pdf,,,,200,9884e3d692068da347698a57b5c1981a9b11f26223db1606c67b99f07ed85123,1381596,N,static,sitemap|css_selector|url_pattern,0.9,2026-10-06T17:55:18Z,
Elevance / Anthem,,California,Unknown,National Drug List Drug list — Four Tier Drug Plan,drug_list,https://fm.formularynavigator.com/FBO/143/CA_National_4_Tier_ABC_CDI.pdf,https://www.anthem.com/ca/pharmacy-information/drug-list-formulary,https://www.anthem.com/sitemap.xml > https://www.anthem.com/ca/pharmacy-information/drug-list-formulary > https://fm.formularynavigator.com/FBO/143/CA_National_4_Tier_ABC_CDI.pdf,pdf,,,2026-10-01,200,8002e9ae7d27c6dfb26a0399a996788e7315d2f31fad727e9c95ce22b6f1e022,7535868,N,static,sitemap|css_selector|url_pattern,0.95,2026-10-06T17:55:18Z,
Elevance / Anthem,,Alabama,Unknown,Lista Nacional de Medicamentos Preferidos Directos Lista de medicamentos: plan de medicamentos de tres niveles,other,https://fm.formularynavigator.com/FBO/143/National_Direct_Preferred_3_Tier_ABC_Spanish.pdf,https://www.anthem.com/ca/pharmacy-information/drug-list-formulary,https://www.anthem.com/sitemap.xml > https://www.anthem.com/ca/pharmacy-information/drug-list-formulary > https://fm.formularynavigator.com/FBO/143/National_Direct_Preferred_3_Tier_ABC_Spanish.pdf,pdf,,,,200,5102c72cf1aa396d9fa6d6fbd2b16e4382e9e2c9bcc7f08bbef81deedbf2b93d,1185988,N,static,sitemap|css_selector|url_pattern,0.8,2026-10-06T17:55:19Z,
Elevance / Anthem,,Unknown,Unknown,National Drug List Drug list — Three Tier Drug Plan,drug_list,https://fm.formularynavigator.com/FBO/143/National_3_Tier_ABC_JAA.pdf,https://www.anthem.com/ca/pharmacy-information/drug-list-formulary,https://www.anthem.com/sitemap.xml > https://www.anthem.com/ca/pharmacy-information/drug-list-formulary > https://fm.formularynavigator.com/FBO/143/National_3_Tier_ABC_JAA.pdf,pdf,,,2026-09-01,200,166c8f8f85e1ae544e941da05e11caebd43f1d0d9f5ca8dd3f3ba922bcb36e9f,7127157,N,static,sitemap|css_selector|url_pattern,0.95,2026-10-06T17:55:20Z,
Elevance / Anthem,,California,Unknown,National Drug List Drug list — Four Tier Drug Plan,drug_list,https://fm.formularynavigator.com/FBO/143/CA_National_4_Tier_ABC_DMHC.pdf,https://www.anthem.com/ca/pharmacy-information/drug-list-formulary,https://www.anthem.com/sitemap.xml > https://www.anthem.com/ca/pharmacy-information/drug-list-formulary > https://fm.formularynavigator.com/FBO/143/CA_National_4_Tier_ABC_DMHC.pdf,pdf,,,2026-10-01,200,a5ead76c65958085640781e006dc6f07e94e60d3625f023c8ea334e2cc50a202,6591569,N,static,sitemap|css_selector|url_pattern,0.95,2026-10-06T17:55:20Z,
Elevance / Anthem,,Unknown,Unknown,o o,other,https://fm.formularynavigator.com/FBO/143/National_Direct_Preferred_5_Tier_ABC_Spanish.pdf,https://www.anthem.com/ca/pharmacy-information/drug-list-formulary,https://www.anthem.com/sitemap.xml > https://www.anthem.com/ca/pharmacy-information/drug-list-formulary > https://fm.formularynavigator.com/FBO/143/National_Direct_Preferred_5_Tier_ABC_Spanish.pdf,pdf,,,,200,bb104dc21f7c78c329ca96028e193107d44a5e2116f996a49dec9929571841d6,2194815,N,static,sitemap|css_selector|url_pattern,0.8,2026-10-06T17:55:20Z,
Elevance / Anthem,,Alabama,Unknown,Lista Nacional de Medicamentos Lista de medicamentos — Plan de medicamentos de tres niveles,formulary,https://fm.formularynavigator.com/FBO/143/CA_National_3_Tier_ABC_DMHC_SP.pdf,https://www.anthem.com/ca/pharmacy-information/drug-list-formulary,https://www.anthem.com/sitemap.xml > https://www.anthem.com/ca/pharmacy-information/drug-list-formulary > https://fm.formularynavigator.com/FBO/143/CA_National_3_Tier_ABC_DMHC_SP.pdf,pdf,,,,200,a6a5bb6443fc0840e22731da8a581d208eabf3142da0d6014186951aa474c3b0,8190757,N,static,sitemap|css_selector|url_pattern,0.9,2026-10-06T17:55:21Z,
Elevance / Anthem,,Alabama,Unknown,Lista Nacional de Medicamentos Lista de medicamentos — Plan de medicamentos de tres niveles,formulary,https://fm.formularynavigator.com/FBO/143/CA_National_4_Tier_ABC_DMHC_SP.pdf,https://www.anthem.com/ca/pharmacy-information/drug-list-formulary,https://www.anthem.com/sitemap.xml > https://www.anthem.com/ca/pharmacy-information/drug-list-formulary > https://fm.formularynavigator.com/FBO/143/CA_National_4_Tier_ABC_DMHC_SP.pdf,pdf,,,,200,a86119ca2da5c950d27933d5bb539a7e210ee81e641356fce4ad178871080125,8220051,N,static,sitemap|css_selector|url_pattern,0.9,2026-10-06T17:55:22Z,
Elevance / Anthem,,Unknown,Unknown,o o,drug_list,https://fm.formularynavigator.com/FBO/143/National_Direct_Preferred_4_Tier_ABC.pdf,https://www.anthem.com/ca/pharmacy-information/drug-list-formulary,https://www.anthem.com/sitemap.xml > https://www.anthem.com/ca/pharmacy-information/drug-list-formulary > https://fm.formularynavigator.com/FBO/143/National_Direct_Preferred_4_Tier_ABC.pdf,pdf,,,,200,a45c9fc51155829e99d57e5a1ab4b7a71b98dc54664f9fe772f68ad99ae3881f,2365960,N,static,sitemap|css_selector|url_pattern,0.9,2026-10-06T17:55:24Z,
Elevance / Anthem,,Unknown,Unknown,o o,other,https://fm.formularynavigator.com/FBO/143/National_Direct_Preferred_4_Tier_ABC_Spanish.pdf,https://www.anthem.com/ca/pharmacy-information/drug-list-formulary,https://www.anthem.com/sitemap.xml > https://www.anthem.com/ca/pharmacy-information/drug-list-formulary > https://fm.formularynavigator.com/FBO/143/National_Direct_Preferred_4_Tier_ABC_Spanish.pdf,pdf,,,,200,b0f6ef92f0c8f498fbf64dc7efc889baa78a184297e171755d43c7147057fc67,2175719,N,static,sitemap|css_selector|url_pattern,0.8,2026-10-06T17:55:27Z,
Elevance / Anthem,,Alabama,Unknown,Lista abierta de medicamentos tradicional Lista de medicamentos — Plan de medicamentos de tres niveles,formulary,https://fm.formularynavigator.com/FBO/143/Traditional_Open_Drug_List_3_Tier_ABC_SP.pdf,https://www.anthem.com/ca/pharmacy-information/drug-list-formulary,https://www.anthem.com/sitemap.xml > https://www.anthem.com/ca/pharmacy-information/drug-list-formulary > https://fm.formularynavigator.com/FBO/143/Traditional_Open_Drug_List_3_Tier_ABC_SP.pdf,pdf,,,,200,0268a938bb7c60bd01ff195298a674b186c98095c9420ae5f159c2144541c323,10680256,N,static,sitemap|css_selector|url_pattern,0.9,2026-10-06T17:55:28Z,
Elevance / Anthem,,Unknown,Unknown,o o,drug_list,https://fm.formularynavigator.com/FBO/143/National_Direct_Preferred_5_Tier_ABC.pdf,https://www.anthem.com/ca/pharmacy-information/drug-list-formulary,https://www.anthem.com/sitemap.xml > https://www.anthem.com/ca/pharmacy-information/drug-list-formulary > https://fm.formularynavigator.com/FBO/143/National_Direct_Preferred_5_Tier_ABC.pdf,pdf,,,,200,bb62094f0e7ffc1d132e4d920ad949a5a8f7706090e26a59ee023085452408c0,2370697,N,static,sitemap|css_selector|url_pattern,0.9,2026-10-06T17:55:28Z,
Elevance / Anthem,,California,Unknown,Traditional Drug List Drug list — Three Tier Drug Plan,drug_list,https://fm.formularynavigator.com/FBO/143/Traditional_Open_Drug_List_3_Tier_ABC.pdf,https://www.anthem.com/ca/pharmacy-information/drug-list-formulary,https://www.anthem.com/sitemap.xml > https://www.anthem.com/ca/pharmacy-information/drug-list-formulary > https://fm.formularynavigator.com/FBO/143/Traditional_Open_Drug_List_3_Tier_ABC.pdf,pdf,,,2026-10-01,200,0d704dc0901a5ef99b76b9b2ec53f774445c790f5485277869d05bd2ef9e6487,10213317,N,static,sitemap|css_selector|url_pattern,0.95,2026-10-06T17:55:30Z,
Elevance / Anthem,,Unknown,Unknown,• •,other,https://fm.formularynavigator.com/FBO/143/Traditional_Open_Drug_List_5_Tier_ABC_SP.pdf,https://www.anthem.com/ca/pharmacy-information/drug-list-formulary,https://www.anthem.com/sitemap.xml > https://www.anthem.com/ca/pharmacy-information/drug-list-formulary > https://fm.formularynavigator.com/FBO/143/Traditional_Open_Drug_List_5_Tier_ABC_SP.pdf,pdf,,,,200,2d54d3a9fc1ae621948d4fa6844a3fd9782208701d5e715ac863b3108c9bfb35,3119994,N,static,sitemap|css_selector|url_pattern,0.8,2026-10-06T17:55:31Z,
Elevance / Anthem,,Unknown,Unknown,• •,other,https://fm.formularynavigator.com/FBO/143/Traditional_Open_Drug_List_4_Tier_ABC_SP.pdf,https://www.anthem.com/ca/pharmacy-information/drug-list-formulary,https://www.anthem.com/sitemap.xml > https://www.anthem.com/ca/pharmacy-information/drug-list-formulary > https://fm.formularynavigator.com/FBO/143/Traditional_Open_Drug_List_4_Tier_ABC_SP.pdf,pdf,,,,200,fd3609b05b557f65e898818eaf72696e2bbef05750f229ffa352566bda83491b,2995787,N,static,sitemap|css_selector|url_pattern,0.8,2026-10-06T17:55:34Z,
Elevance / Anthem,,Unknown,Unknown,o o,drug_list,https://fm.formularynavigator.com/FBO/143/Traditional_Open_Drug_List_Five_Tier_ABC.pdf,https://www.anthem.com/ca/pharmacy-information/drug-list-formulary,https://www.anthem.com/sitemap.xml > https://www.anthem.com/ca/pharmacy-information/drug-list-formulary > https://fm.formularynavigator.com/FBO/143/Traditional_Open_Drug_List_Five_Tier_ABC.pdf,pdf,,,,200,c502ac89251732f51738a28cc2fb441d8c68c57f0d3a993c5fea632232527532,2579632,N,static,sitemap|css_selector|url_pattern,0.9,2026-10-06T17:55:36Z,
Elevance / Anthem,,Unknown,Unknown,o o,drug_list,https://fm.formularynavigator.com/FBO/143/Traditional_Open_Drug_List_Four_Tier_ABC.pdf,https://www.anthem.com/ca/pharmacy-information/drug-list-formulary,https://www.anthem.com/sitemap.xml > https://www.anthem.com/ca/pharmacy-information/drug-list-formulary > https://fm.formularynavigator.com/FBO/143/Traditional_Open_Drug_List_Four_Tier_ABC.pdf,pdf,,,,200,f01ea6bc1714f438e48c39490e2713dda2414b60a54be26d18d581daea1031e6,2573977,N,static,sitemap|css_selector|url_pattern,0.9,2026-10-06T17:55:37Z,
Elevance / Anthem,,Unknown,Unknown,o o,drug_list,https://fm.formularynavigator.com/FBO/143/Traditional_Open_Drug_List_Three_Tier_ABC.pdf,https://www.anthem.com/ca/pharmacy-information/drug-list-formulary,https://www.anthem.com/sitemap.xml > https://www.anthem.com/ca/pharmacy-information/drug-list-formulary > https://fm.formularynavigator.com/FBO/143/Traditional_Open_Drug_List_Three_Tier_ABC.pdf,pdf,,,,200,437d4df8de77fbe219405c38587209cb2ae318ca5441f220201b44a0eb69585e,2547550,N,static,sitemap|css_selector|url_pattern,0.9,2026-10-06T17:55:39Z,
Elevance / Anthem,,California,Exchange,Select 4 Tier Drug List Drug list — Four Tier Drug Plan,drug_list,https://fm.formularynavigator.com/FBO/143/2026_Select_4_Tier_CA_IND.pdf,https://www.anthem.com/ca/pharmacy-information/drug-list-formulary,https://www.anthem.com/sitemap.xml > https://www.anthem.com/ca/pharmacy-information/drug-list-formulary > https://fm.formularynavigator.com/FBO/143/2026_Select_4_Tier_CA_IND.pdf,pdf,,,2026-10-01,200,eab194383e1422fb5003ee7967d77eedfdd0ba067bdf4b18800fd22cf752dbc9,3332547,N,static,sitemap|css_selector|url_pattern,0.95,2026-10-06T17:55:39Z,
Elevance / Anthem,,Alabama,Unknown,Lista abierta de medicamentos tradicional Lista de medicamentos — Plan de medicamentos de tres niveles,formulary,https://fm.formularynavigator.com/FBO/143/Traditional_Open_Drug_List_3_Tier_ABC_Sp.pdf,https://www.anthem.com/ca/pharmacy-information/drug-list-formulary,https://www.anthem.com/sitemap.xml > https://www.anthem.com/ca/pharmacy-information/drug-list-formulary > https://fm.formularynavigator.com/FBO/143/Traditional_Open_Drug_List_3_Tier_ABC_Sp.pdf,pdf,,,,200,0268a938bb7c60bd01ff195298a674b186c98095c9420ae5f159c2144541c323,10680256,N,static,sitemap|css_selector|url_pattern,0.9,2026-10-06T17:55:39Z,
Elevance / Anthem,,Alabama,Exchange,Lista de medicamentos Seleccionados Lista de medicamentos — Plan de medicamentos de cuatro niveles,formulary,https://fm.formularynavigator.com/FBO/143/2027_Select_4_Tier_CA_IND_SP.pdf,https://www.anthem.com/ca/pharmacy-information/drug-list-formulary,https://www.anthem.com/sitemap.xml > https://www.anthem.com/ca/pharmacy-information/drug-list-formulary > https://fm.formularynavigator.com/FBO/143/2027_Select_4_Tier_CA_IND_SP.pdf,pdf,,,,200,9e1e3e7dacbfd840a8f8ee7a8d08b2736881e353d2cdb370c0a6a35bd874593f,4036085,N,static,sitemap|css_selector|url_pattern,0.9,2026-10-06T17:55:39Z,
Elevance / Anthem,,California,Exchange,Select 4 Tier Drug List Drug list — Four Tier Drug Plan,drug_list,https://fm.formularynavigator.com/FBO/143/2027_Select_4_Tier_CA_IND.pdf,https://www.anthem.com/ca/pharmacy-information/drug-list-formulary,https://www.anthem.com/sitemap.xml > https://www.anthem.com/ca/pharmacy-information/drug-list-formulary > https://fm.formularynavigator.com/FBO/143/2027_Select_4_Tier_CA_IND.pdf,pdf,,,2026-09-01,200,725b7e547e02b9f71af0dc41884a0baf3cc08854388c6b40b0462b1566c0fc8e,3661469,N,static,sitemap|css_selector|url_pattern,0.95,2026-10-06T17:55:43Z,
Elevance / Anthem,,Unknown,Unknown,Select 4 Tier Drug List Drug list — Four Tier Drug Plan,drug_list,https://fm.formularynavigator.com/FBO/143/2026_Select_4_Tier_CA_SG.pdf,https://www.anthem.com/ca/pharmacy-information/drug-list-formulary,https://www.anthem.com/sitemap.xml > https://www.anthem.com/ca/pharmacy-information/drug-list-formulary > https://fm.formularynavigator.com/FBO/143/2026_Select_4_Tier_CA_SG.pdf,pdf,,,2026-10-01,200,064c69387d6eb712bbea517ab717a3cd1fcda47183056074bc7a5365263a0e3d,3491619,N,static,sitemap|css_selector|url_pattern,0.95,2026-10-06T17:55:44Z,
Elevance / Anthem,,Unknown,Unknown,Select 4 Tier Drug List Drug list — Four Tier Drug Plan,drug_list,https://fm.formularynavigator.com/FBO/143/2025_Select_4_Tier_CA_IND.pdf,https://www.anthem.com/ca/pharmacy-information/drug-list-formulary,https://www.anthem.com/sitemap.xml > https://www.anthem.com/ca/pharmacy-information/drug-list-formulary > https://fm.formularynavigator.com/FBO/143/2025_Select_4_Tier_CA_IND.pdf,pdf,,,2025-12-01,200,dc66478f92ae9197db7a5332298aeff2c5ffa82628db5eaa1a3b62cd575546f5,3395476,N,static,sitemap|css_selector|url_pattern,0.95,2026-10-06T17:55:45Z,
Elevance / Anthem,,Alabama,Unknown,Lista de medicamentos Seleccionados Lista de medicamentos — Plan de medicamentos de cuatro niveles,formulary,https://fm.formularynavigator.com/FBO/143/2026_Select_4_Tier_CA_SG_SP.pdf,https://www.anthem.com/ca/pharmacy-information/drug-list-formulary,https://www.anthem.com/sitemap.xml > https://www.anthem.com/ca/pharmacy-information/drug-list-formulary > https://fm.formularynavigator.com/FBO/143/2026_Select_4_Tier_CA_SG_SP.pdf,pdf,,,,200,d5343b7a8280e89fbde84cd48df781740c4633f74069eda607b7213b4c23804e,3605542,N,static,sitemap|css_selector|url_pattern,0.9,2026-10-06T17:55:46Z,
Elevance / Anthem,,Alabama,Exchange,Lista de medicamentos Seleccionados Lista de medicamentos — Plan de medicamentos de cuatro niveles,formulary,https://fm.formularynavigator.com/FBO/143/2026_Select_4_Tier_CA_IND_SP.pdf,https://www.anthem.com/ca/pharmacy-information/drug-list-formulary,https://www.anthem.com/sitemap.xml > https://www.anthem.com/ca/pharmacy-information/drug-list-formulary > https://fm.formularynavigator.com/FBO/143/2026_Select_4_Tier_CA_IND_SP.pdf,pdf,,,,200,9cbf0c85e6c95798303cea9ccff1786436e590de3b6867d86208b889105f6657,3452734,N,static,sitemap|css_selector|url_pattern,0.9,2026-10-06T17:55:46Z,
Elevance / Anthem,,Alabama,Unknown,Lista de medicamentos Seleccionados Lista de medicamentos — Plan de medicamentos de cuatro niveles,formulary,https://fm.formularynavigator.com/FBO/143/2027_Select_4_Tier_CA_SG_SP.pdf,https://www.anthem.com/ca/pharmacy-information/drug-list-formulary,https://www.anthem.com/sitemap.xml > https://www.anthem.com/ca/pharmacy-information/drug-list-formulary > https://fm.formularynavigator.com/FBO/143/2027_Select_4_Tier_CA_SG_SP.pdf,pdf,,,,200,6210d6945199622872dcd658321ec13cfe01e40cbe0f0cf9414448e0578eb94e,4186852,N,static,sitemap|css_selector|url_pattern,0.9,2026-10-06T17:55:47Z,
Elevance / Anthem,,Alabama,Exchange,Lista de medicamentos Seleccionados Lista de medicamentos — Plan de medicamentos de cuatro niveles,formulary,https://fm.formularynavigator.com/FBO/143/2025_Select_4_Tier_CA_IND_SP.pdf,https://www.anthem.com/ca/pharmacy-information/drug-list-formulary,https://www.anthem.com/sitemap.xml > https://www.anthem.com/ca/pharmacy-information/drug-list-formulary > https://fm.formularynavigator.com/FBO/143/2025_Select_4_Tier_CA_IND_SP.pdf,pdf,,,,200,cd468a71ba8484b64d8a398c49a110ddfa45baac668bda70ef91f499780370c2,3491806,N,static,sitemap|css_selector|url_pattern,0.9,2026-10-06T17:55:47Z,
Elevance / Anthem,,California,Unknown,PreventiveRx Drug List Basic Plus Plan (Essential Drug List),drug_list,https://file.anthem.com/A03116CAMENABC.pdf,https://www.anthem.com/ca/pharmacy-information/drug-list-formulary,https://www.anthem.com/sitemap.xml > https://www.anthem.com/ca/pharmacy-information/drug-list-formulary > http://file.anthem.com/A03116CAMENABC.pdf > https://file.anthem.com/A03116CAMENABC.pdf,pdf,,,2026-06-29,200,c52edfa16587a59fa76bcc83e959b2a1acd28461c4ac0f9bcff76126b17c061e,490881,N,static,sitemap|css_selector|url_pattern,0.95,2026-10-06T17:55:47Z,
Elevance / Anthem,,Unknown,Unknown,PreventiveRx Plus Drug List PreventiveRx Plus Plan (Essential),drug_list,https://file.anthem.com/04386CAMENABC-1.1.pdf,https://www.anthem.com/ca/pharmacy-information/drug-list-formulary,https://www.anthem.com/sitemap.xml > https://www.anthem.com/ca/pharmacy-information/drug-list-formulary > https://file.anthem.com/04386CAMENABC-1.1.pdf,pdf,,,2026-06-30,200,bc3cfd7fb2378b2cbd5bf8dcae1192e7ad3ff989373c1866553a434a0c076279,505413,N,static,sitemap|css_selector|url_pattern,0.95,2026-10-06T17:55:47Z,
Elevance / Anthem,,Alabama,Unknown,PreventiveRx Lista de medicamentos Plan Básico Plus (Lista de medicamentos esenciales),other,https://file.anthem.com/A03116CAMSPABC.pdf,https://www.anthem.com/ca/pharmacy-information/drug-list-formulary,https://www.anthem.com/sitemap.xml > https://www.anthem.com/ca/pharmacy-information/drug-list-formulary > http://file.anthem.com/A03116CAMSPABC.pdf > https://file.anthem.com/A03116CAMSPABC.pdf,pdf,,,2026-06-29,200,7005d70a17ca5e64a41b47fe6ae3813cb9e60bf2fafed0401bc66483cccb40f9,492803,N,static,sitemap|css_selector|url_pattern,0.85,2026-10-06T17:55:47Z,
Elevance / Anthem,,Colorado,Unknown,PreventiveRx Plus Lista de medicamentos Plan PreventiveRx Plus (Esencial),other,https://file.anthem.com/04386CAMSPABC-1.1.pdf,https://www.anthem.com/ca/pharmacy-information/drug-list-formulary,https://www.anthem.com/sitemap.xml > https://www.anthem.com/ca/pharmacy-information/drug-list-formulary > https://file.anthem.com/04386CAMSPABC-1.1.pdf,pdf,,,2026-06-30,200,2d929d6ad626accf5dcc6273c9a5cd39af6cbcf54ade8f036d795ef10c5ee7d5,506609,N,static,sitemap|css_selector|url_pattern,0.85,2026-10-06T17:55:48Z,
Elevance / Anthem,,Unknown,Unknown,PreventiveRx Drug List Legacy PreventiveRx Plus Plan (Essential),drug_list,https://file.anthem.com/04386CAMENABC-HN1.1.pdf,https://www.anthem.com/ca/pharmacy-information/drug-list-formulary,https://www.anthem.com/sitemap.xml > https://www.anthem.com/ca/pharmacy-information/drug-list-formulary > http://file.anthem.com/04386CAMENABC-HN1.1.pdf > https://file.anthem.com/04386CAMENABC-HN1.1.pdf,pdf,,,2026-05-14,200,d93879453d339967bfae1d07d9aae84eb920f93870176cfac3e3ce57b31e4389,436061,N,static,sitemap|css_selector|url_pattern,0.95,2026-10-06T17:55:48Z,
Elevance / Anthem,,Unknown,Unknown,PreventiveRx Lista de medicamentos Plan Legacy PreventiveRx Plus (Esencial),other,https://file.anthem.com/04386CAMSPABC-HN1.1.pdf,https://www.anthem.com/ca/pharmacy-information/drug-list-formulary,https://www.anthem.com/sitemap.xml > https://www.anthem.com/ca/pharmacy-information/drug-list-formulary > http://file.anthem.com/04386CAMSPABC-HN1.1.pdf > https://file.anthem.com/04386CAMSPABC-HN1.1.pdf,pdf,,,2026-05-14,200,f0f50ade6b722e6ac920fd879f3a43c6568a6755d7c7828c46c479340bfef301,440666,N,static,sitemap|css_selector|url_pattern,0.85,2026-10-06T17:55:48Z,
Elevance / Anthem,,Unknown,Unknown,PreventiveRx Enhanced Drug List Enhanced Plan (Essential Drug List),drug_list,https://file.anthem.com/A00527CAMENABC.1.pdf,https://www.anthem.com/ca/pharmacy-information/drug-list-formulary,https://www.anthem.com/sitemap.xml > https://www.anthem.com/ca/pharmacy-information/drug-list-formulary > http://file.anthem.com/A00527CAMENABC.1.pdf > https://file.anthem.com/A00527CAMENABC.1.pdf,pdf,,,2026-04-17,200,999f0515e7e508c5ee6dcba0b3fcd537068f6eb54ddca022e1849cfcce8761d4,441549,N,static,sitemap|css_selector|url_pattern,0.95,2026-10-06T17:55:48Z,
Elevance / Anthem,,Unknown,Unknown,PreventiveRx Enhanced Lista de medicamentos Plan mejorado (Lista de medicamentos esenciales),other,https://file.anthem.com/A00527CAMSPABC.1.pdf,https://www.anthem.com/ca/pharmacy-information/drug-list-formulary,https://www.anthem.com/sitemap.xml > https://www.anthem.com/ca/pharmacy-information/drug-list-formulary > http://file.anthem.com/A00527CAMSPABC.1.pdf > https://file.anthem.com/A00527CAMSPABC.1.pdf,pdf,,,2026-04-17,200,941925cd6064e23001d71204e1cb507d7a60e8908cc80b634215c633b8551bfb,445118,N,static,sitemap|css_selector|url_pattern,0.85,2026-10-06T17:55:48Z,
Elevance / Anthem,,California,Unknown,PreventiveRx Enhanced Drug List Basic Plus Plan (Essential Direct Drug List),drug_list,https://file.anthem.com/A03119CAMENABC.pdf,https://www.anthem.com/ca/pharmacy-information/drug-list-formulary,https://www.anthem.com/sitemap.xml > https://www.anthem.com/ca/pharmacy-information/drug-list-formulary > http://file.anthem.com/A03119CAMENABC.pdf > https://file.anthem.com/A03119CAMENABC.pdf,pdf,,,2026-06-29,200,39a86e8fc12a172f4037468d302f806ce2a4126b5dfe817fd8d13dc913249df7,491256,N,static,sitemap|css_selector|url_pattern,0.95,2026-10-06T17:55:49Z,
Elevance / Anthem,,California,Unknown,Traditional Drug List Drug list — Three Tier Drug Plan,drug_list,https://fm.formularynavigator.com/FBO/143/Traditional_Open_3_Tier_ABC.pdf,https://www.anthem.com/ca/pharmacy-information/drug-list-formulary,https://www.anthem.com/sitemap.xml > https://www.anthem.com/ca/pharmacy-information/drug-list-formulary > https://fm.formularynavigator.com/FBO/143/Traditional_Open_3_Tier_ABC.pdf,pdf,,,2026-10-01,200,cfaf9e086803f9ce741f0f761785b92b038cc90fd084953ea701d5610470c83d,10007787,N,static,sitemap|css_selector|url_pattern,0.95,2026-10-06T17:55:50Z,
Elevance / Anthem,,Alabama,Unknown,PreventiveRx Enhanced Lista de medicamentos Plan Básico Plus (Lista de medicamentos directos esenciales),other,https://file.anthem.com/A03119CAMSPABC.pdf,https://www.anthem.com/ca/pharmacy-information/drug-list-formulary,https://www.anthem.com/sitemap.xml > https://www.anthem.com/ca/pharmacy-information/drug-list-formulary > http://file.anthem.com/A03119CAMSPABC.pdf > https://file.anthem.com/A03119CAMSPABC.pdf,pdf,,,2026-06-29,200,da7475249decdbecfb6dd55c49f1a142eca3ef4bb24b445c310ba6942f9cfe2f,492407,N,static,sitemap|css_selector|url_pattern,0.85,2026-10-06T17:55:50Z,
Elevance / Anthem,,Alabama,Unknown,Lista de medicamentos Seleccionados Lista de medicamentos — Plan de medicamentos de cuatro niveles,formulary,https://fm.formularynavigator.com/FBO/143/2025_Select_4_Tier_CA_SG_SP.pdf,https://www.anthem.com/ca/pharmacy-information/drug-list-formulary,https://www.anthem.com/sitemap.xml > https://www.anthem.com/ca/pharmacy-information/drug-list-formulary > https://fm.formularynavigator.com/FBO/143/2025_Select_4_Tier_CA_SG_SP.pdf,pdf,,,,200,b9e8b855f922ef84743a1a47a71b20cefc4c53bf3ff789bb6c8147bc7fe0dee4,3757526,N,static,sitemap|css_selector|url_pattern,0.9,2026-10-06T17:55:50Z,
Elevance / Anthem,,Unknown,Unknown,PreventiveRx Plus Lista de medicamentos Plan PreventiveRx Plus (Esencial Directo),other,https://file.anthem.com/A03087CAMSPABC.pdf,https://www.anthem.com/ca/pharmacy-information/drug-list-formulary,https://www.anthem.com/sitemap.xml > https://www.anthem.com/ca/pharmacy-information/drug-list-formulary > http://file.anthem.com/A03087CAMSPABC.pdf > https://file.anthem.com/A03087CAMSPABC.pdf,pdf,,,2026-06-30,200,a58ffe94cd81920097c3ea1abc0319379fcd2949a9f6b315122a5dc0b9253ace,504745,N,static,sitemap|css_selector|url_pattern,0.85,2026-10-06T17:55:50Z,
Elevance / Anthem,,California,Unknown,PreventiveRx Plus Drug List PreventiveRx Plus Plan (Essential Direct),drug_list,https://file.anthem.com/A03087CAMENABC.pdf,https://www.anthem.com/ca/pharmacy-information/drug-list-formulary,https://www.anthem.com/sitemap.xml > https://www.anthem.com/ca/pharmacy-information/drug-list-formulary > http://file.anthem.com/A03087CAMENABC.pdf > https://file.anthem.com/A03087CAMENABC.pdf,pdf,,,2026-06-30,200,53e8ba4b822d04920ec5830dcd34dfc48002e3f4eae772858729495b7bc677d0,503102,N,static,sitemap|css_selector|url_pattern,0.95,2026-10-06T17:55:50Z,
Elevance / Anthem,,Unknown,Unknown,PreventiveRx Enhanced Drug List Enhanced Plan (Essential Direct Drug List),drug_list,https://file.anthem.com/A03093CAMENABC.pdf,https://www.anthem.com/ca/pharmacy-information/drug-list-formulary,https://www.anthem.com/sitemap.xml > https://www.anthem.com/ca/pharmacy-information/drug-list-formulary > http://file.anthem.com/A03093CAMENABC.pdf > https://file.anthem.com/A03093CAMENABC.pdf,pdf,,,2026-04-16,200,8746b44b8093ea4c8cfb48fad848466abc544161d6adadf3fa8e2d1ab6011974,439914,N,static,sitemap|css_selector|url_pattern,0.95,2026-10-06T17:55:50Z,
Elevance / Anthem,,Unknown,Unknown,PreventiveRx Enhanced Lista de medicamentos Plan mejorado (Lista de medicamentos directos esenciales),other,https://file.anthem.com/A03093CAMSPABC.pdf,https://www.anthem.com/ca/pharmacy-information/drug-list-formulary,https://www.anthem.com/sitemap.xml > https://www.anthem.com/ca/pharmacy-information/drug-list-formulary > http://file.anthem.com/A03093CAMSPABC.pdf > https://file.anthem.com/A03093CAMSPABC.pdf,pdf,,,2026-04-16,200,4d685ff1343dc259498fa170dfb45c90c1830faab2b5bafc7046380e54cee253,442308,N,static,sitemap|css_selector|url_pattern,0.85,2026-10-06T17:55:51Z,
Elevance / Anthem,,Unknown,Unknown,Select 4 Tier Drug List Drug list — Four Tier Drug Plan,drug_list,https://fm.formularynavigator.com/FBO/143/2027_Select_4_Tier_CA_SG.pdf,https://www.anthem.com/ca/pharmacy-information/drug-list-formulary,https://www.anthem.com/sitemap.xml > https://www.anthem.com/ca/pharmacy-information/drug-list-formulary > https://fm.formularynavigator.com/FBO/143/2027_Select_4_Tier_CA_SG.pdf,pdf,,,2026-09-01,200,240f40f6f60681c0b4820a148a471b108efa4c4dade49cc219253625aa22d8bc,3807584,N,static,sitemap|css_selector|url_pattern,0.95,2026-10-06T17:55:51Z,
Elevance / Anthem,,Alabama,Unknown,PreventiveRx Lista de medicamentos Plan Básico Plus (Lista Nacional de Medicamentos),other,https://file.anthem.com/A03117CAMSPABC.pdf,https://www.anthem.com/ca/pharmacy-information/drug-list-formulary,https://www.anthem.com/sitemap.xml > https://www.anthem.com/ca/pharmacy-information/drug-list-formulary > http://file.anthem.com/A03117CAMSPABC.pdf > https://file.anthem.com/A03117CAMSPABC.pdf,pdf,,,2026-06-30,200,708c7f3b41146d3f117665f4969044b649477ef8e81b23cf41d3857970ac04b2,492759,N,static,sitemap|css_selector|url_pattern,0.85,2026-10-06T17:55:51Z,
Elevance / Anthem,,Unknown,Unknown,PreventiveRx Expanded Drug List Expanded Plan (National Drug List),drug_list,https://file.anthem.com/13017CAMENABC.pdf,https://www.anthem.com/ca/pharmacy-information/drug-list-formulary,https://www.anthem.com/sitemap.xml > https://www.anthem.com/ca/pharmacy-information/drug-list-formulary > https://file.anthem.com/13017CAMENABC.pdf,pdf,,,2025-07-02,200,82868cf06cad3aef70400c3aa159bfcb5fc8ec9d9862eebf39e18b7f02ff60ee,434685,N,static,sitemap|css_selector|url_pattern,0.95,2026-10-06T17:55:51Z,
Elevance / Anthem,,California,Unknown,PreventiveRx Plus Drug List PreventiveRx Plus Plan (National),drug_list,https://file.anthem.com/05509CAMENABC-1.1.pdf,https://www.anthem.com/ca/pharmacy-information/drug-list-formulary,https://www.anthem.com/sitemap.xml > https://www.anthem.com/ca/pharmacy-information/drug-list-formulary > http://file.anthem.com/05509CAMENABC-1.1.pdf > https://file.anthem.com/05509CAMENABC-1.1.pdf,pdf,,,2026-06-30,200,923f7c3741b36e7d755e2bca53eda7c94e106c9d39b50e8eb43cb9a20b52ec0f,504277,N,static,sitemap|css_selector|url_pattern,0.95,2026-10-06T17:55:51Z,
Elevance / Anthem,,California,Unknown,PreventiveRx Drug List Basic Plus Plan (National Drug List),drug_list,https://file.anthem.com/A03117CAMENABC.pdf,https://www.anthem.com/ca/pharmacy-information/drug-list-formulary,https://www.anthem.com/sitemap.xml > https://www.anthem.com/ca/pharmacy-information/drug-list-formulary > http://file.anthem.com/A03117CAMENABC.pdf > https://file.anthem.com/A03117CAMENABC.pdf,pdf,,,2026-06-30,200,119da5770ec5f7241aeff1fcd7e5f5361db04f12bcd4ea583b4bb8c2cd19d81c,490882,N,static,sitemap|css_selector|url_pattern,0.95,2026-10-06T17:55:51Z,
Elevance / Anthem,,Alabama,Unknown,PreventiveRx Plus Lista de medicamentos PreventiveRx Plus Plan (National),other,https://file.anthem.com/05509CAMSPABC-1.1.pdf,https://www.anthem.com/ca/pharmacy-information/drug-list-formulary,https://www.anthem.com/sitemap.xml > https://www.anthem.com/ca/pharmacy-information/drug-list-formulary > http://file.anthem.com/05509CAMSPABC-1.1.pdf > https://file.anthem.com/05509CAMSPABC-1.1.pdf,pdf,,,2026-06-30,200,1d7ffd56efc3e932bc75fd5ba68419854b448f3c19c6199be1ed62f54d54da1e,505340,N,static,sitemap|css_selector|url_pattern,0.85,2026-10-06T17:55:51Z,
Elevance / Anthem,,Unknown,Unknown,PreventiveRx Drug List Legacy PreventiveRx Plus Plan (National),drug_list,https://file.anthem.com/05509CAMENABC-HN1.1.pdf,https://www.anthem.com/ca/pharmacy-information/drug-list-formulary,https://www.anthem.com/sitemap.xml > https://www.anthem.com/ca/pharmacy-information/drug-list-formulary > http://file.anthem.com/05509CAMENABC-HN1.1.pdf > https://file.anthem.com/05509CAMENABC-HN1.1.pdf,pdf,,,2026-05-14,200,a5b5203263d540f36a43b51b121698f247f8f4d6c984360d03d65af863f146cf,434488,N,static,sitemap|css_selector|url_pattern,0.95,2026-10-06T17:55:51Z,
Elevance / Anthem,,Unknown,Unknown,PreventiveRx Lista de medicamentos Plan Legacy PreventiveRx Plus (Nacional),other,https://file.anthem.com/05509CAMSPABC-HN1.1.pdf,https://www.anthem.com/ca/pharmacy-information/drug-list-formulary,https://www.anthem.com/sitemap.xml > https://www.anthem.com/ca/pharmacy-information/drug-list-formulary > http://file.anthem.com/05509CAMSPABC-HN1.1.pdf > https://file.anthem.com/05509CAMSPABC-HN1.1.pdf,pdf,,,2026-05-14,200,441e42f55534e3e1d2d97afb815ad4bb40a0b166ac5fc19ef201da4e3d9f511b,438095,N,static,sitemap|css_selector|url_pattern,0.85,2026-10-06T17:55:51Z,
Elevance / Anthem,,Unknown,Unknown,PreventiveRx Drug List Legacy PreventiveRx Plus Plan (National Direct),drug_list,https://file.anthem.com/A00444CAMENABC-HN1.1.pdf,https://www.anthem.com/ca/pharmacy-information/drug-list-formulary,https://www.anthem.com/sitemap.xml > https://www.anthem.com/ca/pharmacy-information/drug-list-formulary > https://file.anthem.com/A00444CAMENABC-HN1.1.pdf,pdf,,,2026-05-14,200,bc2836d86613a047f56ad3b834020911f5ee7cc9ab1d13aff8d694a56ab453b2,432093,N,static,sitemap|css_selector|url_pattern,0.95,2026-10-06T17:55:52Z,
Elevance / Anthem,,Unknown,Unknown,PreventiveRx Lista de medicamentos Plan Legacy PreventiveRx Plus (Directo Nacional),other,https://file.anthem.com/A00444CAMSPABC-HN1.1.pdf,https://www.anthem.com/ca/pharmacy-information/drug-list-formulary,https://www.anthem.com/sitemap.xml > https://www.anthem.com/ca/pharmacy-information/drug-list-formulary > https://file.anthem.com/A00444CAMSPABC-HN1.1.pdf,pdf,,,2026-05-14,200,a7fc0ae125dcd8cfd200a4b6ca46b406b9e075086a4d9d0f2e25b18def3562e0,435560,N,static,sitemap|css_selector|url_pattern,0.85,2026-10-06T17:55:52Z,
Elevance / Anthem,,Unknown,Unknown,PreventiveRx Expanded Lista de medicamentos Expanded Plan (National Drug List),drug_list,https://file.anthem.com/13017CAMSPABC.pdf,https://www.anthem.com/ca/pharmacy-information/drug-list-formulary,https://www.anthem.com/sitemap.xml > https://www.anthem.com/ca/pharmacy-information/drug-list-formulary > https://file.anthem.com/13017CAMSPABC.pdf,pdf,,,2025-06-27,200,106c0468b1d1596f4b9bf370a5ed5cc2d567bf04ab1773161f3a173fecf788d8,437524,N,static,sitemap|css_selector|url_pattern,0.95,2026-10-06T17:55:52Z,
Elevance / Anthem,,Alabama,Unknown,PreventiveRx Plus Lista de medicamentos Plan PreventiveRx Plus (Directo Nacional),other,https://file.anthem.com/A00444CAMSPABC-1.1.pdf,https://www.anthem.com/ca/pharmacy-information/drug-list-formulary,https://www.anthem.com/sitemap.xml > https://www.anthem.com/ca/pharmacy-information/drug-list-formulary > http://file.anthem.com/A00444CAMSPABC-1.1.pdf > https://file.anthem.com/A00444CAMSPABC-1.1.pdf,pdf,,,2026-04-30,200,b053a84797287d23a39ab4f6c611e34ac7a6be990db4368cc17bf4762113639c,427720,N,static,sitemap|css_selector|url_pattern,0.85,2026-10-06T17:55:52Z,
Elevance / Anthem,,Unknown,Unknown,PreventiveRx Drug List Enhanced Plan (National Drug List),drug_list,https://file.anthem.com/A00526CAMENABC.1.pdf,https://www.anthem.com/ca/pharmacy-information/drug-list-formulary,https://www.anthem.com/sitemap.xml > https://www.anthem.com/ca/pharmacy-information/drug-list-formulary > http://file.anthem.com/A00526CAMENABC.1.pdf > https://file.anthem.com/A00526CAMENABC.1.pdf,pdf,,,2026-04-17,200,981f73d87779e3bbf12940ccdd6d9bfa1a0ec53e42c90143bd0f18647b7e92b7,440409,N,static,sitemap|css_selector|url_pattern,0.95,2026-10-06T17:55:53Z,
Elevance / Anthem,,California,Unknown,PreventiveRx Drug List Basic Plus Plan (National Direct Drug List),drug_list,https://file.anthem.com/A03114CAMENABC.pdf,https://www.anthem.com/ca/pharmacy-information/drug-list-formulary,https://www.anthem.com/sitemap.xml > https://www.anthem.com/ca/pharmacy-information/drug-list-formulary > http://file.anthem.com/A03114CAMENABC.pdf > https://file.anthem.com/A03114CAMENABC.pdf,pdf,,,2026-04-27,200,8bbba159f63c1c09818fac45c55c7659de17baf66f2afb6ea3d11a6b71b7ebe0,421975,N,static,sitemap|css_selector|url_pattern,0.95,2026-10-06T17:55:53Z,
Elevance / Anthem,,Unknown,Unknown,PreventiveRx Lista de medicamentos Plan mejorado (Lista nacional de medicamentos),other,https://file.anthem.com/A00526CAMSPABC.1.pdf,https://www.anthem.com/ca/pharmacy-information/drug-list-formulary,https://www.anthem.com/sitemap.xml > https://www.anthem.com/ca/pharmacy-information/drug-list-formulary > http://file.anthem.com/A00526CAMSPABC.1.pdf > https://file.anthem.com/A00526CAMSPABC.1.pdf,pdf,,,2026-04-17,200,b8f5b38a9f431271fb8590e0f502c8e4d49c82d90648dcbfd270432441bfe248,443065,N,static,sitemap|css_selector|url_pattern,0.85,2026-10-06T17:55:53Z,
Elevance / Anthem,,California,Unknown,PreventiveRx Plus Drug List PreventiveRx Plus Plan (National Direct),drug_list,https://file.anthem.com/A00444CAMENABC-1.1.pdf,https://www.anthem.com/ca/pharmacy-information/drug-list-formulary,https://www.anthem.com/sitemap.xml > https://www.anthem.com/ca/pharmacy-information/drug-list-formulary > http://file.anthem.com/A00444CAMENABC-1.1.pdf > https://file.anthem.com/A00444CAMENABC-1.1.pdf,pdf,,,2026-04-30,200,0393b1ee092f755fac29062fced44a7a277bb1ccf7a7063da5f278aea60217ce,424620,N,static,sitemap|css_selector|url_pattern,0.95,2026-10-06T17:55:53Z,
Elevance / Anthem,,Alabama,Unknown,PreventiveRx Lista de medicamentos Plan Básico Básico (Lista Nacional de Medicamentos Directos),other,https://file.anthem.com/A03114CAMSPABC.pdf,https://www.anthem.com/ca/pharmacy-information/drug-list-formulary,https://www.anthem.com/sitemap.xml > https://www.anthem.com/ca/pharmacy-information/drug-list-formulary > http://file.anthem.com/A03114CAMSPABC.pdf > https://file.anthem.com/A03114CAMSPABC.pdf,pdf,,,2026-04-27,200,f1b3b6fef81ea70ef575567cb4fa0e409748dcb6a0512b73f9637858dfba3e4e,423988,N,static,sitemap|css_selector|url_pattern,0.85,2026-10-06T17:55:53Z,
Elevance / Anthem,,Alabama,Unknown,PreventiveRx Plus Lista de medicamentos Plan PreventiveRx Plus (Directo Nacional Plus),other,https://file.anthem.com/A02819CAMSPABC-4.1.pdf,https://www.anthem.com/ca/pharmacy-information/drug-list-formulary,https://www.anthem.com/sitemap.xml > https://www.anthem.com/ca/pharmacy-information/drug-list-formulary > https://file.anthem.com/A02819CAMSPABC-4.1.pdf,pdf,,,2026-04-30,200,af9cf9ad84805df528370355d8b192414202879b17cd9d390eec41298d2e8cbd,429190,N,static,sitemap|css_selector|url_pattern,0.85,2026-10-06T17:55:53Z,
Elevance / Anthem,,Unknown,Unknown,PreventiveRx Plus Lista de medicamentos Plan Legacy PreventiveRx Plus (Directo Nacional Plus),other,https://file.anthem.com/A02819CAMSPABC-HN4.1.pdf,https://www.anthem.com/ca/pharmacy-information/drug-list-formulary,https://www.anthem.com/sitemap.xml > https://www.anthem.com/ca/pharmacy-information/drug-list-formulary > https://file.anthem.com/A02819CAMSPABC-HN4.1.pdf,pdf,,,2026-05-15,200,1debf8869f91618e2acb1fb9d2ca4910a231412218489c260665803d729049f1,438056,N,static,sitemap|css_selector|url_pattern,0.85,2026-10-06T17:55:53Z,
Elevance / Anthem,,Unknown,Unknown,PreventiveRx Plus Drug List Legacy PreventiveRx Plus Plan (National Direct Plus),drug_list,https://file.anthem.com/A02819CAMENABC-HN4.1.pdf,https://www.anthem.com/ca/pharmacy-information/drug-list-formulary,https://www.anthem.com/sitemap.xml > https://www.anthem.com/ca/pharmacy-information/drug-list-formulary > http://file.anthem.com/A02819CAMENABC-HN4.1.pdf > https://file.anthem.com/A02819CAMENABC-HN4.1.pdf,pdf,,,2026-05-15,200,807acfd19694c859d5c77b2dc2208f8a7bddfe01e4f1b578cd7e4c5f6aa4ee4f,434668,N,static,sitemap|css_selector|url_pattern,0.95,2026-10-06T17:55:54Z,
Elevance / Anthem,,Unknown,Unknown,PreventiveRx Enhanced Drug List Enhanced Plan (National Direct Drug List),drug_list,https://file.anthem.com/A00529CAMENABC.pdf,https://www.anthem.com/ca/pharmacy-information/drug-list-formulary,https://www.anthem.com/sitemap.xml > https://www.anthem.com/ca/pharmacy-information/drug-list-formulary > http://file.anthem.com/A00529CAMENABC.pdf > https://file.anthem.com/A00529CAMENABC.pdf,pdf,,,2025-10-20,200,e8efe755116406ed094188547a32339f57812cfae920bf75a2e26b4869972f8f,438555,N,static,sitemap|css_selector|url_pattern,0.95,2026-10-06T17:55:54Z,
Elevance / Anthem,,California,Unknown,PreventiveRx Drug List Basic Plus Plan (National Direct Plus Drug List),drug_list,https://file.anthem.com/A03113CAMENABC.pdf,https://www.anthem.com/ca/pharmacy-information/drug-list-formulary,https://www.anthem.com/sitemap.xml > https://www.anthem.com/ca/pharmacy-information/drug-list-formulary > http://file.anthem.com/A03113CAMENABC.pdf > https://file.anthem.com/A03113CAMENABC.pdf,pdf,,,2026-04-28,200,67149f6c45d6b5814a80967959c07ccffd2f70680b2febd4aa0646b4ae566e57,424373,N,static,sitemap|css_selector|url_pattern,0.95,2026-10-06T17:55:54Z,
Elevance / Anthem,,California,Unknown,PreventiveRx Plus Drug List PreventiveRx Plus Plan (National Direct Plus),drug_list,https://file.anthem.com/A02819CAMENABC-4.1.pdf,https://www.anthem.com/ca/pharmacy-information/drug-list-formulary,https://www.anthem.com/sitemap.xml > https://www.anthem.com/ca/pharmacy-information/drug-list-formulary > http://file.anthem.com/A02819CAMENABC-4.1.pdf > https://file.anthem.com/A02819CAMENABC-4.1.pdf,pdf,,,2026-04-30,200,bc71725a63e3b9e51785746644c062ae605dd4c9cabbfa5dbd82d5f053ed9b11,426113,N,static,sitemap|css_selector|url_pattern,0.95,2026-10-06T17:55:54Z,
Elevance / Anthem,,Unknown,Unknown,PreventiveRx Enhanced Lista de medicamentos Plan mejorado (Lista nacional de medicamentos Direct Plus),other,https://file.anthem.com/A02824CAMSPABC.pdf,https://www.anthem.com/ca/pharmacy-information/drug-list-formulary,https://www.anthem.com/sitemap.xml > https://www.anthem.com/ca/pharmacy-information/drug-list-formulary > https://file.anthem.com/A02824CAMSPABC.pdf,pdf,,,2026-07-01,200,5e8c1568c21cfb3d84d9c1be89bab2dbf8bc78d11c68b402c48b09aa9c7a1110,276867,N,static,sitemap|css_selector|url_pattern,0.85,2026-10-06T17:55:54Z,
Elevance / Anthem,,Alabama,Unknown,PreventiveRx Lista de medicamentos Plan Básico Plus (Lista Nacional de Medicamentos Direct Plus),other,https://file.anthem.com/A03113CAMSPABC.pdf,https://www.anthem.com/ca/pharmacy-information/drug-list-formulary,https://www.anthem.com/sitemap.xml > https://www.anthem.com/ca/pharmacy-information/drug-list-formulary > http://file.anthem.com/A03113CAMSPABC.pdf > https://file.anthem.com/A03113CAMSPABC.pdf,pdf,,,2026-04-28,200,8ae4ea6035c676228ba5d5804a4dd102dd96d9a5ee580de1c7b4338d9502db72,91580,N,static,sitemap|css_selector|url_pattern,0.85,2026-10-06T17:55:54Z,
Elevance / Anthem,,Unknown,Unknown,PreventiveRx Enhanced Drug List Enhanced Plan (National Direct Plus Drug List),drug_list,https://file.anthem.com/A02824CAMENABC.pdf,https://www.anthem.com/ca/pharmacy-information/drug-list-formulary,https://www.anthem.com/sitemap.xml > https://www.anthem.com/ca/pharmacy-information/drug-list-formulary > http://file.anthem.com/A02824CAMENABC.pdf > https://file.anthem.com/A02824CAMENABC.pdf,pdf,,,2026-06-30,200,1a1343951261bf23bac991fc5661eb1ecccda604f96bded3a0c406ef7dbd44f7,611408,N,static,sitemap|css_selector|url_pattern,0.95,2026-10-06T17:55:55Z,
Elevance / Anthem,,California,Unknown,PreventiveRx Drug List Basic Plus Plan (National Direct Preferred Drug List),drug_list,https://file.anthem.com/A03118CAMENABC.pdf,https://www.anthem.com/ca/pharmacy-information/drug-list-formulary,https://www.anthem.com/sitemap.xml > https://www.anthem.com/ca/pharmacy-information/drug-list-formulary > http://file.anthem.com/A03118CAMENABC.pdf > https://file.anthem.com/A03118CAMENABC.pdf,pdf,,,2026-04-28,200,505be6d673f1f01b1218fbb3d4c058f470b1322feb5c600c8e857dfc4eeccd0d,424591,N,static,sitemap|css_selector|url_pattern,0.95,2026-10-06T17:55:55Z,
Elevance / Anthem,,Alabama,Unknown,PreventiveRx Lista de medicamentos Plan Básico Plus (Lista Nacional Directa de Medicamentos Preferidos),other,https://file.anthem.com/A03118CAMSPABC.pdf,https://www.anthem.com/ca/pharmacy-information/drug-list-formulary,https://www.anthem.com/sitemap.xml > https://www.anthem.com/ca/pharmacy-information/drug-list-formulary > http://file.anthem.com/A03118CAMSPABC.pdf > https://file.anthem.com/A03118CAMSPABC.pdf,pdf,,,2026-04-28,200,2eda122647cae283e33db29b38717b2e4d9686e5cfc40052dd402ee5e7cb387d,427356,N,static,sitemap|css_selector|url_pattern,0.85,2026-10-06T17:55:56Z,
Elevance / Anthem,,California,Unknown,PreventiveRx Plus Drug List PreventiveRx Plus Plan (National Direct Preferred),drug_list,https://file.anthem.com/A03086CAMENABC.pdf,https://www.anthem.com/ca/pharmacy-information/drug-list-formulary,https://www.anthem.com/sitemap.xml > https://www.anthem.com/ca/pharmacy-information/drug-list-formulary > http://file.anthem.com/A03086CAMENABC.pdf > https://file.anthem.com/A03086CAMENABC.pdf,pdf,,,2026-04-29,200,0b3b2c5e0fc38d792b887eed47bb72a7105c4e126a4db84d8e25984ad58f9013,425895,N,static,sitemap|css_selector|url_pattern,0.95,2026-10-06T17:55:56Z,
Elevance / Anthem,,Alabama,Unknown,Lista abierta de medicamentos tradicional Lista de medicamentos — Plan de medicamentos de tres niveles,formulary,https://fm.formularynavigator.com/FBO/143/Traditional_Open_Drug_List_3_Tier_ABC_Spanish.pdf,https://www.anthem.com/ca/pharmacy-information/drug-list-formulary,https://www.anthem.com/sitemap.xml > https://www.anthem.com/ca/pharmacy-information/drug-list-formulary > https://fm.formularynavigator.com/FBO/143/Traditional_Open_Drug_List_3_Tier_ABC_Spanish.pdf,pdf,,,,200,d0c5b4529a94955b8d4f5b13a29b0cebdfe5a6338210e16dd664051de2945e36,10579203,N,static,sitemap|css_selector|url_pattern,0.9,2026-10-06T17:55:57Z,
Elevance / Anthem,,Unknown,Unknown,PreventiveRx Enhanced Lista de medicamentos Plan Mejorado (Lista Nacional Directa de Medicamentos),other,https://file.anthem.com/A00529NYMSPABC.1.pdf,https://www.anthem.com/ca/pharmacy-information/drug-list-formulary,https://www.anthem.com/sitemap.xml > https://www.anthem.com/ca/pharmacy-information/drug-list-formulary > http://file.anthem.com/A00529NYMSPABC.1.pdf > https://file.anthem.com/A00529NYMSPABC.1.pdf,pdf,,,2026-04-16,200,1331b428fb391619bc214700758c2836000f9a0abc824ed8fe2101dfecd31e5e,471219,N,static,sitemap|css_selector|url_pattern,0.85,2026-10-06T17:55:57Z,
Elevance / Anthem,,Unknown,Unknown,Select 4 Tier Drug List Drug list — Four Tier Drug Plan,drug_list,https://fm.formularynavigator.com/FBO/143/2025_Select_4_Tier_CA_SG.pdf,https://www.anthem.com/ca/pharmacy-information/drug-list-formulary,https://www.anthem.com/sitemap.xml > https://www.anthem.com/ca/pharmacy-information/drug-list-formulary > https://fm.formularynavigator.com/FBO/143/2025_Select_4_Tier_CA_SG.pdf,pdf,,,2025-12-01,200,4cfba8e5391c658cd1b192a48817fb8085f63ebbfcc52e974e0f30bd90f06287,3565286,N,static,sitemap|css_selector|url_pattern,0.95,2026-10-06T17:55:57Z,
Elevance / Anthem,,Unknown,Unknown,PreventiveRx Enhanced Drug List Enhanced Plan (National Direct Preferred Drug List),drug_list,https://file.anthem.com/A03094CAMENABC.pdf,https://www.anthem.com/ca/pharmacy-information/drug-list-formulary,https://www.anthem.com/sitemap.xml > https://www.anthem.com/ca/pharmacy-information/drug-list-formulary > http://file.anthem.com/A03094CAMENABC.pdf > https://file.anthem.com/A03094CAMENABC.pdf,pdf,,,2026-04-16,200,f554853152a7c76352a80eb55521e362cc1056f2373e73ef66e6102113c96bbd,439875,N,static,sitemap|css_selector|url_pattern,0.95,2026-10-06T17:55:57Z,
Elevance / Anthem,,Alabama,Unknown,PreventiveRx Plus Lista de medicamentos Plan PreventiveRx Plus (Preferido Nacional Directo),other,https://file.anthem.com/A03086CAMSPABC.pdf,https://www.anthem.com/ca/pharmacy-information/drug-list-formulary,https://www.anthem.com/sitemap.xml > https://www.anthem.com/ca/pharmacy-information/drug-list-formulary > http://file.anthem.com/A03086CAMSPABC.pdf > https://file.anthem.com/A03086CAMSPABC.pdf,pdf,,,2026-04-29,200,5e2f7a5b628af43b28df55c2ccc3ea44ee1079354fdda067ca4a7ed0a33086b1,429021,N,static,sitemap|css_selector|url_pattern,0.85,2026-10-06T17:55:57Z,
Elevance / Anthem,,California,Unknown,PreventiveRx Plus Drug List PreventiveRx Plus Plan (CA Select),drug_list,https://file.anthem.com/04680CAMENABC-1.1.pdf,https://www.anthem.com/ca/pharmacy-information/drug-list-formulary,https://www.anthem.com/sitemap.xml > https://www.anthem.com/ca/pharmacy-information/drug-list-formulary > http://file.anthem.com/04680CAMENABC-1.1.pdf > https://file.anthem.com/04680CAMENABC-1.1.pdf,pdf,,,2026-05-03,200,fcb4f5ae3a7e54340cb11eb145109d94b7d45cd49ee04bfeac78e7389e843035,423692,N,static,sitemap|css_selector|url_pattern,0.95,2026-10-06T17:55:57Z,
Elevance / Anthem,,Unknown,Unknown,PreventiveRx Enhanced Lista de medicamentos Plan mejorado (Lista nacional directa de medicamentos preferidos),other,https://file.anthem.com/A03094CAMSPABC.pdf,https://www.anthem.com/ca/pharmacy-information/drug-list-formulary,https://www.anthem.com/sitemap.xml > https://www.anthem.com/ca/pharmacy-information/drug-list-formulary > http://file.anthem.com/A03094CAMSPABC.pdf > https://file.anthem.com/A03094CAMSPABC.pdf,pdf,,,2026-04-16,200,f958c4a0ee1846b8bde446677c97dba6318e586e7f7646c90c3bebb06c3b5cca,442061,N,static,sitemap|css_selector|url_pattern,0.85,2026-10-06T17:55:57Z,
Elevance / Anthem,,California,Unknown,PreventiveRx Enhanced Lista de medicamentos Enhanced Plan (California Select Drug List),drug_list,https://file.anthem.com/A00530CAMSPABC.1.pdf,https://www.anthem.com/ca/pharmacy-information/drug-list-formulary,https://www.anthem.com/sitemap.xml > https://www.anthem.com/ca/pharmacy-information/drug-list-formulary > https://file.anthem.com/A00530CAMSPABC.1.pdf,pdf,,,2026-05-06,200,e1b6a508e2ce27385656b26b3d589659ab1a4660ee0a07a5f83f34d55f6dbc4a,437524,N,static,sitemap|css_selector|url_pattern,0.95,2026-10-06T17:55:57Z,
Elevance / Anthem,,Alabama,Unknown,PreventiveRx Plus Lista de medicamentos Plan PreventiveRx Plan (CA Select),other,https://file.anthem.com/04680CAMSPABC-1.1.pdf,https://www.anthem.com/ca/pharmacy-information/drug-list-formulary,https://www.anthem.com/sitemap.xml > https://www.anthem.com/ca/pharmacy-information/drug-list-formulary > http://file.anthem.com/04680CAMSPABC-1.1.pdf > https://file.anthem.com/04680CAMSPABC-1.1.pdf,pdf,,,2026-05-03,200,1a98b5e3c1fdfb6306ce66565bf6874a3e377234c8eaa51814dbaab512aef26a,425809,N,static,sitemap|css_selector|url_pattern,0.85,2026-10-06T17:55:57Z,
Elevance / Anthem,,California,Unknown,PreventiveRx Enhanced Drug List Enhanced Plan (California Select Drug List),drug_list,https://file.anthem.com/A00530CAMENABC.1.pdf,https://www.anthem.com/ca/pharmacy-information/drug-list-formulary,https://www.anthem.com/sitemap.xml > https://www.anthem.com/ca/pharmacy-information/drug-list-formulary > https://file.anthem.com/A00530CAMENABC.1.pdf,pdf,,,2026-05-06,200,356144e01b030256783da5e7ebdd66544f6845b2ac96fcfdf6def48008a47a3e,434155,N,static,sitemap|css_selector|url_pattern,0.95,2026-10-06T17:55:58Z,
Elevance / Anthem,,California,Unknown,PreventiveRx Lista de medicamentos Plan Legacy PreventiveRx Plus (CA Select),other,https://file.anthem.com/04680CAMSPABC-HN1.1.pdf,https://www.anthem.com/ca/pharmacy-information/drug-list-formulary,https://www.anthem.com/sitemap.xml > https://www.anthem.com/ca/pharmacy-information/drug-list-formulary > http://file.anthem.com/04680CAMSPABC-HN1.1.pdf > https://file.anthem.com/04680CAMSPABC-HN1.1.pdf,pdf,,,2026-05-27,200,e80b5ee2bf9da7d4e3a762f04bc8ddfaa422f8b7233d5985a0ed597fc70204b9,432072,N,static,sitemap|css_selector|url_pattern,0.85,2026-10-06T17:55:58Z,
Elevance / Anthem,,California,Unknown,PreventiveRx Drug List Legacy PreventiveRx Plus Plan (CA Select),drug_list,https://file.anthem.com/04680CAMENABC-HN1.1.pdf,https://www.anthem.com/ca/pharmacy-information/drug-list-formulary,https://www.anthem.com/sitemap.xml > https://www.anthem.com/ca/pharmacy-information/drug-list-formulary > http://file.anthem.com/04680CAMENABC-HN1.1.pdf > https://file.anthem.com/04680CAMENABC-HN1.1.pdf,pdf,,,2026-05-27,200,8acdf7098292f28c0f37141e474c584a33c717607a64fff3ca36a1f251567512,428359,N,static,sitemap|css_selector|url_pattern,0.95,2026-10-06T17:55:58Z,
Elevance / Anthem,,Alabama,Unknown,PreventiveRx Lista de medicamentos Plan Básico Plus (Lista de medicamentos tradicionales),other,https://file.anthem.com/A03115CAMSPABC.pdf,https://www.anthem.com/ca/pharmacy-information/drug-list-formulary,https://www.anthem.com/sitemap.xml > https://www.anthem.com/ca/pharmacy-information/drug-list-formulary > http://file.anthem.com/A03115CAMSPABC.pdf > https://file.anthem.com/A03115CAMSPABC.pdf,pdf,,,2026-06-29,200,d6e396f196d448c1a7ffa79df4e0e4760df90b95b8121a7623cac8ce41bfa8a9,492118,N,static,sitemap|css_selector|url_pattern,0.85,2026-10-06T17:55:58Z,
Elevance / Anthem,,California,Unknown,PreventiveRx Drug List Basic Plus Plan (Traditional Drug List),drug_list,https://file.anthem.com/A03115CAMENABC.pdf,https://www.anthem.com/ca/pharmacy-information/drug-list-formulary,https://www.anthem.com/sitemap.xml > https://www.anthem.com/ca/pharmacy-information/drug-list-formulary > http://file.anthem.com/A03115CAMENABC.pdf > https://file.anthem.com/A03115CAMENABC.pdf,pdf,,,2026-06-29,200,1b76dfd243395c1d491d7b83a789c9fd41ce7628e15a6ef0a9b984518f8cf2f3,491069,N,static,sitemap|css_selector|url_pattern,0.95,2026-10-06T17:55:58Z,
Elevance / Anthem,,Alabama,Unknown,PreventiveRx Plus Lista de medicamentos Plan PreventiveRx Plus (Abierto Tradicional),other,https://file.anthem.com/04320CAMSPABC-1.1.pdf,https://www.anthem.com/ca/pharmacy-information/drug-list-formulary,https://www.anthem.com/sitemap.xml > https://www.anthem.com/ca/pharmacy-information/drug-list-formulary > http://file.anthem.com/04320CAMSPABC-1.1.pdf > https://file.anthem.com/04320CAMSPABC-1.1.pdf,pdf,,,2026-04-28,200,c1a02ba3ab6bf24d23475a3da3a83154c15dcca2038520bc3e37b30136cf3dd0,429504,N,static,sitemap|css_selector|url_pattern,0.85,2026-10-06T17:55:58Z,
Elevance / Anthem,,California,Unknown,PreventiveRx Plus Drug List PreventiveRx Plus Plan (Traditional Open),drug_list,https://file.anthem.com/04320CAMENABC-1.1.pdf,https://www.anthem.com/ca/pharmacy-information/drug-list-formulary,https://www.anthem.com/sitemap.xml > https://www.anthem.com/ca/pharmacy-information/drug-list-formulary > http://file.anthem.com/04320CAMENABC-1.1.pdf > https://file.anthem.com/04320CAMENABC-1.1.pdf,pdf,,,2026-04-28,200,bfaf8f7774682be624eacabf2cd7533902a7feb6231823fd741af527516d2720,427164,N,static,sitemap|css_selector|url_pattern,0.95,2026-10-06T17:55:58Z,
Elevance / Anthem,,Unknown,Unknown,PreventiveRx Enhanced Drug List Enhanced Plan (Traditional Drug List),drug_list,https://file.anthem.com/A00528CAMENABC.1.pdf,https://www.anthem.com/ca/pharmacy-information/drug-list-formulary,https://www.anthem.com/sitemap.xml > https://www.anthem.com/ca/pharmacy-information/drug-list-formulary > http://file.anthem.com/A00528CAMENABC.1.pdf > https://file.anthem.com/A00528CAMENABC.1.pdf,pdf,,,2026-04-22,200,b937eaee4bb27e552de3ed01bdcd19a15eda416df1602cdbfb275d9f9bfd4572,440688,N,static,sitemap|css_selector|url_pattern,0.95,2026-10-06T17:55:58Z,
Elevance / Anthem,,Unknown,Unknown,PreventiveRx Enhanced Lista de medicamentos Plan mejorado (Lista de medicamentos tradicional),other,https://file.anthem.com/A00528CAMSPABC.1.pdf,https://www.anthem.com/ca/pharmacy-information/drug-list-formulary,https://www.anthem.com/sitemap.xml > https://www.anthem.com/ca/pharmacy-information/drug-list-formulary > http://file.anthem.com/A00528CAMSPABC.1.pdf > https://file.anthem.com/A00528CAMSPABC.1.pdf,pdf,,,2026-04-21,200,ec8744ef79e31fcb6055b0c31c02085bd3967519b5654e9e20af36e014f456da,442907,N,static,sitemap|css_selector|url_pattern,0.85,2026-10-06T17:55:59Z,
Elevance / Anthem,,California,Unknown,"Home Delivery and Rx Maintenance 90 Drug List Depending on your home delivery coverage, the drugs listed below must be obtained through your home delivery benefit to obtain a",drug_list,https://file.anthem.com/24804CAMENABC.pdf,https://www.anthem.com/ca/pharmacy-information/drug-list-formulary,https://www.anthem.com/sitemap.xml > https://www.anthem.com/ca/pharmacy-information/drug-list-formulary > https://file.anthem.com/24804CAMENABC.pdf,pdf,,,2026-06-08,200,878654d1a5dc6938755bc344cb492d4488d1e032737cd3fdb1a17d5526f362af,481957,N,static,sitemap|css_selector|url_pattern,0.95,2026-10-06T17:55:59Z,
Elevance / Anthem,,California,Unknown,"BioPlus Exclusive Network Drug List If covered by your plan's drug list, the drugs below will require you to go to a network specialty pharmacy to fill your prescription. For an up-to-date list of drugs covered by your plan, log in at",drug_list,https://file.anthem.com/A02871CAMENABC.pdf,https://www.anthem.com/ca/pharmacy-information/drug-list-formulary,https://www.anthem.com/sitemap.xml > https://www.anthem.com/ca/pharmacy-information/drug-list-formulary > https://file.anthem.com/A02871CAMENABC.pdf,pdf,,,2026-04-23,200,f9711fbe4ddd908c035f430c2d6ca470bf51523600a0299c620b555ed0782047,426190,N,static,sitemap|css_selector|url_pattern,0.95,2026-10-06T17:55:59Z,
Elevance / Anthem,,Unknown,Unknown,PreventiveRx Lista de medicamentos Plan Legacy PreventiveRx Plus (Abierto Tradicional),other,https://file.anthem.com/04320CAMSPABC-HN1.1.pdf,https://www.anthem.com/ca/pharmacy-information/drug-list-formulary,https://www.anthem.com/sitemap.xml > https://www.anthem.com/ca/pharmacy-information/drug-list-formulary > http://file.anthem.com/04320CAMSPABC-HN1.1.pdf > https://file.anthem.com/04320CAMSPABC-HN1.1.pdf,pdf,,,2026-05-15,200,3a5c3775538f7be5d14407bb0338880c86df03acaa94a3bbb174371ca948f006,438069,N,static,sitemap|css_selector|url_pattern,0.85,2026-10-06T17:55:59Z,
Elevance / Anthem,,California,Unknown,"CarelonRx Exclusive Network Drug List If covered by your plan's drug list, the drugs below will require you to go to a network specialty pharmacy to fill your prescription. For an up-to-date list of drugs covered by your plan, log in at",drug_list,https://file.anthem.com/44150CAMENABC.pdf,https://www.anthem.com/ca/pharmacy-information/drug-list-formulary,https://www.anthem.com/sitemap.xml > https://www.anthem.com/ca/pharmacy-information/drug-list-formulary > https://file.anthem.com/44150CAMENABC.pdf,pdf,,,2026-04-23,200,f5e616445b4f606d394803afa29c96b9618930d39a81bb1ccb891c80ea60075b,435172,N,static,sitemap|css_selector|url_pattern,0.95,2026-10-06T17:55:59Z,
Elevance / Anthem,,Alabama,Unknown,"Lista de medicamentos de mantenimiento Según qué plan de salud nuestro tengas, es posible que debas obtener los medicamentos de mantenimiento por medio de una entrega",other,https://file.anthem.com/24804CAMSPABC.pdf,https://www.anthem.com/ca/pharmacy-information/drug-list-formulary,https://www.anthem.com/sitemap.xml > https://www.anthem.com/ca/pharmacy-information/drug-list-formulary > https://file.anthem.com/24804CAMSPABC.pdf,pdf,,,2026-06-08,200,91cd49ad9d1248bf1cb241d0a3ea7541c426ba9c1ee25b42855de7463701e780,488624,N,static,sitemap|css_selector|url_pattern,0.85,2026-10-06T17:55:59Z,
Elevance / Anthem,,Unknown,Unknown,ACA Contraceptive for Religious Affiliate Group Drug List Preventive care can help keep you healthy and may even save your life. Getting routine health exams and screenings can,drug_list,https://file.anthem.com/A00898CAMENABC.pdf,https://www.anthem.com/ca/pharmacy-information/drug-list-formulary,https://www.anthem.com/sitemap.xml > https://www.anthem.com/ca/pharmacy-information/drug-list-formulary > https://file.anthem.com/A00898CAMENABC.pdf,pdf,,,2025-02-27,200,516fb33dbe544c585de46edf1845360b2075f21126093d0f140611168310d073,464025,N,static,sitemap|css_selector|url_pattern,0.95,2026-10-06T17:55:59Z,
Elevance / Anthem,,Illinois,Unknown,"Our health plans offer all the preventive care services and immunizations below at no cost to you1. You won’t have to pay anything when you use a doctor, pharmacy, or lab in your plan’s network. If you go to doctors or facilities outside",other,https://file.anthem.com/43199CAMENABC.pdf,https://www.anthem.com/ca/pharmacy-information/drug-list-formulary,https://www.anthem.com/sitemap.xml > https://www.anthem.com/ca/pharmacy-information/drug-list-formulary > https://file.anthem.com/43199CAMENABC.pdf,pdf,,,2025-08-14,200,d480d72ee3df4b6790a8a1553cacca067515b6f62a1e1a2455ca7079ca0ed326,641014,N,static,sitemap|css_selector|url_pattern,0.85,2026-10-06T17:55:59Z,
Elevance / Anthem,,California,Unknown,Specialty drugs not covered under the medical benefit This is a list of clinician-administered specialty drugs not covered under the medical benefit for certain groups.,drug_list,https://file.anthem.com/05308CAMENABC.pdf,https://www.anthem.com/ca/pharmacy-information/drug-list-formulary,https://www.anthem.com/sitemap.xml > https://www.anthem.com/ca/pharmacy-information/drug-list-formulary > https://file.anthem.com/05308CAMENABC.pdf,pdf,,,2024-04-10,200,9b938d4af1cc0dd5cf1cf6a3681b04cdb05d24c5e2c58854b145ccdb8321bcce,65997,N,static,sitemap|css_selector|url_pattern,0.95,2026-10-06T17:55:59Z,
Elevance / Anthem,,California,Exchange,Prior Authorization Request Brand Contraceptive Copay Waiver,pa_list,https://www.anthem.com/content/dam/digital/docs/pharmacy-information/anthem-blue-cross-brand-contraceptive-copay-waiver-form.pdf,https://www.anthem.com/ca/pharmacy-information/drug-list-formulary,https://www.anthem.com/sitemap.xml > https://www.anthem.com/ca/pharmacy-information/drug-list-formulary > https://www.anthem.com/content/dam/digital/docs/pharmacy-information/anthem-blue-cross-brand-contraceptive-copay-waiver-form.pdf,pdf,,,2024-08-01,200,347eb0a950b9b3777bd29fb01274609bf66abb950c1d4850c3f19a874364a475,134389,N,static,sitemap|css_selector|url_pattern,0.95,2026-10-06T17:56:00Z,
Elevance / Anthem,,Unknown,Unknown,Prior Authorization Request Breast Cancer Prevention,pa_list,https://www.anthem.com/content/dam/digital/docs/pharmacy-information/anthem_bc_breast_cancer_copay_waiver_form.pdf,https://www.anthem.com/ca/pharmacy-information/drug-list-formulary,https://www.anthem.com/sitemap.xml > https://www.anthem.com/ca/pharmacy-information/drug-list-formulary > https://www.anthem.com/content/dam/digital/docs/pharmacy-information/anthem_bc_breast_cancer_copay_waiver_form.pdf,pdf,,,2024-07-19,200,5026acd6716cb878decaec38e624e7964666e216207b253587f5fc042d2462f3,183209,N,static,sitemap|css_selector|url_pattern,0.95,2026-10-06T17:56:00Z,
Elevance / Anthem,,Unknown,Unknown,PreventiveRx Drug List Legacy PreventiveRx Plus Plan (Traditional Open),drug_list,https://file.anthem.com/04320CAMENABC-HN1.1.pdf,https://www.anthem.com/ca/pharmacy-information/drug-list-formulary,https://www.anthem.com/sitemap.xml > https://www.anthem.com/ca/pharmacy-information/drug-list-formulary > http://file.anthem.com/04320CAMENABC-HN1.1.pdf > https://file.anthem.com/04320CAMENABC-HN1.1.pdf,pdf,,,2026-05-15,200,f420d5e0bb12b44d7f14e11c2c02326b82104b777dee37aaaf10cf4f6e8cc3c3,434287,N,static,sitemap|css_selector|url_pattern,0.95,2026-10-06T17:56:00Z,
Elevance / Anthem,,California,Medicare,Blue Cross Senior SmartChoice 2026 Prescription Drug Formulary,formulary,https://www.anthem.com/content/dam/digital/docs/pharmacy-information/CA_2026_Formulary.pdf,https://www.anthem.com/ca/pharmacy-information/drug-list-formulary,https://www.anthem.com/sitemap.xml > https://www.anthem.com/ca/pharmacy-information/drug-list-formulary > https://www.anthem.com/content/dam/digital/docs/pharmacy-information/CA_2026_Formulary.pdf,pdf,,,2025-12-11,200,35d5de28254239dce955857dd0419b520534f7d7fd86128eb75bc9672ac79fcb,2564469,N,static,sitemap|css_selector|url_pattern,0.95,2026-10-06T17:56:00Z,
Elevance / Anthem,,Georgia,Unknown,Right Drug Right Channel – Medical Benefit This is a list of clinician-administered drugs only covered under the medical benefit for certain groups. Members should talk with the,drug_list,https://file.anthem.com/03771CAMENABC.pdf,https://www.anthem.com/ca/pharmacy-information/drug-list-formulary,https://www.anthem.com/sitemap.xml > https://www.anthem.com/ca/pharmacy-information/drug-list-formulary > https://file.anthem.com/03771CAMENABC.pdf,pdf,,,2026-04-25,200,7e8ced742b508052ddaaca2fc6edcf2862e3069836a13e88b1fc0d1ea88bb2fb,431861,N,static,sitemap|css_selector|url_pattern,0.95,2026-10-06T17:56:00Z,
Elevance / Anthem,,Unknown,Unknown,"Our Voluntary Site of Care Redirection program offers convenient, lower-cost options for members to receive infusion therapy. Members may receive care from experienced health care professionals in the privacy and convenience of their",drug_list,https://file.anthem.com/05976CAMENABC.pdf,https://www.anthem.com/ca/pharmacy-information/drug-list-formulary,https://www.anthem.com/sitemap.xml > https://www.anthem.com/ca/pharmacy-information/drug-list-formulary > https://file.anthem.com/05976CAMENABC.pdf,pdf,,,2023-02-06,200,492204b6568e0b36a6f70392af7512fc8f99e8a72056969a1ba72c193735dfa0,414770,N,static,sitemap|css_selector|url_pattern,0.95,2026-10-06T17:56:01Z,
Elevance / Anthem,,Unknown,Unknown,ACA Preventive Care Drug List Preventive care can help keep you healthy and may even save your life. Getting routine health exams and screenings can,drug_list,https://file.anthem.com/61088CAMENABC.pdf,https://www.anthem.com/ca/pharmacy-information/drug-list-formulary,https://www.anthem.com/sitemap.xml > https://www.anthem.com/ca/pharmacy-information/drug-list-formulary > http://file.anthem.com/61088CAMENABC.pdf > https://file.anthem.com/61088CAMENABC.pdf,pdf,,,2026-05-28,200,3c342e5affc0d99190cce2db54b21a745197fa0340e47cc7e23e2ac718b46c0f,459054,N,static,sitemap|css_selector|url_pattern,0.95,2026-10-06T17:56:01Z,
Elevance / Anthem,,Unknown,Unknown,Essential Drug List Medication Alternatives,drug_list,https://file.anthem.com/64147MUEENABS.1.pdf,https://www.anthem.com/co/pharmacy-information/drug-list-formulary,https://www.anthem.com/sitemap.xml > https://www.anthem.com/co/pharmacy-information/drug-list-formulary > http://file.anthem.com/64147MUEENABS.1.pdf > https://file.anthem.com/64147MUEENABS.1.pdf,pdf,,,2026-06-30,200,aa056a554694ea04d33e4a17f2032fdc6c4c50233d79623b6f12d202415fefed,610036,N,static,sitemap|css_selector|url_pattern,0.95,2026-10-06T17:56:01Z,
Elevance / Anthem,,Alabama,Unknown,Lista de medicamentos esenciales Medicamentos alternativos,other,https://file.anthem.com/64147MUESPABS.1.pdf,https://www.anthem.com/co/pharmacy-information/drug-list-formulary,https://www.anthem.com/sitemap.xml > https://www.anthem.com/co/pharmacy-information/drug-list-formulary > http://file.anthem.com/64147MUESPABS.1.pdf > https://file.anthem.com/64147MUESPABS.1.pdf,pdf,,,2026-06-30,200,d4549d7d4d0a9c2983080116369d1ac9176c9383c1cd0c052bc5a3b5d3125250,949006,N,static,sitemap|css_selector|url_pattern,0.85,2026-10-06T17:56:01Z,
Elevance / Anthem,,Unknown,Unknown,Essential Direct Drug List Medication Alternatives,drug_list,https://file.anthem.com/A03084MUEENABS.pdf,https://www.anthem.com/co/pharmacy-information/drug-list-formulary,https://www.anthem.com/sitemap.xml > https://www.anthem.com/co/pharmacy-information/drug-list-formulary > http://file.anthem.com/A03084MUEENABS.pdf > https://file.anthem.com/A03084MUEENABS.pdf,pdf,,,2026-06-30,200,5239a82be28da6debf5ca9f1c5297df2aebf784a513ad3ff0d7f2b74482612e2,944618,N,static,sitemap|css_selector|url_pattern,0.95,2026-10-06T17:56:03Z,
Elevance / Anthem,,Alabama,Unknown,Lista de medicamentos directos esenciales Medicamentos alternativos,other,https://file.anthem.com/A03084MUESPABS.pdf,https://www.anthem.com/co/pharmacy-information/drug-list-formulary,https://www.anthem.com/sitemap.xml > https://www.anthem.com/co/pharmacy-information/drug-list-formulary > http://file.anthem.com/A03084MUESPABS.pdf > https://file.anthem.com/A03084MUESPABS.pdf,pdf,,,2026-06-30,200,a78f7f61458cfb222aa14b373cde41dbb98365ce6442c01261f3f1839eee459f,949876,N,static,sitemap|css_selector|url_pattern,0.85,2026-10-06T17:56:03Z,
Elevance / Anthem,,Pennsylvania,Unknown,Essential Drug List Drug list — Three Tier Drug Plan,drug_list,https://fm.formularynavigator.com/FBO/143/Essential_3_Tier_ABCBS.pdf,https://www.anthem.com/co/pharmacy-information/drug-list-formulary,https://www.anthem.com/sitemap.xml > https://www.anthem.com/co/pharmacy-information/drug-list-formulary > https://fm.formularynavigator.com/FBO/143/Essential_3_Tier_ABCBS.pdf,pdf,,,,200,06e94fcf16a8d368f2d9bddb54ad7e9f7a34aed2e20d830749664903d83f0e40,1026254,N,static,sitemap|css_selector|url_pattern,0.9,2026-10-06T17:56:03Z,
Elevance / Anthem,,Alabama,Unknown,Lista de Medicamentos Esenciales Lista de medicamentos — Plan de medicamentos de tres niveles,other,https://fm.formularynavigator.com/FBO/143/Essential_Drug_List_3_Tier_ABCBS_Spanish.pdf,https://www.anthem.com/co/pharmacy-information/drug-list-formulary,https://www.anthem.com/sitemap.xml > https://www.anthem.com/co/pharmacy-information/drug-list-formulary > https://fm.formularynavigator.com/FBO/143/Essential_Drug_List_3_Tier_ABCBS_Spanish.pdf,pdf,,,,200,59558061a4aba78024356157bfc69d6ea9b78414a537bbc0bbb5ec977bffedf6,794956,N,static,sitemap|css_selector|url_pattern,0.8,2026-10-06T17:56:03Z,
Elevance / Anthem,,Pennsylvania,Unknown,Essential Drug List Drug list — Four Tier Drug Plan,drug_list,https://fm.formularynavigator.com/FBO/143/Essential_4_Tier_ABCBS.pdf,https://www.anthem.com/co/pharmacy-information/drug-list-formulary,https://www.anthem.com/sitemap.xml > https://www.anthem.com/co/pharmacy-information/drug-list-formulary > https://fm.formularynavigator.com/FBO/143/Essential_4_Tier_ABCBS.pdf,pdf,,,,200,4d4d6d4cf3ea72e294381b4d4dcc1563beb5d564480a14ac6a4dc58d80a76cee,1140353,N,static,sitemap|css_selector|url_pattern,0.9,2026-10-06T17:56:03Z,
Elevance / Anthem,,Alabama,Unknown,Lista de Medicamentos Esenciales Lista de medicamentos — Plan de medicamentos de cinco niveles,other,https://fm.formularynavigator.com/FBO/143/Essential_Drug_List_5_Tier_ABCBS_Spanish.pdf,https://www.anthem.com/co/pharmacy-information/drug-list-formulary,https://www.anthem.com/sitemap.xml > https://www.anthem.com/co/pharmacy-information/drug-list-formulary > https://fm.formularynavigator.com/FBO/143/Essential_Drug_List_5_Tier_ABCBS_Spanish.pdf,pdf,,,,200,5145d6df7eeb846620efde86d94682f65754167a5a9dd1787cd2762532a9b1c0,821326,N,static,sitemap|css_selector|url_pattern,0.8,2026-10-06T17:56:03Z,
Elevance / Anthem,,Alabama,Unknown,Lista de Medicamentos Directos Esenciales Lista de medicamentos: plan de medicamentos de cuatro niveles,other,https://fm.formularynavigator.com/FBO/143/Essential_Direct_4_Tier_ABCBS_Spanish.pdf,https://www.anthem.com/co/pharmacy-information/drug-list-formulary,https://www.anthem.com/sitemap.xml > https://www.anthem.com/co/pharmacy-information/drug-list-formulary > https://fm.formularynavigator.com/FBO/143/Essential_Direct_4_Tier_ABCBS_Spanish.pdf,pdf,,,,200,212cf2b4467b44b31469e3648217e2133bff81529817c4d572fd68f19bf9ada7,758196,N,static,sitemap|css_selector|url_pattern,0.8,2026-10-06T17:56:04Z,
Elevance / Anthem,,Alabama,Unknown,Lista de Medicamentos Esenciales Lista de medicamentos — Plan de medicamentos de cuatro niveles,other,https://fm.formularynavigator.com/FBO/143/Essential_Drug_List_4_Tier_ABCBS_Spanish.pdf,https://www.anthem.com/co/pharmacy-information/drug-list-formulary,https://www.anthem.com/sitemap.xml > https://www.anthem.com/co/pharmacy-information/drug-list-formulary > https://fm.formularynavigator.com/FBO/143/Essential_Drug_List_4_Tier_ABCBS_Spanish.pdf,pdf,,,,200,e5aa276a723d58842d50fca9d345d21dc5ea51ac706a141d8157cdfd7596b66f,1213154,N,static,sitemap|css_selector|url_pattern,0.8,2026-10-06T17:56:04Z,
Elevance / Anthem,,Unknown,Unknown,Medical Benefit Drug List The drugs listed below are considered Medical Specialty Pharmacy (MSP) products and are typically covered under the member’s,drug_list,https://file.anthem.com/A00636CAPENABC.pdf,https://www.anthem.com/ca/pharmacy-information/drug-list-formulary,https://www.anthem.com/sitemap.xml > https://www.anthem.com/ca/pharmacy-information/drug-list-formulary > http://file.anthem.com/A00636CAPENABC.pdf > https://file.anthem.com/A00636CAPENABC.pdf,pdf,,,2026-07-21,200,a8b702f916271c179b533f08159f6e6fc60a117446aa0055a161092622596424,1722053,N,static,sitemap|css_selector|url_pattern,0.95,2026-10-06T17:56:04Z,
Elevance / Anthem,,Pennsylvania,Unknown,Essential Drug List Drug list — Five Tier Drug Plan,drug_list,https://fm.formularynavigator.com/FBO/143/Essential_5_Tier_ABCBS.pdf,https://www.anthem.com/co/pharmacy-information/drug-list-formulary,https://www.anthem.com/sitemap.xml > https://www.anthem.com/co/pharmacy-information/drug-list-formulary > https://fm.formularynavigator.com/FBO/143/Essential_5_Tier_ABCBS.pdf,pdf,,,,200,38a2d211003dcadf0f99a3ba26d238fc41d6420dd52c98da0119c4599e3361c7,1029401,N,static,sitemap|css_selector|url_pattern,0.9,2026-10-06T17:56:04Z,
Elevance / Anthem,,Unknown,Unknown,National Drug List Medication Alternatives,drug_list,https://file.anthem.com/64774MUEENABS.1.pdf,https://www.anthem.com/co/pharmacy-information/drug-list-formulary,https://www.anthem.com/sitemap.xml > https://www.anthem.com/co/pharmacy-information/drug-list-formulary > http://file.anthem.com/64774MUEENABS.1.pdf > https://file.anthem.com/64774MUEENABS.1.pdf,pdf,,,2026-06-30,200,03528d9ee093882d7d0d4c89e19cf027b81729a5345842bc1691811146829053,924946,N,static,sitemap|css_selector|url_pattern,0.95,2026-10-06T17:56:05Z,
Elevance / Anthem,,Unknown,Unknown,o o,other,https://fm.formularynavigator.com/FBO/143/Essential_Direct_5_Tier_ABCBS_Spanish.pdf,https://www.anthem.com/co/pharmacy-information/drug-list-formulary,https://www.anthem.com/sitemap.xml > https://www.anthem.com/co/pharmacy-information/drug-list-formulary > https://fm.formularynavigator.com/FBO/143/Essential_Direct_5_Tier_ABCBS_Spanish.pdf,pdf,,,,200,0fccfaf5f00a9858e67c1a4bc6fae24f2609f3d6ebfc2cdab362f3db77d2de17,1664732,N,static,sitemap|css_selector|url_pattern,0.8,2026-10-06T17:56:06Z,
Elevance / Anthem,,Alabama,Unknown,Lista nacional de medicamentos La Lista nacional de medicamentos es una lista de,other,https://file.anthem.com/64774MUESPABS.1.pdf,https://www.anthem.com/co/pharmacy-information/drug-list-formulary,https://www.anthem.com/sitemap.xml > https://www.anthem.com/co/pharmacy-information/drug-list-formulary > http://file.anthem.com/64774MUESPABS.1.pdf > https://file.anthem.com/64774MUESPABS.1.pdf,pdf,,,2026-06-30,200,87c3f1c5efa2e3fe4645dbb3914b80f849c5aef38272c3abe0c89f2e5c5d41c7,929040,N,static,sitemap|css_selector|url_pattern,0.85,2026-10-06T17:56:06Z,
Elevance / Anthem,,Alabama,Unknown,Lista Nacional de Medicamentos Lista de medicamentos — Plan de medicamentos de tres niveles,other,https://fm.formularynavigator.com/FBO/143/National_Drug_List_3_Tier_ABCBS_Spanish.pdf,https://www.anthem.com/co/pharmacy-information/drug-list-formulary,https://www.anthem.com/sitemap.xml > https://www.anthem.com/co/pharmacy-information/drug-list-formulary > https://fm.formularynavigator.com/FBO/143/National_Drug_List_3_Tier_ABCBS_Spanish.pdf,pdf,,,,200,28faa15f611eac74c3f6785f41a0ea090a4e2a18464de1629f1b8c38887bec45,1097486,N,static,sitemap|css_selector|url_pattern,0.8,2026-10-06T17:56:07Z,
Elevance / Anthem,,Pennsylvania,Unknown,National Drug List Drug list — Three Tier Drug Plan,drug_list,https://fm.formularynavigator.com/FBO/143/National_3_Tier_ABCBS.pdf,https://www.anthem.com/co/pharmacy-information/drug-list-formulary,https://www.anthem.com/sitemap.xml > https://www.anthem.com/co/pharmacy-information/drug-list-formulary > https://fm.formularynavigator.com/FBO/143/National_3_Tier_ABCBS.pdf,pdf,,,,200,7c7ad5ac31cb6b896ef5f986cb2c4de5b0d81a60757a9d2009987d345c9ff090,1339706,N,static,sitemap|css_selector|url_pattern,0.9,2026-10-06T17:56:07Z,
Elevance / Anthem,,Pennsylvania,Unknown,National Drug List Drug list — Five Tier Drug Plan,drug_list,https://fm.formularynavigator.com/FBO/143/National_5_Tier_ABCBS.pdf,https://www.anthem.com/co/pharmacy-information/drug-list-formulary,https://www.anthem.com/sitemap.xml > https://www.anthem.com/co/pharmacy-information/drug-list-formulary > https://fm.formularynavigator.com/FBO/143/National_5_Tier_ABCBS.pdf,pdf,,,,200,11dd02ccd5c2bc81715595e435b5c83d2fdeee2f5eb846ded2aaf316207c3f24,1342209,N,static,sitemap|css_selector|url_pattern,0.9,2026-10-06T17:56:07Z,
Elevance / Anthem,,Alabama,Unknown,Lista de Medicamentos Directos Esenciales Lista de medicamentos: Plan de medicamentos de tres niveles,other,https://fm.formularynavigator.com/FBO/143/Essential_Direct_3_Tier_ABCBS_Spanish.pdf,https://www.anthem.com/co/pharmacy-information/drug-list-formulary,https://www.anthem.com/sitemap.xml > https://www.anthem.com/co/pharmacy-information/drug-list-formulary > https://fm.formularynavigator.com/FBO/143/Essential_Direct_3_Tier_ABCBS_Spanish.pdf,pdf,,,,200,48c1a2d44e23a0c1c1f6732ddc21d76e101c43c2f5001ed93697e84d523ba94e,772754,N,static,sitemap|css_selector|url_pattern,0.8,2026-10-06T17:56:07Z,
Elevance / Anthem,,Alabama,Unknown,Lista Nacional de Medicamentos Lista de medicamentos — Plan de medicamentos de cuatro niveles,other,https://fm.formularynavigator.com/FBO/143/National_Drug_List_4_Tier_ABCBS_Spanish.pdf,https://www.anthem.com/co/pharmacy-information/drug-list-formulary,https://www.anthem.com/sitemap.xml > https://www.anthem.com/co/pharmacy-information/drug-list-formulary > https://fm.formularynavigator.com/FBO/143/National_Drug_List_4_Tier_ABCBS_Spanish.pdf,pdf,,,,200,f95faa690f99f1af7c4bb8e3ddde20ed7a9b1fb9cd691d3b51fdc62015392b86,1110468,N,static,sitemap|css_selector|url_pattern,0.8,2026-10-06T17:56:08Z,
Elevance / Anthem,,Pennsylvania,Unknown,National Drug List Drug list — Four Tier Drug Plan,drug_list,https://fm.formularynavigator.com/FBO/143/National_4_Tier_ABCBS.pdf,https://www.anthem.com/co/pharmacy-information/drug-list-formulary,https://www.anthem.com/sitemap.xml > https://www.anthem.com/co/pharmacy-information/drug-list-formulary > https://fm.formularynavigator.com/FBO/143/National_4_Tier_ABCBS.pdf,pdf,,,,200,39e660849cd4322ee28c5561ef4ca30095d33f5bf6f9d0b2b0d0be6cd15b95b1,1340916,N,static,sitemap|css_selector|url_pattern,0.9,2026-10-06T17:56:08Z,
Elevance / Anthem,,Unknown,Unknown,o o,drug_list,https://fm.formularynavigator.com/FBO/143/Essential_Direct_5_Tier_ABCBS.pdf,https://www.anthem.com/co/pharmacy-information/drug-list-formulary,https://www.anthem.com/sitemap.xml > https://www.anthem.com/co/pharmacy-information/drug-list-formulary > https://fm.formularynavigator.com/FBO/143/Essential_Direct_5_Tier_ABCBS.pdf,pdf,,,,200,0138265148d11369feffe3c9d2eaa2124478cd702372ff034ecdaf018c831987,1952138,N,static,sitemap|css_selector|url_pattern,0.9,2026-10-06T17:56:08Z,
Elevance / Anthem,,Unknown,Unknown,National Direct Drug List Medication Alternatives,drug_list,https://file.anthem.com/A00438MUEENABS.1.pdf,https://www.anthem.com/co/pharmacy-information/drug-list-formulary,https://www.anthem.com/sitemap.xml > https://www.anthem.com/co/pharmacy-information/drug-list-formulary > http://file.anthem.com/A00438MUEENABS.1.pdf > https://file.anthem.com/A00438MUEENABS.1.pdf,pdf,,,2026-06-30,200,609653c96ca1c144387c82d6e77d78bf26f7fd529c12a79eb7d8f212da9b89d0,952388,N,static,sitemap|css_selector|url_pattern,0.95,2026-10-06T17:56:08Z,
Elevance / Anthem,,Alabama,Unknown,Lista Nacional de Medicamentos Directos Medicamentos alternativos,other,https://file.anthem.com/A00438MUESPABS.1.pdf,https://www.anthem.com/co/pharmacy-information/drug-list-formulary,https://www.anthem.com/sitemap.xml > https://www.anthem.com/co/pharmacy-information/drug-list-formulary > http://file.anthem.com/A00438MUESPABS.1.pdf > https://file.anthem.com/A00438MUESPABS.1.pdf,pdf,,,2026-06-30,200,9b08b7911c8312b8377f2e6f4f96cccd4b77de7b8e7a1ec59bf1d3517af17a51,960714,N,static,sitemap|css_selector|url_pattern,0.85,2026-10-06T17:56:08Z,
Elevance / Anthem,,Pennsylvania,Unknown,National Direct Drug List Drug list — Three Tier Drug Plan,drug_list,https://fm.formularynavigator.com/FBO/143/National_Direct_3_Tier_ABCBS.pdf,https://www.anthem.com/co/pharmacy-information/drug-list-formulary,https://www.anthem.com/sitemap.xml > https://www.anthem.com/co/pharmacy-information/drug-list-formulary > https://fm.formularynavigator.com/FBO/143/National_Direct_3_Tier_ABCBS.pdf,pdf,,,,200,d9ba609b3c0bdfc0dd6d6267638edaae801c84f001571f6f8212643ac1e6d866,1334460,N,static,sitemap|css_selector|url_pattern,0.9,2026-10-06T17:56:09Z,
Elevance / Anthem,,Pennsylvania,Unknown,National Direct Drug List Drug list — Four Tier Drug Plan,drug_list,https://fm.formularynavigator.com/FBO/143/National_Direct_4_Tier_ABCBS.pdf,https://www.anthem.com/co/pharmacy-information/drug-list-formulary,https://www.anthem.com/sitemap.xml > https://www.anthem.com/co/pharmacy-information/drug-list-formulary > https://fm.formularynavigator.com/FBO/143/National_Direct_4_Tier_ABCBS.pdf,pdf,,,,200,963a32a10bf9bbf4ac2404d2d9a56d96646dd3033260c1f1100babfd2f7d9ec1,1335638,N,static,sitemap|css_selector|url_pattern,0.9,2026-10-06T17:56:09Z,
Elevance / Anthem,,Alabama,Unknown,Lista Nacional de Medicamentos Lista de medicamentos — Plan de medicamentos de cinco niveles,other,https://fm.formularynavigator.com/FBO/143/National_Drug_List_5_Tier_ABCBS_Spanish.pdf,https://www.anthem.com/co/pharmacy-information/drug-list-formulary,https://www.anthem.com/sitemap.xml > https://www.anthem.com/co/pharmacy-information/drug-list-formulary > https://fm.formularynavigator.com/FBO/143/National_Drug_List_5_Tier_ABCBS_Spanish.pdf,pdf,,,,200,1e3e5fd489ed03f7de58ec50c795988b04d22379273fee4734d08632d176aae9,1163355,N,static,sitemap|css_selector|url_pattern,0.8,2026-10-06T17:56:09Z,
Elevance / Anthem,,Pennsylvania,Unknown,National Direct Plus Drug List Drug list — Three Tier Drug Plan,drug_list,https://fm.formularynavigator.com/FBO/143/National_Direct_Plus_3_Tier_ABCBS.pdf,https://www.anthem.com/co/pharmacy-information/drug-list-formulary,https://www.anthem.com/sitemap.xml > https://www.anthem.com/co/pharmacy-information/drug-list-formulary > https://fm.formularynavigator.com/FBO/143/National_Direct_Plus_3_Tier_ABCBS.pdf,pdf,,,,200,302a37f1185fc3779b3e76421eda89b3d27d3bf586cbc0e1b4b62142261446ae,1312199,N,static,sitemap|css_selector|url_pattern,0.9,2026-10-06T17:56:09Z,
Elevance / Anthem,,Pennsylvania,Unknown,National Direct Drug List Drug list — Five Tier Drug Plan,drug_list,https://fm.formularynavigator.com/FBO/143/National_Direct_5_Tier_ABCBS.pdf,https://www.anthem.com/co/pharmacy-information/drug-list-formulary,https://www.anthem.com/sitemap.xml > https://www.anthem.com/co/pharmacy-information/drug-list-formulary > https://fm.formularynavigator.com/FBO/143/National_Direct_5_Tier_ABCBS.pdf,pdf,,,,200,0b4d28413a78befb8508170b0eeea006c527e8a6b4f63f3bef95cae2ba145cef,1336177,N,static,sitemap|css_selector|url_pattern,0.9,2026-10-06T17:56:10Z,
Elevance / Anthem,,Pennsylvania,Unknown,National Direct Plus Drug List Drug list — Four Tier Drug Plan,drug_list,https://fm.formularynavigator.com/FBO/143/National_Direct_Plus_4_Tier_ABCBS.pdf,https://www.anthem.com/co/pharmacy-information/drug-list-formulary,https://www.anthem.com/sitemap.xml > https://www.anthem.com/co/pharmacy-information/drug-list-formulary > https://fm.formularynavigator.com/FBO/143/National_Direct_Plus_4_Tier_ABCBS.pdf,pdf,,,,200,6fd07f456bd6853be80c5978fa2fa3846a72aba2d734126a76439c48b2749ebf,1334799,N,static,sitemap|css_selector|url_pattern,0.9,2026-10-06T17:56:10Z,
Elevance / Anthem,,Alabama,Unknown,Lista de medicamentos Directo Nacional Plus Medicamentos alternativos,other,https://file.anthem.com/A02818MUESPABS.1.pdf,https://www.anthem.com/co/pharmacy-information/drug-list-formulary,https://www.anthem.com/sitemap.xml > https://www.anthem.com/co/pharmacy-information/drug-list-formulary > http://file.anthem.com/A02818MUESPABS.1.pdf > https://file.anthem.com/A02818MUESPABS.1.pdf,pdf,,,2026-06-30,200,e4f477fe76c266e38924178056f292f9dc23d662bd487cf699737735dd4da973,960634,N,static,sitemap|css_selector|url_pattern,0.85,2026-10-06T17:56:10Z,
Elevance / Anthem,,Unknown,Unknown,National Direct Plus Drug List Medication Alternatives,drug_list,https://file.anthem.com/A02818MUEENABS.1.pdf,https://www.anthem.com/co/pharmacy-information/drug-list-formulary,https://www.anthem.com/sitemap.xml > https://www.anthem.com/co/pharmacy-information/drug-list-formulary > http://file.anthem.com/A02818MUEENABS.1.pdf > https://file.anthem.com/A02818MUEENABS.1.pdf,pdf,,,2026-06-30,200,ea176d10b1bba674d21f216ffde146b58eadce30c2a2c9f7e9c5293c4da24bd7,952632,N,static,sitemap|css_selector|url_pattern,0.95,2026-10-06T17:56:11Z,
Elevance / Anthem,,Alabama,Unknown,Lista Nacional Directa Más de Medicamentos Lista de medicamentos — Plan de medicamentos de tres niveles,other,https://fm.formularynavigator.com/FBO/143/National_Direct_Plus_3_Tier_ABCBS_SP.pdf,https://www.anthem.com/co/pharmacy-information/drug-list-formulary,https://www.anthem.com/sitemap.xml > https://www.anthem.com/co/pharmacy-information/drug-list-formulary > https://fm.formularynavigator.com/FBO/143/National_Direct_Plus_3_Tier_ABCBS_SP.pdf,pdf,,,,200,047facab8ab1bac6f681127f15b9eaa515edf38c15fb29ba6e693db4dbbc055e,1091791,N,static,sitemap|css_selector|url_pattern,0.8,2026-10-06T17:56:11Z,
Elevance / Anthem,,Pennsylvania,Unknown,National Direct Plus Drug List Drug list — Five Tier Drug Plan,drug_list,https://fm.formularynavigator.com/FBO/143/National_Direct_Plus_5_Tier_ABCBS.pdf,https://www.anthem.com/co/pharmacy-information/drug-list-formulary,https://www.anthem.com/sitemap.xml > https://www.anthem.com/co/pharmacy-information/drug-list-formulary > https://fm.formularynavigator.com/FBO/143/National_Direct_Plus_5_Tier_ABCBS.pdf,pdf,,,,200,d1242bc4a0217f17e7cb9e5b477d78473c86368d816b5933d23b2e42e6219cf4,1336993,N,static,sitemap|css_selector|url_pattern,0.9,2026-10-06T17:56:11Z,
Elevance / Anthem,,Alabama,Unknown,Lista Nacional Directa de Medicamentos Lista de medicamentos — Plan de medicamentos de cuatro niveles,other,https://fm.formularynavigator.com/FBO/143/National_Direct_4_Tier_ABCBS_Spanish.pdf,https://www.anthem.com/co/pharmacy-information/drug-list-formulary,https://www.anthem.com/sitemap.xml > https://www.anthem.com/co/pharmacy-information/drug-list-formulary > https://fm.formularynavigator.com/FBO/143/National_Direct_4_Tier_ABCBS_Spanish.pdf,pdf,,,,200,36980360d9e98d4c5f566ff27bd9781899c7c31e0cd385f0fb33fc8c15cd759b,1097151,N,static,sitemap|css_selector|url_pattern,0.8,2026-10-06T17:56:12Z,
Elevance / Anthem,,Alabama,Unknown,Lista Nacional Directa de Medicamentos Lista de medicamentos — Plan de medicamentos de cinco niveles,other,https://fm.formularynavigator.com/FBO/143/National_Direct_5_Tier_ABCBS_Spanish.pdf,https://www.anthem.com/co/pharmacy-information/drug-list-formulary,https://www.anthem.com/sitemap.xml > https://www.anthem.com/co/pharmacy-information/drug-list-formulary > https://fm.formularynavigator.com/FBO/143/National_Direct_5_Tier_ABCBS_Spanish.pdf,pdf,,,,200,aeb528f772c8eb3ad64f27a937817e631eeccebe8590720a5fe89f24b7e9ccb3,1148498,N,static,sitemap|css_selector|url_pattern,0.8,2026-10-06T17:56:12Z,
Elevance / Anthem,,Alabama,Unknown,Lista Nacional Directa Más de Medicamentos Lista de medicamentos — Plan de medicamentos de cuatro niveles,other,https://fm.formularynavigator.com/FBO/143/National_Direct_Plus_4_Tier_ABCBS_SP.pdf,https://www.anthem.com/co/pharmacy-information/drug-list-formulary,https://www.anthem.com/sitemap.xml > https://www.anthem.com/co/pharmacy-information/drug-list-formulary > https://fm.formularynavigator.com/FBO/143/National_Direct_Plus_4_Tier_ABCBS_SP.pdf,pdf,,,,200,3773cb0a0d5102e0fc94f955631b1f1b972796a2d91943dcd98d5e07f3bf3d66,1096599,N,static,sitemap|css_selector|url_pattern,0.8,2026-10-06T17:56:12Z,
Elevance / Anthem,,Pennsylvania,Unknown,Essential Direct Drug List Drug list — Four Tier Drug Plan,drug_list,https://fm.formularynavigator.com/FBO/143/Essential_Direct_4_Tier_ABCBS.pdf,https://www.anthem.com/co/pharmacy-information/drug-list-formulary,https://www.anthem.com/sitemap.xml > https://www.anthem.com/co/pharmacy-information/drug-list-formulary > https://fm.formularynavigator.com/FBO/143/Essential_Direct_4_Tier_ABCBS.pdf,pdf,,,,200,b3f0169630194e3e0e6dcb43b980abfc6d929856e416a4bb71a1c51fcfbd6ac3,1131613,N,static,sitemap|css_selector|url_pattern,0.9,2026-10-06T17:56:13Z,
Elevance / Anthem,,Pennsylvania,Unknown,Essential Direct Drug List Drug list — Three Tier Drug Plan,drug_list,https://fm.formularynavigator.com/FBO/143/Essential_Direct_3_Tier_ABCBS.pdf,https://www.anthem.com/co/pharmacy-information/drug-list-formulary,https://www.anthem.com/sitemap.xml > https://www.anthem.com/co/pharmacy-information/drug-list-formulary > https://fm.formularynavigator.com/FBO/143/Essential_Direct_3_Tier_ABCBS.pdf,pdf,,,,200,53bab27ef963088716ebf1425566d67aa75081cb9e39e68f7c37ee2a792a4ddb,966322,N,static,sitemap|css_selector|url_pattern,0.9,2026-10-06T17:56:13Z,
Elevance / Anthem,,Alabama,Unknown,Lista Nacional de Medicamentos Preferidos Directos Medicamentos alternativos,other,https://file.anthem.com/A03085MUESPABS.pdf,https://www.anthem.com/co/pharmacy-information/drug-list-formulary,https://www.anthem.com/sitemap.xml > https://www.anthem.com/co/pharmacy-information/drug-list-formulary > http://file.anthem.com/A03085MUESPABS.pdf > https://file.anthem.com/A03085MUESPABS.pdf,pdf,,,2026-06-30,200,07a7a97ea42ada88046b7cd55bd132f3705f4078b5d5bb8914573cd61accf556,962240,N,static,sitemap|css_selector|url_pattern,0.85,2026-10-06T17:56:13Z,
Elevance / Anthem,,Unknown,Unknown,National Direct Preferred Drug List Medication Alternatives,drug_list,https://file.anthem.com/A03085MUEENABS.pdf,https://www.anthem.com/co/pharmacy-information/drug-list-formulary,https://www.anthem.com/sitemap.xml > https://www.anthem.com/co/pharmacy-information/drug-list-formulary > http://file.anthem.com/A03085MUEENABS.pdf > https://file.anthem.com/A03085MUEENABS.pdf,pdf,,,2026-06-30,200,89a266148a7b9e058d9f56713705f97b5e2b315e20e56203823f1e8412bbf0ab,953902,N,static,sitemap|css_selector|url_pattern,0.95,2026-10-06T17:56:13Z,
Elevance / Anthem,,Alabama,Unknown,Lista Nacional Directa Más de Medicamentos Lista de medicamentos — Plan de medicamentos de cinco niveles,other,https://fm.formularynavigator.com/FBO/143/National_Direct_Plus_5_Tier_ABCBS_SP.pdf,https://www.anthem.com/co/pharmacy-information/drug-list-formulary,https://www.anthem.com/sitemap.xml > https://www.anthem.com/co/pharmacy-information/drug-list-formulary > https://fm.formularynavigator.com/FBO/143/National_Direct_Plus_5_Tier_ABCBS_SP.pdf,pdf,,,,200,2d21a0678398a724ea0f5c53bcc51a45c165be6cc854248923dc16f684c5ce22,1148279,N,static,sitemap|css_selector|url_pattern,0.8,2026-10-06T17:56:13Z,
Elevance / Anthem,,Pennsylvania,Unknown,National Direct Preferred Drug List Drug list — Three Tier Drug Plan,drug_list,https://fm.formularynavigator.com/FBO/143/National_Direct_Preferred_3_Tier_ABCBS.pdf,https://www.anthem.com/co/pharmacy-information/drug-list-formulary,https://www.anthem.com/sitemap.xml > https://www.anthem.com/co/pharmacy-information/drug-list-formulary > https://fm.formularynavigator.com/FBO/143/National_Direct_Preferred_3_Tier_ABCBS.pdf,pdf,,,,200,937327fde11cee0c5cb0acefecc426f4b1eab340f3a5d07e4757883f212ba394,1139288,N,static,sitemap|css_selector|url_pattern,0.9,2026-10-06T17:56:13Z,
Elevance / Anthem,,Pennsylvania,Unknown,National Direct Preferred Drug List Drug list — Four Tier Drug Plan,drug_list,https://fm.formularynavigator.com/FBO/143/National_Direct_Preferred_4_Tier_ABCBS.pdf,https://www.anthem.com/co/pharmacy-information/drug-list-formulary,https://www.anthem.com/sitemap.xml > https://www.anthem.com/co/pharmacy-information/drug-list-formulary > https://fm.formularynavigator.com/FBO/143/National_Direct_Preferred_4_Tier_ABCBS.pdf,pdf,,,,200,368b6ff234b69374169aa15c92f94d61e95df747d09831b447c897f317969fee,1252887,N,static,sitemap|css_selector|url_pattern,0.9,2026-10-06T17:56:14Z,
Elevance / Anthem,,Pennsylvania,Unknown,Traditional Drug List Drug list — Four Tier Drug Plan,drug_list,https://fm.formularynavigator.com/FBO/143/Traditional_Open_4_Tier_ABCBS.pdf,https://www.anthem.com/co/pharmacy-information/drug-list-formulary,https://www.anthem.com/sitemap.xml > https://www.anthem.com/co/pharmacy-information/drug-list-formulary > https://fm.formularynavigator.com/FBO/143/Traditional_Open_4_Tier_ABCBS.pdf,pdf,,,,200,7cedadfa5e30daade73c7897efbf947a5d55fbc25831b26eed849ec960132a46,1587131,N,static,sitemap|css_selector|url_pattern,0.9,2026-10-06T17:56:14Z,
Elevance / Anthem,,Alabama,Unknown,Lista Nacional de Medicamentos Preferidos Directos,other,https://fm.formularynavigator.com/FBO/143/National_Direct_Preferred_4_Tier_ABCBS_Spanish.pdf,https://www.anthem.com/co/pharmacy-information/drug-list-formulary,https://www.anthem.com/sitemap.xml > https://www.anthem.com/co/pharmacy-information/drug-list-formulary > https://fm.formularynavigator.com/FBO/143/National_Direct_Preferred_4_Tier_ABCBS_Spanish.pdf,pdf,,,,200,51266a7a0818a9ae939a09fd563d3d44ef39cd81dd42a031dc7c3410ab760641,1060432,N,static,sitemap|css_selector|url_pattern,0.8,2026-10-06T17:56:14Z,
Elevance / Anthem,,Alabama,Unknown,Lista Nacional Directa de Medicamentos Lista de medicamentos — Plan de medicamentos de tres niveles,other,https://fm.formularynavigator.com/FBO/143/National_Direct_3_Tier_ABCBS_Spanish.pdf,https://www.anthem.com/co/pharmacy-information/drug-list-formulary,https://www.anthem.com/sitemap.xml > https://www.anthem.com/co/pharmacy-information/drug-list-formulary > https://fm.formularynavigator.com/FBO/143/National_Direct_3_Tier_ABCBS_Spanish.pdf,pdf,,,,200,a4954133f4abac274efcfa91bab92135b637774ca94f8c3985531e4c0417e2fe,1077774,N,static,sitemap|css_selector|url_pattern,0.8,2026-10-06T17:56:15Z,
Elevance / Anthem,,Alabama,Unknown,Lista Nacional de Medicamentos Preferidos Directos,other,https://fm.formularynavigator.com/FBO/143/National_Direct_Preferred_3_Tier_ABCBS_Spanish.pdf,https://www.anthem.com/co/pharmacy-information/drug-list-formulary,https://www.anthem.com/sitemap.xml > https://www.anthem.com/co/pharmacy-information/drug-list-formulary > https://fm.formularynavigator.com/FBO/143/National_Direct_Preferred_3_Tier_ABCBS_Spanish.pdf,pdf,,,,200,c895f3d519fc79dbabe869ca8e6c8de196a3bed705988fdf5882ffbbf56e1aaa,902272,N,static,sitemap|css_selector|url_pattern,0.8,2026-10-06T17:56:15Z,
Elevance / Anthem,,Alabama,Unknown,Lista abierta de medicamentos tradicional Lista de medicamentos — Plan de medicamentos de cuatro niveles,other,https://fm.formularynavigator.com/FBO/143/Traditional_Open_Drug_List_4_Tier_ABCBS_Spanish.pdf,https://www.anthem.com/co/pharmacy-information/drug-list-formulary,https://www.anthem.com/sitemap.xml > https://www.anthem.com/co/pharmacy-information/drug-list-formulary > https://fm.formularynavigator.com/FBO/143/Traditional_Open_Drug_List_4_Tier_ABCBS_Spanish.pdf,pdf,,,,200,f1b94288985864800392c9439b34344929e982fadcd6df3e42e6078215facb47,1361072,N,static,sitemap|css_selector|url_pattern,0.8,2026-10-06T17:56:15Z,
Elevance / Anthem,,Alabama,Unknown,Lista abierta de medicamentos tradicional Lista de medicamentos — Plan de medicamentos de cinco niveles,other,https://fm.formularynavigator.com/FBO/143/Traditional_Open_Drug_List_5_Tier_ABCBS_Spanish.pdf,https://www.anthem.com/co/pharmacy-information/drug-list-formulary,https://www.anthem.com/sitemap.xml > https://www.anthem.com/co/pharmacy-information/drug-list-formulary > https://fm.formularynavigator.com/FBO/143/Traditional_Open_Drug_List_5_Tier_ABCBS_Spanish.pdf,pdf,,,,200,a42a223cfe4fa9f38172aeff429513f16996c2740cb8b6f4dc2b94e83f5d5b7e,1406307,N,static,sitemap|css_selector|url_pattern,0.8,2026-10-06T17:56:15Z,
Elevance / Anthem,,Alabama,Unknown,Lista de medicamentos seleccionados Lista de medicamentos — Plan de medicamentos de cuatro niveles,other,https://fm.formularynavigator.com/FBO/143/2026_Select_4_Tier_CO_IND_SP.pdf,https://www.anthem.com/co/pharmacy-information/drug-list-formulary,https://www.anthem.com/sitemap.xml > https://www.anthem.com/co/pharmacy-information/drug-list-formulary > https://fm.formularynavigator.com/FBO/143/2026_Select_4_Tier_CO_IND_SP.pdf,pdf,,,,200,e5160c4aeda139aa1e9b4d97a249b9e27f8b2994a45410512f93712d56491cce,689455,N,static,sitemap|css_selector|url_pattern,0.8,2026-10-06T17:56:16Z,
Elevance / Anthem,,Pennsylvania,Unknown,Select Drug List Drug list — Four Tier Drug Plan,drug_list,https://fm.formularynavigator.com/FBO/143/2025_Select_4_Tier_CO_IND.pdf,https://www.anthem.com/co/pharmacy-information/drug-list-formulary,https://www.anthem.com/sitemap.xml > https://www.anthem.com/co/pharmacy-information/drug-list-formulary > https://fm.formularynavigator.com/FBO/143/2025_Select_4_Tier_CO_IND.pdf,pdf,,,,200,7be46b18b30013ef972f83949e85968fce4caa3d8092f03e04e52fc2ef57902c,813919,N,static,sitemap|css_selector|url_pattern,0.9,2026-10-06T17:56:16Z,
Elevance / Anthem,,Alabama,Unknown,Lista de medicamentos seleccionados Lista de medicamentos — Plan de medicamentos de cuatro niveles,other,https://fm.formularynavigator.com/FBO/143/2025_Select_4_Tier_CO_IND_SP.pdf,https://www.anthem.com/co/pharmacy-information/drug-list-formulary,https://www.anthem.com/sitemap.xml > https://www.anthem.com/co/pharmacy-information/drug-list-formulary > https://fm.formularynavigator.com/FBO/143/2025_Select_4_Tier_CO_IND_SP.pdf,pdf,,,,200,35dfbc2b60d5cafa277c735fe6a126eaf8892104df715a5626c942ef5802083c,703832,N,static,sitemap|css_selector|url_pattern,0.8,2026-10-06T17:56:17Z,
Elevance / Anthem,,Colorado,Unknown,Covered Diabetic Supplies for Colorado Option Plan Members Only $0 Cost Diabetic Supplies List,pa_list,https://www.anthem.com/content/dam/digital/docs/global/covered-diabetic-supplies-for-colorado-option-plan.pdf,https://www.anthem.com/co/pharmacy-information/drug-list-formulary,https://www.anthem.com/sitemap.xml > https://www.anthem.com/co/pharmacy-information/drug-list-formulary > https://www.anthem.com/content/dam/digital/docs/global/covered-diabetic-supplies-for-colorado-option-plan.pdf,pdf,,,2026-10-01,200,f22a5c2dba6f07629ddf7ec9db7e82c273d9928967cb4392c123e5d12b79483f,71641,N,static,sitemap|css_selector|url_pattern,0.95,2026-10-06T17:56:17Z,
Elevance / Anthem,,Pennsylvania,Unknown,Traditional Drug List Drug list — Five Tier Drug Plan,drug_list,https://fm.formularynavigator.com/FBO/143/Traditional_Open_5_Tier_ABCBS.pdf,https://www.anthem.com/co/pharmacy-information/drug-list-formulary,https://www.anthem.com/sitemap.xml > https://www.anthem.com/co/pharmacy-information/drug-list-formulary > https://fm.formularynavigator.com/FBO/143/Traditional_Open_5_Tier_ABCBS.pdf,pdf,,,,200,7c85675bca398cc5f2bcf150d55c65682612bae6be7898d5bbcc4436cde9e340,1580342,N,static,sitemap|css_selector|url_pattern,0.9,2026-10-06T17:56:17Z,
Elevance / Anthem,,Colorado,Unknown,Anthem $0 Select Drug List: Anthem Plan (for Individual ACA plans only),drug_list,https://file.anthem.com/A00772MUMENABS.pdf,https://www.anthem.com/co/pharmacy-information/drug-list-formulary,https://www.anthem.com/sitemap.xml > https://www.anthem.com/co/pharmacy-information/drug-list-formulary > http://file.anthem.com/A00772MUMENABS.pdf > https://file.anthem.com/A00772MUMENABS.pdf,pdf,,,2026-06-23,200,e7e1051a0c61efe01408490f841d832b031944545d7e4983794f289935858de6,470279,N,static,sitemap|css_selector|url_pattern,0.95,2026-10-06T17:56:17Z,
Elevance / Anthem,,Pennsylvania,Unknown,Select Drug List Drug list — Five Tier Drug Plan,drug_list,https://fm.formularynavigator.com/FBO/143/2027_Select_5_Tier_CO_IND.pdf,https://www.anthem.com/co/pharmacy-information/drug-list-formulary,https://www.anthem.com/sitemap.xml > https://www.anthem.com/co/pharmacy-information/drug-list-formulary > https://fm.formularynavigator.com/FBO/143/2027_Select_5_Tier_CO_IND.pdf,pdf,,,,200,1c9c04734c0482e519cb2b7b139ea3f0908fd96be359e9f4f634fa88a5bd569f,1085022,N,static,sitemap|css_selector|url_pattern,0.9,2026-10-06T17:56:18Z,
Elevance / Anthem,,Pennsylvania,Unknown,Traditional Drug List Drug list — Three Tier Drug Plan,drug_list,https://fm.formularynavigator.com/FBO/143/Traditional_Open_3_Tier_ABCBS.pdf,https://www.anthem.com/co/pharmacy-information/drug-list-formulary,https://www.anthem.com/sitemap.xml > https://www.anthem.com/co/pharmacy-information/drug-list-formulary > https://fm.formularynavigator.com/FBO/143/Traditional_Open_3_Tier_ABCBS.pdf,pdf,,,,200,6adde74f8e9a6e23f3c6a0655d15f3ee49ae7465d781546d23de44fed24d7c8e,1614275,N,static,sitemap|css_selector|url_pattern,0.9,2026-10-06T17:56:18Z,
Elevance / Anthem,,Pennsylvania,Unknown,Select Drug List Drug list — Five Tier Drug Plan,drug_list,https://fm.formularynavigator.com/FBO/143/2027_Select_5_Tier_CO_SG.pdf,https://www.anthem.com/co/pharmacy-information/drug-list-formulary,https://www.anthem.com/sitemap.xml > https://www.anthem.com/co/pharmacy-information/drug-list-formulary > https://fm.formularynavigator.com/FBO/143/2027_Select_5_Tier_CO_SG.pdf,pdf,,,,200,690b2acd18f3e2fce70aa07f9de4ce14972e398d7a4a9cfd1088b2f20d155dce,1094370,N,static,sitemap|css_selector|url_pattern,0.9,2026-10-06T17:56:19Z,
Elevance / Anthem,,Pennsylvania,Unknown,Select Drug List Drug list — Four Tier Drug Plan,drug_list,https://fm.formularynavigator.com/FBO/143/2026_Select_4_Tier_CO_SG_Split.pdf,https://www.anthem.com/co/pharmacy-information/drug-list-formulary,https://www.anthem.com/sitemap.xml > https://www.anthem.com/co/pharmacy-information/drug-list-formulary > https://fm.formularynavigator.com/FBO/143/2026_Select_4_Tier_CO_SG_Split.pdf,pdf,,,,200,33d69536b61105f8ff69f1902470c4f79b5776a05df4a5511716c31624b69a40,784648,N,static,sitemap|css_selector|url_pattern,0.9,2026-10-06T17:56:20Z,
Elevance / Anthem,,Pennsylvania,Unknown,Select Drug List Drug list — Four Tier Drug Plan,drug_list,https://fm.formularynavigator.com/FBO/143/2026_Select_4_Tier_CO_IND.pdf,https://www.anthem.com/co/pharmacy-information/drug-list-formulary,https://www.anthem.com/sitemap.xml > https://www.anthem.com/co/pharmacy-information/drug-list-formulary > https://fm.formularynavigator.com/FBO/143/2026_Select_4_Tier_CO_IND.pdf,pdf,,,,200,b72bf51001fb3a4eb232d6e45e6682677988897ddb56016c4bae7c0031c71cb6,777352,N,static,sitemap|css_selector|url_pattern,0.9,2026-10-06T17:56:20Z,
Elevance / Anthem,,Alabama,Unknown,Lista de medicamentos Seleccionados Lista de medicamentos — Plan de medicamentos de cuatro niveles,other,https://fm.formularynavigator.com/FBO/143/2026_Select_4_Tier_CO_SG_Split_SP.pdf,https://www.anthem.com/co/pharmacy-information/drug-list-formulary,https://www.anthem.com/sitemap.xml > https://www.anthem.com/co/pharmacy-information/drug-list-formulary > https://fm.formularynavigator.com/FBO/143/2026_Select_4_Tier_CO_SG_Split_SP.pdf,pdf,,,,200,5cb3de1da3f77338a61bb906e646e3dc5e93927a82035b1896831964fe0cc747,694235,N,static,sitemap|css_selector|url_pattern,0.8,2026-10-06T17:56:20Z,
Elevance / Anthem,,Alabama,Unknown,Lista de medicamentos Seleccionados Lista de medicamentos — Plan de medicamentos de cuatro niveles,other,https://fm.formularynavigator.com/FBO/143/2026_Select_4_Tier_CO_SG_SP.pdf,https://www.anthem.com/co/pharmacy-information/drug-list-formulary,https://www.anthem.com/sitemap.xml > https://www.anthem.com/co/pharmacy-information/drug-list-formulary > https://fm.formularynavigator.com/FBO/143/2026_Select_4_Tier_CO_SG_SP.pdf,pdf,,,,200,217121affaf448f32128d58f77118a0f594d6439d06fb4794d1e4fc6229bfe7d,686272,N,static,sitemap|css_selector|url_pattern,0.8,2026-10-06T17:56:20Z,
Elevance / Anthem,,Pennsylvania,Unknown,Select Drug List Drug list — Four Tier Drug Plan,drug_list,https://fm.formularynavigator.com/FBO/143/2026_Select_4_Tier_CO_SG.pdf,https://www.anthem.com/co/pharmacy-information/drug-list-formulary,https://www.anthem.com/sitemap.xml > https://www.anthem.com/co/pharmacy-information/drug-list-formulary > https://fm.formularynavigator.com/FBO/143/2026_Select_4_Tier_CO_SG.pdf,pdf,,,,200,59e274eb3fad2a41bdc2abd1f795592ee38b811170aad4c71f658294b64c66d5,748611,N,static,sitemap|css_selector|url_pattern,0.9,2026-10-06T17:56:20Z,
Elevance / Anthem,,Alabama,Unknown,Lista de medicamentos seleccionados Lista de medicamentos — Plan de medicamentos de cinco niveles,other,https://fm.formularynavigator.com/FBO/143/2027_Select_5_Tier_CO_SG_SP.pdf,https://www.anthem.com/co/pharmacy-information/drug-list-formulary,https://www.anthem.com/sitemap.xml > https://www.anthem.com/co/pharmacy-information/drug-list-formulary > https://fm.formularynavigator.com/FBO/143/2027_Select_5_Tier_CO_SG_SP.pdf,pdf,,,,200,f4da8e2655838315c1560ddf8509326dce995304edc4a649e805fcbf6a9bd3fc,1137194,N,static,sitemap|css_selector|url_pattern,0.8,2026-10-06T17:56:21Z,
Elevance / Anthem,,Pennsylvania,Unknown,Select Drug List Drug list — Four Tier Drug Plan,drug_list,https://fm.formularynavigator.com/FBO/143/2025_Select_4_Tier_CO_SG_Split_.pdf,https://www.anthem.com/co/pharmacy-information/drug-list-formulary,https://www.anthem.com/sitemap.xml > https://www.anthem.com/co/pharmacy-information/drug-list-formulary > https://fm.formularynavigator.com/FBO/143/2025_Select_4_Tier_CO_SG_Split_.pdf,pdf,,,,200,66562a6357f3c2dddca34383b9dbac5a1c4f26eb340668c245eaab7c4961044b,992325,N,static,sitemap|css_selector|url_pattern,0.9,2026-10-06T17:56:21Z,
Elevance / Anthem,,Alabama,Unknown,Lista abierta de medicamentos tradicional Lista de medicamentos — Plan de medicamentos de tres niveles,other,https://fm.formularynavigator.com/FBO/143/Traditional_Open_Drug_List_3_Tier_ABCBS_Spanish.pdf,https://www.anthem.com/co/pharmacy-information/drug-list-formulary,https://www.anthem.com/sitemap.xml > https://www.anthem.com/co/pharmacy-information/drug-list-formulary > https://fm.formularynavigator.com/FBO/143/Traditional_Open_Drug_List_3_Tier_ABCBS_Spanish.pdf,pdf,,,,200,fdad4e437fe04e2ae316e2eec4b37e2bc50fb7790a9a78786f9c5714446fc5f1,1350701,N,static,sitemap|css_selector|url_pattern,0.8,2026-10-06T17:56:21Z,
Elevance / Anthem,,Alabama,Unknown,PreventiveRx Lista de medicamentos Plan Básico Plus (Lista de medicamentos esenciales),other,https://file.anthem.com/A03116ANMSPABS.pdf,https://www.anthem.com/co/pharmacy-information/drug-list-formulary,https://www.anthem.com/sitemap.xml > https://www.anthem.com/co/pharmacy-information/drug-list-formulary > http://file.anthem.com/A03116ANMSPABS.pdf > https://file.anthem.com/A03116ANMSPABS.pdf,pdf,,,2026-06-29,200,35ea9fad88e8b088e11cc0f5df255015e1f988e51a7d42dd1a80b2491e606818,497760,N,static,sitemap|css_selector|url_pattern,0.85,2026-10-06T17:56:22Z,
Elevance / Anthem,,Colorado,Unknown,PreventiveRx Drug List Basic Plus Plan (Essential Drug List),drug_list,https://file.anthem.com/A03116ANMENABS.pdf,https://www.anthem.com/co/pharmacy-information/drug-list-formulary,https://www.anthem.com/sitemap.xml > https://www.anthem.com/co/pharmacy-information/drug-list-formulary > http://file.anthem.com/A03116ANMENABS.pdf > https://file.anthem.com/A03116ANMENABS.pdf,pdf,,,2026-06-29,200,ca3152f69bc029c17116c22df628615ae1b7ae79f34331274c470599dacc582b,496283,N,static,sitemap|css_selector|url_pattern,0.95,2026-10-06T17:56:22Z,
Elevance / Anthem,,Unknown,Unknown,PreventiveRx Plus Drug List PreventiveRx Plus Plan (Essential),drug_list,https://file.anthem.com/04386MUMENABS-1.1.pdf,https://www.anthem.com/co/pharmacy-information/drug-list-formulary,https://www.anthem.com/sitemap.xml > https://www.anthem.com/co/pharmacy-information/drug-list-formulary > http://file.anthem.com/04386MUMENABS-1.1.pdf > https://file.anthem.com/04386MUMENABS-1.1.pdf,pdf,,,2026-06-30,200,92a5f4a7206ed065129d48fe4fbd3a9e02cda0f2fd00591bc004df855a069e78,511610,N,static,sitemap|css_selector|url_pattern,0.95,2026-10-06T17:56:22Z,
Elevance / Anthem,,Pennsylvania,Unknown,Select Drug List Drug list — Four Tier Drug Plan,drug_list,https://fm.formularynavigator.com/FBO/143/2025_Select_4_Tier_CO_SG.pdf,https://www.anthem.com/co/pharmacy-information/drug-list-formulary,https://www.anthem.com/sitemap.xml > https://www.anthem.com/co/pharmacy-information/drug-list-formulary > https://fm.formularynavigator.com/FBO/143/2025_Select_4_Tier_CO_SG.pdf,pdf,,,,200,6717c7d2e3f3b9a284d6c177a728e1f70795759398dad696a31113ae92c76359,971525,N,static,sitemap|css_selector|url_pattern,0.9,2026-10-06T17:56:22Z,
Elevance / Anthem,,Alabama,Unknown,Lista de medicamentos seleccionados Lista de medicamentos — Plan de medicamentos de cuatro niveles,other,https://fm.formularynavigator.com/FBO/143/2025_Select_4_Tier_CO_SG_Split_SP.pdf,https://www.anthem.com/co/pharmacy-information/drug-list-formulary,https://www.anthem.com/sitemap.xml > https://www.anthem.com/co/pharmacy-information/drug-list-formulary > https://fm.formularynavigator.com/FBO/143/2025_Select_4_Tier_CO_SG_Split_SP.pdf,pdf,,,,200,5512c1e079cfb7c14c1c9d12bc7a89fcdd6f76ed04a847e155597b2293ebd39a,719785,N,static,sitemap|css_selector|url_pattern,0.8,2026-10-06T17:56:22Z,
Elevance / Anthem,,Alabama,Unknown,Lista de medicamentos Seleccionados Lista de medicamentos — Plan de medicamentos de cuatro niveles,other,https://fm.formularynavigator.com/FBO/143/2025_Select_4_Tier_CO_SG_SP.pdf,https://www.anthem.com/co/pharmacy-information/drug-list-formulary,https://www.anthem.com/sitemap.xml > https://www.anthem.com/co/pharmacy-information/drug-list-formulary > https://fm.formularynavigator.com/FBO/143/2025_Select_4_Tier_CO_SG_SP.pdf,pdf,,,,200,54b4202c1545e2789f612732ed111c9709f7e458c63acedac319783f4d293a77,716276,N,static,sitemap|css_selector|url_pattern,0.8,2026-10-06T17:56:22Z,
Elevance / Anthem,,Alabama,Unknown,PreventiveRx Plus Lista de medicamentos PreventiveRx Plus Plan (Essential),other,https://file.anthem.com/04386MUMSPABS-1.1.pdf,https://www.anthem.com/co/pharmacy-information/drug-list-formulary,https://www.anthem.com/sitemap.xml > https://www.anthem.com/co/pharmacy-information/drug-list-formulary > http://file.anthem.com/04386MUMSPABS-1.1.pdf > https://file.anthem.com/04386MUMSPABS-1.1.pdf,pdf,,,2026-06-30,200,8e8c192f6a7ab08cfbbc87337862ef30fa1b69294e5117acc0f076be9e06e40e,512201,N,static,sitemap|css_selector|url_pattern,0.85,2026-10-06T17:56:23Z,
Elevance / Anthem,,Alabama,Unknown,Lista de medicamentos seleccionados Lista de medicamentos — Plan de medicamentos de cinco niveles,other,https://fm.formularynavigator.com/FBO/143/2027_Select_5_Tier_CO_IND_SP.pdf,https://www.anthem.com/co/pharmacy-information/drug-list-formulary,https://www.anthem.com/sitemap.xml > https://www.anthem.com/co/pharmacy-information/drug-list-formulary > https://fm.formularynavigator.com/FBO/143/2027_Select_5_Tier_CO_IND_SP.pdf,pdf,,,,200,767ffdd404f6fd52c5a4178206dd21607c857623586f91aa0b98f90c2926ac51,1122053,N,static,sitemap|css_selector|url_pattern,0.8,2026-10-06T17:56:23Z,
Elevance / Anthem,,Unknown,Unknown,PreventiveRx Lista de medicamentos Plan Legacy PreventiveRx Plus (Esencial),other,https://file.anthem.com/04386MUMSPABS-HN1.1.pdf,https://www.anthem.com/co/pharmacy-information/drug-list-formulary,https://www.anthem.com/sitemap.xml > https://www.anthem.com/co/pharmacy-information/drug-list-formulary > http://file.anthem.com/04386MUMSPABS-HN1.1.pdf > https://file.anthem.com/04386MUMSPABS-HN1.1.pdf,pdf,,,2026-05-14,200,c6794c41c72cec54de42fab4ad237b1ffaff215b6b549de3c2aece612adc2cd8,451276,N,static,sitemap|css_selector|url_pattern,0.85,2026-10-06T17:56:23Z,
Elevance / Anthem,,Unknown,Unknown,PreventiveRx Enhanced Drug List Enhanced Plan (Essential Drug List),drug_list,https://file.anthem.com/A00527ANMENABS.1.pdf,https://www.anthem.com/co/pharmacy-information/drug-list-formulary,https://www.anthem.com/sitemap.xml > https://www.anthem.com/co/pharmacy-information/drug-list-formulary > http://file.anthem.com/A00527ANMENABS.1.pdf > https://file.anthem.com/A00527ANMENABS.1.pdf,pdf,,,2026-04-17,200,478bf5243361e039744127658bba8fb4fbfb4d52308c90865bc20b87e680a52c,450881,N,static,sitemap|css_selector|url_pattern,0.95,2026-10-06T17:56:23Z,
Elevance / Anthem,,Unknown,Unknown,PreventiveRx Drug List Legacy PreventiveRx Plus Plan (Essential),drug_list,https://file.anthem.com/04386MUMENABS-HN1.1.pdf,https://www.anthem.com/co/pharmacy-information/drug-list-formulary,https://www.anthem.com/sitemap.xml > https://www.anthem.com/co/pharmacy-information/drug-list-formulary > http://file.anthem.com/04386MUMENABS-HN1.1.pdf > https://file.anthem.com/04386MUMENABS-HN1.1.pdf,pdf,,,2026-05-14,200,42dc4f0cf233e24fc083866b00f5c2ccb4b90cd0f76987a1d7c3168b4d9de832,446892,N,static,sitemap|css_selector|url_pattern,0.95,2026-10-06T17:56:23Z,
Elevance / Anthem,,Colorado,Unknown,PreventiveRx Enhanced Drug List Basic Plus Plan (Essential Direct Drug List),drug_list,https://file.anthem.com/A03119ANMENABS.pdf,https://www.anthem.com/co/pharmacy-information/drug-list-formulary,https://www.anthem.com/sitemap.xml > https://www.anthem.com/co/pharmacy-information/drug-list-formulary > http://file.anthem.com/A03119ANMENABS.pdf > https://file.anthem.com/A03119ANMENABS.pdf,pdf,,,2026-06-29,200,fbfc24b695447c1fd47d663dfc96d7845a9d564c5c220d3d38732037af32dca2,496666,N,static,sitemap|css_selector|url_pattern,0.95,2026-10-06T17:56:24Z,
Elevance / Anthem,,Unknown,Unknown,PreventiveRx Enhanced Lista de medicamentos Plan mejorado (Lista de medicamentos esenciales),other,https://file.anthem.com/A00527ANMSPABS.1.pdf,https://www.anthem.com/co/pharmacy-information/drug-list-formulary,https://www.anthem.com/sitemap.xml > https://www.anthem.com/co/pharmacy-information/drug-list-formulary > http://file.anthem.com/A00527ANMSPABS.1.pdf > https://file.anthem.com/A00527ANMSPABS.1.pdf,pdf,,,2026-04-17,200,3a5faa4d13c84d7e6741e363646887adf4417acb6650c0921aa547df1ef970fb,454328,N,static,sitemap|css_selector|url_pattern,0.85,2026-10-06T17:56:24Z,
Elevance / Anthem,,Alabama,Unknown,PreventiveRx Enhanced Lista de medicamentos Plan Básico Plus (Lista de medicamentos directos esenciales),other,https://file.anthem.com/A03119ANMSPABS.pdf,https://www.anthem.com/co/pharmacy-information/drug-list-formulary,https://www.anthem.com/sitemap.xml > https://www.anthem.com/co/pharmacy-information/drug-list-formulary > http://file.anthem.com/A03119ANMSPABS.pdf > https://file.anthem.com/A03119ANMSPABS.pdf,pdf,,,2026-06-29,200,49c58d1dec1af68941a2d4e3e3aaa8228e30734f1fc9939643211f67a1a297f6,497553,N,static,sitemap|css_selector|url_pattern,0.85,2026-10-06T17:56:24Z,
Elevance / Anthem,,Colorado,Unknown,PreventiveRx Plus Drug List PreventiveRx Plus Plan (Essential Direct),drug_list,https://file.anthem.com/A03087MUMENABS.pdf,https://www.anthem.com/co/pharmacy-information/drug-list-formulary,https://www.anthem.com/sitemap.xml > https://www.anthem.com/co/pharmacy-information/drug-list-formulary > http://file.anthem.com/A03087MUMENABS.pdf > https://file.anthem.com/A03087MUMENABS.pdf,pdf,,,2026-06-30,200,03b8a03f43c0ff8c8a318b6e284c114ea1a4fd73249146ab9d7bdfe2945357a6,509770,N,static,sitemap|css_selector|url_pattern,0.95,2026-10-06T17:56:24Z,
Elevance / Anthem,,Colorado,Unknown,PreventiveRx Drug List Basic Plus Plan (National Drug List),drug_list,https://file.anthem.com/A03117ANMENABS.pdf,https://www.anthem.com/co/pharmacy-information/drug-list-formulary,https://www.anthem.com/sitemap.xml > https://www.anthem.com/co/pharmacy-information/drug-list-formulary > http://file.anthem.com/A03117ANMENABS.pdf > https://file.anthem.com/A03117ANMENABS.pdf,pdf,,,2026-06-30,200,1ec440ec6511d5d462d9c807d30b5e5afe7261e0e0a96853ef1b4ebfaefe4389,497789,N,static,sitemap|css_selector|url_pattern,0.95,2026-10-06T17:56:25Z,
Elevance / Anthem,,Unknown,Unknown,PreventiveRx Enhanced Drug List Enhanced Plan (Essential Direct Drug List),drug_list,https://file.anthem.com/A03093ANMENABS.pdf,https://www.anthem.com/co/pharmacy-information/drug-list-formulary,https://www.anthem.com/sitemap.xml > https://www.anthem.com/co/pharmacy-information/drug-list-formulary > http://file.anthem.com/A03093ANMENABS.pdf > https://file.anthem.com/A03093ANMENABS.pdf,pdf,,,2026-04-16,200,3fe6b4d441abcdf4cd488fcc160cd2e60b1fc676cfd2aa7b4aa26a11b02e078d,449586,N,static,sitemap|css_selector|url_pattern,0.95,2026-10-06T17:56:25Z,
Elevance / Anthem,,Unknown,Unknown,PreventiveRx Plus Lista de medicamentos Plan PreventiveRx Plus (Esencial Directo),other,https://file.anthem.com/A03087MUMSPABS.pdf,https://www.anthem.com/co/pharmacy-information/drug-list-formulary,https://www.anthem.com/sitemap.xml > https://www.anthem.com/co/pharmacy-information/drug-list-formulary > http://file.anthem.com/A03087MUMSPABS.pdf > https://file.anthem.com/A03087MUMSPABS.pdf,pdf,,,2026-06-30,200,6d7c7d1e31a9ce39722e23797e14ec66e1c917d75264fccf8452395836986cf3,511027,N,static,sitemap|css_selector|url_pattern,0.85,2026-10-06T17:56:25Z,
Elevance / Anthem,,Unknown,Unknown,PreventiveRx Enhanced Lista de medicamentos Plan mejorado (Lista de medicamentos directos esenciales),other,https://file.anthem.com/A03093ANMSPABS.pdf,https://www.anthem.com/co/pharmacy-information/drug-list-formulary,https://www.anthem.com/sitemap.xml > https://www.anthem.com/co/pharmacy-information/drug-list-formulary > http://file.anthem.com/A03093ANMSPABS.pdf > https://file.anthem.com/A03093ANMSPABS.pdf,pdf,,,2026-04-16,200,96879c8728a972f3100991a4e7f1e1381126d71f1f73434f5671825d9dc87953,452599,N,static,sitemap|css_selector|url_pattern,0.85,2026-10-06T17:56:25Z,
Elevance / Anthem,,Alabama,Unknown,PreventiveRx Lista de medicamentos Plan Básico Plus (Lista Nacional de Medicamentos),other,https://file.anthem.com/A03117ANMSPABS.pdf,https://www.anthem.com/co/pharmacy-information/drug-list-formulary,https://www.anthem.com/sitemap.xml > https://www.anthem.com/co/pharmacy-information/drug-list-formulary > http://file.anthem.com/A03117ANMSPABS.pdf > https://file.anthem.com/A03117ANMSPABS.pdf,pdf,,,2026-06-30,200,772c670f4ad363da16588a2601a662c7d00bf584de2de8c114af26633e0d4239,499202,N,static,sitemap|css_selector|url_pattern,0.85,2026-10-06T17:56:25Z,
Elevance / Anthem,,Colorado,Unknown,PreventiveRx Plus Drug List PreventiveRx Plus Plan (National),drug_list,https://file.anthem.com/05509MUMENABS-1.1.pdf,https://www.anthem.com/co/pharmacy-information/drug-list-formulary,https://www.anthem.com/sitemap.xml > https://www.anthem.com/co/pharmacy-information/drug-list-formulary > http://file.anthem.com/05509MUMENABS-1.1.pdf > https://file.anthem.com/05509MUMENABS-1.1.pdf,pdf,,,2026-06-30,200,32f6f4e70921768f704fbc73b13268a678c7e2eaef070ebabcc8fa31042cd495,511084,N,static,sitemap|css_selector|url_pattern,0.95,2026-10-06T17:56:25Z,
Elevance / Anthem,,Unknown,Unknown,PreventiveRx Expanded Lista de medicamentos Expanded Plan (National Drug List),drug_list,https://file.anthem.com/13017ANMSPABS.pdf,https://www.anthem.com/co/pharmacy-information/drug-list-formulary,https://www.anthem.com/sitemap.xml > https://www.anthem.com/co/pharmacy-information/drug-list-formulary > https://file.anthem.com/13017ANMSPABS.pdf,pdf,,,2025-07-02,200,5112910e372b6aa2ae560f4ad361b5a11c68b8ad404affca04bd71831537f051,447670,N,static,sitemap|css_selector|url_pattern,0.95,2026-10-06T17:56:25Z,
Elevance / Anthem,,Unknown,Unknown,PreventiveRx Expanded Drug List Expanded Plan (National Drug List),drug_list,https://file.anthem.com/13017ANMENABS.pdf,https://www.anthem.com/co/pharmacy-information/drug-list-formulary,https://www.anthem.com/sitemap.xml > https://www.anthem.com/co/pharmacy-information/drug-list-formulary > https://file.anthem.com/13017ANMENABS.pdf,pdf,,,2025-07-02,200,0a3932d561efd757305ac45ea7dea19206fc0f17d497be61313f6aab254c79fb,444537,N,static,sitemap|css_selector|url_pattern,0.95,2026-10-06T17:56:25Z,
Elevance / Anthem,,Alabama,Unknown,PreventiveRx Plus Lista de medicamentos PreventiveRx Plus Plan (National),other,https://file.anthem.com/05509MUMSPABS-1.1.pdf,https://www.anthem.com/co/pharmacy-information/drug-list-formulary,https://www.anthem.com/sitemap.xml > https://www.anthem.com/co/pharmacy-information/drug-list-formulary > http://file.anthem.com/05509MUMSPABS-1.1.pdf > https://file.anthem.com/05509MUMSPABS-1.1.pdf,pdf,,,2026-06-30,200,f2eae5d8eba719de65c0458c2c4863115d892659740fd34dde96dfadd97cf583,511927,N,static,sitemap|css_selector|url_pattern,0.85,2026-10-06T17:56:25Z,
Elevance / Anthem,,Colorado,Unknown,PreventiveRx Drug List Basic Plus Plan (National Direct Drug List),drug_list,https://file.anthem.com/A03114ANMENABS.pdf,https://www.anthem.com/co/pharmacy-information/drug-list-formulary,https://www.anthem.com/sitemap.xml > https://www.anthem.com/co/pharmacy-information/drug-list-formulary > https://file.anthem.com/A03114ANMENABS.pdf,pdf,,,2026-04-27,200,904e82b575a1bde42ff569856326eaa409df984c2736e49bcdf5e10a079d49ec,431863,N,static,sitemap|css_selector|url_pattern,0.95,2026-10-06T17:56:25Z,
Elevance / Anthem,,Unknown,Unknown,o o,other,https://fm.formularynavigator.com/FBO/143/National_Direct_Preferred_5_Tier_ABCBS.pdf,https://www.anthem.com/co/pharmacy-information/drug-list-formulary,https://www.anthem.com/sitemap.xml > https://www.anthem.com/co/pharmacy-information/drug-list-formulary > https://fm.formularynavigator.com/FBO/143/National_Direct_Preferred_5_Tier_ABCBS.pdf,pdf,,,,200,50c2a1a60b824c2ac34a685633bb0394eab3f7e0ef3e6c4028b5bf97a863a126,2104371,N,static,sitemap|css_selector|url_pattern,0.8,2026-10-06T17:56:25Z,
Elevance / Anthem,,Alabama,Unknown,PreventiveRx Lista de medicamentos Plan Básico Básico (Lista Nacional de Medicamentos Directos),other,https://file.anthem.com/A03114ANMSPABS.pdf,https://www.anthem.com/co/pharmacy-information/drug-list-formulary,https://www.anthem.com/sitemap.xml > https://www.anthem.com/co/pharmacy-information/drug-list-formulary > https://file.anthem.com/A03114ANMSPABS.pdf,pdf,,,2026-04-27,200,a0fd8deddadfe8442d082322700019835aa0fe7c377fa7432314bbc29cc69cbc,434210,N,static,sitemap|css_selector|url_pattern,0.85,2026-10-06T17:56:25Z,
Elevance / Anthem,,Colorado,Unknown,PreventiveRx Plus Drug List PreventiveRx Plus Plan (National Direct),drug_list,https://file.anthem.com/A00444MUMENABS-1.1.pdf,https://www.anthem.com/co/pharmacy-information/drug-list-formulary,https://www.anthem.com/sitemap.xml > https://www.anthem.com/co/pharmacy-information/drug-list-formulary > https://file.anthem.com/A00444MUMENABS-1.1.pdf,pdf,,,2026-04-30,200,da50b286e77f8122a8e7167334bdd85afdb550b78c4e3c7f5f4e1dd950cf50c4,436117,N,static,sitemap|css_selector|url_pattern,0.95,2026-10-06T17:56:25Z,
Elevance / Anthem,,Unknown,Unknown,PreventiveRx Lista de medicamentos Plan Legacy PreventiveRx Plus (Directo Nacional),other,https://file.anthem.com/A00444MUMSPABS-HN1.1.pdf,https://www.anthem.com/co/pharmacy-information/drug-list-formulary,https://www.anthem.com/sitemap.xml > https://www.anthem.com/co/pharmacy-information/drug-list-formulary > https://file.anthem.com/A00444MUMSPABS-HN1.1.pdf,pdf,,,2026-05-14,200,2064472de613d9e933088b2f2b7bb1bc35c1eb90e9da50cc8c68a3ca7dcec533,446464,N,static,sitemap|css_selector|url_pattern,0.85,2026-10-06T17:56:25Z,
Elevance / Anthem,,Unknown,Unknown,PreventiveRx Drug List Legacy PreventiveRx Plus Plan (National),drug_list,https://file.anthem.com/05509MUMENABS-HN1.1.pdf,https://www.anthem.com/co/pharmacy-information/drug-list-formulary,https://www.anthem.com/sitemap.xml > https://www.anthem.com/co/pharmacy-information/drug-list-formulary > http://file.anthem.com/05509MUMENABS-HN1.1.pdf > https://file.anthem.com/05509MUMENABS-HN1.1.pdf,pdf,,,2026-05-14,200,afe8434296235f1fcdfda09cb2a9e092b7b0e7b8658180691364cd82561e4948,445726,N,static,sitemap|css_selector|url_pattern,0.95,2026-10-06T17:56:26Z,
Elevance / Anthem,,Alabama,Unknown,PreventiveRx Plus Lista de medicamentos Plan PreventiveRx Plus (Directo Nacional),other,https://file.anthem.com/A00444MUMSPABS-1.1.pdf,https://www.anthem.com/co/pharmacy-information/drug-list-formulary,https://www.anthem.com/sitemap.xml > https://www.anthem.com/co/pharmacy-information/drug-list-formulary > http://file.anthem.com/A00444MUMSPABS-1.1.pdf > https://file.anthem.com/A00444MUMSPABS-1.1.pdf,pdf,,,2026-04-30,200,4640c12c5994daf845934c4d2df45d69c5991b89e73f08810085a4b5470e62c4,439066,N,static,sitemap|css_selector|url_pattern,0.85,2026-10-06T17:56:26Z,
Elevance / Anthem,,Unknown,Unknown,o o,other,https://fm.formularynavigator.com/FBO/143/National_Direct_Preferred_5_Tier_ABCBS_Spanish.pdf,https://www.anthem.com/co/pharmacy-information/drug-list-formulary,https://www.anthem.com/sitemap.xml > https://www.anthem.com/co/pharmacy-information/drug-list-formulary > https://fm.formularynavigator.com/FBO/143/National_Direct_Preferred_5_Tier_ABCBS_Spanish.pdf,pdf,,,,200,8a901c23934809dd698498461be61ea09e6920c712c214de067981f0b7332a6c,1960328,N,static,sitemap|css_selector|url_pattern,0.8,2026-10-06T17:56:26Z,
Elevance / Anthem,,Unknown,Unknown,PreventiveRx Enhanced Lista de medicamentos Plan Mejorado (Lista Nacional Directa de Medicamentos),other,https://file.anthem.com/A00529ANMSPABS.1.pdf,https://www.anthem.com/co/pharmacy-information/drug-list-formulary,https://www.anthem.com/sitemap.xml > https://www.anthem.com/co/pharmacy-information/drug-list-formulary > https://file.anthem.com/A00529ANMSPABS.1.pdf,pdf,,,2026-04-16,200,096fa41ffe59986964a8ee082d2cb9652cb99c06160e6bd4346f3299b058987a,443166,N,static,sitemap|css_selector|url_pattern,0.85,2026-10-06T17:56:26Z,
Elevance / Anthem,,Unknown,Unknown,PreventiveRx Lista de medicamentos Legacy PreventiveRx Plus Plan (National),other,https://file.anthem.com/05509MUMSPABS-HN1.1.pdf,https://www.anthem.com/co/pharmacy-information/drug-list-formulary,https://www.anthem.com/sitemap.xml > https://www.anthem.com/co/pharmacy-information/drug-list-formulary > http://file.anthem.com/05509MUMSPABS-HN1.1.pdf > https://file.anthem.com/05509MUMSPABS-HN1.1.pdf,pdf,,,2026-05-14,200,a65d53ef503ebe043071224173b1ba864f82080c2554e39abedb4bbcf200d66b,450603,N,static,sitemap|css_selector|url_pattern,0.85,2026-10-06T17:56:26Z,
Elevance / Anthem,,Unknown,Unknown,PreventiveRx Drug List Enhanced Plan (National Drug List),drug_list,https://file.anthem.com/A00526ANMENABS.1.pdf,https://www.anthem.com/co/pharmacy-information/drug-list-formulary,https://www.anthem.com/sitemap.xml > https://www.anthem.com/co/pharmacy-information/drug-list-formulary > http://file.anthem.com/A00526ANMENABS.1.pdf > https://file.anthem.com/A00526ANMENABS.1.pdf,pdf,,,2026-04-17,200,71e9d9bcfa911afe26abb3b0a1f5569ba39fd8d6e301ec59fc4ce489f3b26de0,441894,N,static,sitemap|css_selector|url_pattern,0.95,2026-10-06T17:56:26Z,
Elevance / Anthem,,Unknown,Unknown,PreventiveRx Lista de medicamentos Plan mejorado (Lista nacional de medicamentos),other,https://file.anthem.com/A00526ANMSPABS.1.pdf,https://www.anthem.com/co/pharmacy-information/drug-list-formulary,https://www.anthem.com/sitemap.xml > https://www.anthem.com/co/pharmacy-information/drug-list-formulary > http://file.anthem.com/A00526ANMSPABS.1.pdf > https://file.anthem.com/A00526ANMSPABS.1.pdf,pdf,,,2026-04-17,200,10cd72ae18c76abdde73cbdbfb1b0e0c0f987e563529d54201ac4c2e9c2057a9,444417,N,static,sitemap|css_selector|url_pattern,0.85,2026-10-06T17:56:26Z,
Elevance / Anthem,,Colorado,Unknown,PreventiveRx Drug List Basic Plus Plan (National Direct Plus Drug List),drug_list,https://file.anthem.com/A03113ANMENABS.pdf,https://www.anthem.com/co/pharmacy-information/drug-list-formulary,https://www.anthem.com/sitemap.xml > https://www.anthem.com/co/pharmacy-information/drug-list-formulary > http://file.anthem.com/A03113ANMENABS.pdf > https://file.anthem.com/A03113ANMENABS.pdf,pdf,,,2026-04-28,200,d65d542026aa1f75fb5bb944681ccfe3ab767943dc76d0684693a32329370a3a,98744,N,static,sitemap|css_selector|url_pattern,0.95,2026-10-06T17:56:26Z,
Elevance / Anthem,,Unknown,Unknown,PreventiveRx Enhanced Drug List Enhanced Plan (National Direct Drug List),drug_list,https://file.anthem.com/A00529ANMENABS.1.pdf,https://www.anthem.com/co/pharmacy-information/drug-list-formulary,https://www.anthem.com/sitemap.xml > https://www.anthem.com/co/pharmacy-information/drug-list-formulary > https://file.anthem.com/A00529ANMENABS.1.pdf,pdf,,,2026-04-16,200,bb980711530b3ec80e34441aaa2981d80bd7536cec672a86c9c2d46c1d16691d,441176,N,static,sitemap|css_selector|url_pattern,0.95,2026-10-06T17:56:27Z,
Elevance / Anthem,,Alabama,Unknown,PreventiveRx Lista de medicamentos Plan Básico Plus (Lista Nacional de Medicamentos Direct Plus),other,https://file.anthem.com/A03113ANMSPABS.pdf,https://www.anthem.com/co/pharmacy-information/drug-list-formulary,https://www.anthem.com/sitemap.xml > https://www.anthem.com/co/pharmacy-information/drug-list-formulary > http://file.anthem.com/A03113ANMSPABS.pdf > https://file.anthem.com/A03113ANMSPABS.pdf,pdf,,,2026-04-28,200,53e1b6a76648f7903b004fa9648012e10611a4044b3524d2c3e1599cc0692dcc,437243,N,static,sitemap|css_selector|url_pattern,0.85,2026-10-06T17:56:27Z,
Elevance / Anthem,,Colorado,Unknown,PreventiveRx Plus Drug List PreventiveRx Plus Plan (National Direct Plus),drug_list,https://file.anthem.com/A02819MUMENABS-4.1.pdf,https://www.anthem.com/co/pharmacy-information/drug-list-formulary,https://www.anthem.com/sitemap.xml > https://www.anthem.com/co/pharmacy-information/drug-list-formulary > http://file.anthem.com/A02819MUMENABS-4.1.pdf > https://file.anthem.com/A02819MUMENABS-4.1.pdf,pdf,,,2026-04-30,200,d0ba61d6f48014d4d8de0ad68834eb8257cb67797b51a544ec55b2f77d136918,437535,N,static,sitemap|css_selector|url_pattern,0.95,2026-10-06T17:56:27Z,
Elevance / Anthem,,Unknown,Unknown,PreventiveRx Enhanced Drug List Enhanced Plan (National Direct Plus Drug List),drug_list,https://file.anthem.com/A02824ANMENABS.pdf,https://www.anthem.com/co/pharmacy-information/drug-list-formulary,https://www.anthem.com/sitemap.xml > https://www.anthem.com/co/pharmacy-information/drug-list-formulary > http://file.anthem.com/A02824ANMENABS.pdf > https://file.anthem.com/A02824ANMENABS.pdf,pdf,,,2026-06-30,200,044ae934e55ed4eaa742c65df19fd812af02189e5fbbb92507eb2995b5ab4fb5,616800,N,static,sitemap|css_selector|url_pattern,0.95,2026-10-06T17:56:27Z,
Elevance / Anthem,,Colorado,Unknown,PreventiveRx Drug List Basic Plus Plan (Traditional Drug List),drug_list,https://file.anthem.com/A03115ANMENABS.pdf,https://www.anthem.com/co/pharmacy-information/drug-list-formulary,https://www.anthem.com/sitemap.xml > https://www.anthem.com/co/pharmacy-information/drug-list-formulary > https://file.anthem.com/A03115ANMENABS.pdf,pdf,,,2026-06-29,200,5258f9ee43898cb172355bb9aba82af2ec9107261afcbc262c2737f948515895,496453,N,static,sitemap|css_selector|url_pattern,0.95,2026-10-06T17:56:27Z,
Elevance / Anthem,,Alabama,Unknown,PreventiveRx Lista de medicamentos Plan Básico Plus (Lista de medicamentos tradicionales),other,https://file.anthem.com/A03115ANMSPABS.pdf,https://www.anthem.com/co/pharmacy-information/drug-list-formulary,https://www.anthem.com/sitemap.xml > https://www.anthem.com/co/pharmacy-information/drug-list-formulary > https://file.anthem.com/A03115ANMSPABS.pdf,pdf,,,2026-06-29,200,21da8e3eb414022e55e4487950e43eaf78b6da366e14acac7861f47d710628a7,497184,N,static,sitemap|css_selector|url_pattern,0.85,2026-10-06T17:56:27Z,
Elevance / Anthem,,Unknown,Unknown,PreventiveRx Plus Drug List Legacy PreventiveRx Plus Plan (National Direct Plus),drug_list,https://file.anthem.com/A02819MUMENABS-HN4.1.pdf,https://www.anthem.com/co/pharmacy-information/drug-list-formulary,https://www.anthem.com/sitemap.xml > https://www.anthem.com/co/pharmacy-information/drug-list-formulary > http://file.anthem.com/A02819MUMENABS-HN4.1.pdf > https://file.anthem.com/A02819MUMENABS-HN4.1.pdf,pdf,,,2026-05-15,200,0815755d4ab559c99b0a898f8cc9e76e167b344fa7239b102c600b73f42179a6,445910,N,static,sitemap|css_selector|url_pattern,0.95,2026-10-06T17:56:27Z,
Elevance / Anthem,,Colorado,Unknown,PreventiveRx Plus Drug List PreventiveRx Plus Plan (Traditional Open),drug_list,https://file.anthem.com/04320MUMENABS-1.1.pdf,https://www.anthem.com/co/pharmacy-information/drug-list-formulary,https://www.anthem.com/sitemap.xml > https://www.anthem.com/co/pharmacy-information/drug-list-formulary > https://file.anthem.com/04320MUMENABS-1.1.pdf,pdf,,,2026-04-28,200,fdec48c375cbba9b3799458e5a15be1987322b82cdca9155ff320e7ffb811bb9,438310,N,static,sitemap|css_selector|url_pattern,0.95,2026-10-06T17:56:27Z,
Elevance / Anthem,,Alabama,Unknown,PreventiveRx Plus Lista de medicamentos Plan PreventiveRx Plus (Abierto Tradicional),other,https://file.anthem.com/04320MUMSPABS-1.1.pdf,https://www.anthem.com/co/pharmacy-information/drug-list-formulary,https://www.anthem.com/sitemap.xml > https://www.anthem.com/co/pharmacy-information/drug-list-formulary > https://file.anthem.com/04320MUMSPABS-1.1.pdf,pdf,,,2026-04-28,200,f14fce9386c10fead0598475c202068a26be809c1c57072d407560576288a707,440912,N,static,sitemap|css_selector|url_pattern,0.85,2026-10-06T17:56:28Z,
Elevance / Anthem,,Unknown,Unknown,PreventiveRx Enhanced Lista de medicamentos Plan mejorado (Lista nacional de medicamentos Direct Plus),other,https://file.anthem.com/A02824ANMSPABS.pdf,https://www.anthem.com/co/pharmacy-information/drug-list-formulary,https://www.anthem.com/sitemap.xml > https://www.anthem.com/co/pharmacy-information/drug-list-formulary > http://file.anthem.com/A02824ANMSPABS.pdf > https://file.anthem.com/A02824ANMSPABS.pdf,pdf,,,2026-06-30,200,fb82fedc499f391351b92d4a4743e47d2df698e6ccdc4f217a2a300256a3db46,617785,N,static,sitemap|css_selector|url_pattern,0.85,2026-10-06T17:56:28Z,
Elevance / Anthem,,Unknown,Unknown,PreventiveRx Drug List Legacy PreventiveRx Plus Plan (Traditional Open),drug_list,https://file.anthem.com/04320MUMENABS-HN1.1.pdf,https://www.anthem.com/co/pharmacy-information/drug-list-formulary,https://www.anthem.com/sitemap.xml > https://www.anthem.com/co/pharmacy-information/drug-list-formulary > https://file.anthem.com/04320MUMENABS-HN1.1.pdf,pdf,,,2026-05-15,200,3bd4d2a91b695be5711840369de96f1d7cf1d4e03638d51912475fbb8a86007a,445512,N,static,sitemap|css_selector|url_pattern,0.95,2026-10-06T17:56:28Z,
Elevance / Anthem,,Alabama,Unknown,PreventiveRx Lista de medicamentos Plan Básico Plus (Lista Nacional Directa de Medicamentos Preferidos),other,https://file.anthem.com/A03118ANMSPABS.pdf,https://www.anthem.com/co/pharmacy-information/drug-list-formulary,https://www.anthem.com/sitemap.xml > https://www.anthem.com/co/pharmacy-information/drug-list-formulary > http://file.anthem.com/A03118ANMSPABS.pdf > https://file.anthem.com/A03118ANMSPABS.pdf,pdf,,,2026-04-28,200,1a9c9f632edd231e420040a962de3c10b6a83ecce395f6f57ef87229fc4c846d,437520,N,static,sitemap|css_selector|url_pattern,0.85,2026-10-06T17:56:28Z,
Elevance / Anthem,,Colorado,Unknown,PreventiveRx Plus Drug List PreventiveRx Plus Plan (National Direct Preferred),drug_list,https://file.anthem.com/A03086MUMENABS.pdf,https://www.anthem.com/co/pharmacy-information/drug-list-formulary,https://www.anthem.com/sitemap.xml > https://www.anthem.com/co/pharmacy-information/drug-list-formulary > http://file.anthem.com/A03086MUMENABS.pdf > https://file.anthem.com/A03086MUMENABS.pdf,pdf,,,2026-04-29,200,89403b926a107a88e952ecd7b0ad1a88c2e385cb2e35fd5e0bd36fe86564ecab,437243,N,static,sitemap|css_selector|url_pattern,0.95,2026-10-06T17:56:28Z,
Elevance / Anthem,,Colorado,Unknown,PreventiveRx Drug List Basic Plus Plan (National Direct Preferred Drug List),drug_list,https://file.anthem.com/A03118ANMENABS.pdf,https://www.anthem.com/co/pharmacy-information/drug-list-formulary,https://www.anthem.com/sitemap.xml > https://www.anthem.com/co/pharmacy-information/drug-list-formulary > http://file.anthem.com/A03118ANMENABS.pdf > https://file.anthem.com/A03118ANMENABS.pdf,pdf,,,2026-04-28,200,ca7aa6c7064e38d30053ba62f7e879055040eb64a4821fba11ded57365c6f1b7,434504,N,static,sitemap|css_selector|url_pattern,0.95,2026-10-06T17:56:28Z,
Elevance / Anthem,,Unknown,Unknown,PreventiveRx Lista de medicamentos Plan Legacy PreventiveRx Plus (Abierto Tradicional),other,https://file.anthem.com/04320MUMSPABS-HN1.1.pdf,https://www.anthem.com/co/pharmacy-information/drug-list-formulary,https://www.anthem.com/sitemap.xml > https://www.anthem.com/co/pharmacy-information/drug-list-formulary > https://file.anthem.com/04320MUMSPABS-HN1.1.pdf,pdf,,,2026-05-15,200,f11871297d7213626c162ac0a0054e9d5226225badf70fe6132a70d5ef5e38dd,449527,N,static,sitemap|css_selector|url_pattern,0.85,2026-10-06T17:56:28Z,
Elevance / Anthem,,Alabama,Unknown,PreventiveRx Plus Lista de medicamentos Plan PreventiveRx Plus (Preferido Nacional Directo),other,https://file.anthem.com/A03086MUMSPABS.pdf,https://www.anthem.com/co/pharmacy-information/drug-list-formulary,https://www.anthem.com/sitemap.xml > https://www.anthem.com/co/pharmacy-information/drug-list-formulary > http://file.anthem.com/A03086MUMSPABS.pdf > https://file.anthem.com/A03086MUMSPABS.pdf,pdf,,,2026-04-29,200,8e60ab43280b884ba991aa69611b377bf938e67358f1d5c67795fe6161d66351,439619,N,static,sitemap|css_selector|url_pattern,0.85,2026-10-06T17:56:28Z,
Elevance / Anthem,,Colorado,Commercial,"Anthem Blue Cross and Blue Shield is the trade name of: In Colorado: Rocky Mountain Hospital and Medical Service, Inc. HMO products underwritten by HMO Colorado, Inc. In Connecticut: Anthem Health Plans, Inc. In Georgia: Blue Cross Blue Shield Healthcare Plan of Georgia, Inc. In Indiana: Anthem Insurance Companies, Inc. In Kentucky: Anthem Health Plans of Kentucky, Inc. In Maine: Anthem Health",drug_list,https://www.anthem.com/content/dam/digital/docs/pharmacy-information/designated-medical-specialty-pharmacy-update.pdf,https://www.anthem.com/co/pharmacy-information/drug-list-formulary,https://www.anthem.com/sitemap.xml > https://www.anthem.com/co/pharmacy-information/drug-list-formulary > https://www.anthem.com/content/dam/digital/docs/pharmacy-information/designated-medical-specialty-pharmacy-update.pdf,pdf,,2025-04-01,2025-05-01,200,faa628941db9d4cb1cdd60b202f728f07e46bcd1b43314a3cbe2f98502af20ca,115785,N,static,sitemap|css_selector|url_pattern,1.0,2026-10-06T17:56:28Z,
Elevance / Anthem,,Unknown,Unknown,PreventiveRx Enhanced Drug List Enhanced Plan (Traditional Drug List),drug_list,https://file.anthem.com/A00528ANMENABS.1.pdf,https://www.anthem.com/co/pharmacy-information/drug-list-formulary,https://www.anthem.com/sitemap.xml > https://www.anthem.com/co/pharmacy-information/drug-list-formulary > https://file.anthem.com/A00528ANMENABS.1.pdf,pdf,,,2026-04-21,200,8127e5a09c2b7306ddcda4675768f7824f85f7f7af0ff5fedcf65d8e42b7295a,442085,N,static,sitemap|css_selector|url_pattern,0.95,2026-10-06T17:56:28Z,
Elevance / Anthem,,Unknown,Unknown,Voluntary Dose Management Program The purpose of this dose management program is to offer the prescriber a voluntary alternate dose that,other,https://www.anthem.com/content/dam/digital/docs/pharmacy-information/voluntary-dose-management-programs.pdf,https://www.anthem.com/co/pharmacy-information/drug-list-formulary,https://www.anthem.com/sitemap.xml > https://www.anthem.com/co/pharmacy-information/drug-list-formulary > https://www.anthem.com/content/dam/digital/docs/pharmacy-information/voluntary-dose-management-programs.pdf,pdf,,,2026-08-17,200,a680da43023ce4da9fe9e132f75cecb3c35faf17a74713da9793cae3efbf2389,214306,N,static,sitemap|css_selector|url_pattern,0.85,2026-10-06T17:56:28Z,
Elevance / Anthem,,Unknown,Unknown,"CarelonRx Exclusive Network Drug List If covered by your plan's drug list, the drugs below will require you to go to a network specialty pharmacy to fill your prescription. For an up-to-date list of drugs covered by your plan, log in at",drug_list,https://file.anthem.com/44150MUMENABS.pdf,https://www.anthem.com/co/pharmacy-information/drug-list-formulary,https://www.anthem.com/sitemap.xml > https://www.anthem.com/co/pharmacy-information/drug-list-formulary > https://file.anthem.com/44150MUMENABS.pdf,pdf,,,2026-04-23,200,9e53ac84a59350b6dbaf345cdd89d861f6810e5eed5187ecd70e78ff74f6a98c,444981,N,static,sitemap|css_selector|url_pattern,0.95,2026-10-06T17:56:28Z,
Elevance / Anthem,,Colorado,Unknown,Specialty drugs not covered under the medical benefit This is a list of clinician-administered specialty drugs not covered under the medical benefit for certain groups.,drug_list,https://file.anthem.com/05308MUMENABS.pdf,https://www.anthem.com/co/pharmacy-information/drug-list-formulary,https://www.anthem.com/sitemap.xml > https://www.anthem.com/co/pharmacy-information/drug-list-formulary > https://file.anthem.com/05308MUMENABS.pdf,pdf,,,2024-04-10,200,345b6910c193954531e48ef68baec4cc60c987e8e7b4f643acc6b02a7ade3a03,75948,N,static,sitemap|css_selector|url_pattern,0.95,2026-10-06T17:56:28Z,
Elevance / Anthem,,Unknown,Unknown,PreventiveRx Enhanced Drug List Enhanced Plan (National Direct Preferred Drug List),drug_list,https://file.anthem.com/A03094ANMENABS.pdf,https://www.anthem.com/co/pharmacy-information/drug-list-formulary,https://www.anthem.com/sitemap.xml > https://www.anthem.com/co/pharmacy-information/drug-list-formulary > http://file.anthem.com/A03094ANMENABS.pdf > https://file.anthem.com/A03094ANMENABS.pdf,pdf,,,2026-04-16,200,d4440f2ee8bb43ff5f7db2ad158938da17a85c07a781a251b4f1ce3647fb8cdc,449564,N,static,sitemap|css_selector|url_pattern,0.95,2026-10-06T17:56:28Z,
Elevance / Anthem,,Unknown,Unknown,PreventiveRx Enhanced Lista de medicamentos Plan mejorado (Lista nacional directa de medicamentos preferidos),other,https://file.anthem.com/A03094ANMSPABS.pdf,https://www.anthem.com/co/pharmacy-information/drug-list-formulary,https://www.anthem.com/sitemap.xml > https://www.anthem.com/co/pharmacy-information/drug-list-formulary > http://file.anthem.com/A03094ANMSPABS.pdf > https://file.anthem.com/A03094ANMSPABS.pdf,pdf,,,2026-04-16,200,ef2e436e8756a0c4a0d940175067359fa566422f243dedf3883643e5c4763faf,452376,N,static,sitemap|css_selector|url_pattern,0.85,2026-10-06T17:56:28Z,
Elevance / Anthem,,Unknown,Unknown,"BioPlus Exclusive Network Drug List If covered by your plan's drug list, the drugs below will require you to go to BioPlus Specialty Pharmacy, a Carelon Company, to fill your prescription. For an up-to-date list of drugs covered by your plan, log in at",drug_list,https://file.anthem.com/A02871MUMENABS.pdf,https://www.anthem.com/co/pharmacy-information/drug-list-formulary,https://www.anthem.com/sitemap.xml > https://www.anthem.com/co/pharmacy-information/drug-list-formulary > http://file.anthem.com/A02871MUMENABS.pdf > https://file.anthem.com/A02871MUMENABS.pdf,pdf,,,2026-04-23,200,a16a97ca27322ace78a1a80ccbd066dd319d821bed222d6dc60b7e3b64834dd8,435886,N,static,sitemap|css_selector|url_pattern,0.95,2026-10-06T17:56:29Z,
Elevance / Anthem,,Georgia,Unknown,Right Drug Right Channel – Medical Benefit This is a list of clinician-administered drugs only covered under the medical benefit for certain groups. Members should talk with the,drug_list,https://file.anthem.com/03771MUMENABS.pdf,https://www.anthem.com/co/pharmacy-information/drug-list-formulary,https://www.anthem.com/sitemap.xml > https://www.anthem.com/co/pharmacy-information/drug-list-formulary > http://file.anthem.com/03771MUMENABS.pdf > https://file.anthem.com/03771MUMENABS.pdf,pdf,,,2026-04-25,200,c6c6076b64c8247673412259d5fb26386a1a18df3107a6544c89856c431176e4,441660,N,static,sitemap|css_selector|url_pattern,0.95,2026-10-06T17:56:29Z,
Elevance / Anthem,,Unknown,Unknown,PreventiveRx Enhanced Lista de medicamentos Plan mejorado (Lista de medicamentos tradicional),other,https://file.anthem.com/A00528ANMSPABS.1.pdf,https://www.anthem.com/co/pharmacy-information/drug-list-formulary,https://www.anthem.com/sitemap.xml > https://www.anthem.com/co/pharmacy-information/drug-list-formulary > http://file.anthem.com/A00528ANMSPABS.1.pdf > https://file.anthem.com/A00528ANMSPABS.1.pdf,pdf,,,2026-04-21,200,eab7115aa3869ca4c05044f597a356fa89ebec408267be3ac1fa3784a381b82f,444167,N,static,sitemap|css_selector|url_pattern,0.85,2026-10-06T17:56:29Z,
Elevance / Anthem,,Unknown,Unknown,2024 Essential-CT Drug List Medication Alternatives,drug_list,https://file.anthem.com/64147CTEENABS-1.1.pdf,https://www.anthem.com/ct/pharmacy-information/drug-list-formulary,https://www.anthem.com/sitemap.xml > https://www.anthem.com/ct/pharmacy-information/drug-list-formulary > http://file.anthem.com/64147CTEENABS-1.1.pdf > https://file.anthem.com/64147CTEENABS-1.1.pdf,pdf,,,2024-09-30,200,860af9d95f3436323c259766bdd96855e2c88a2c28a4b8d2c1073f2fe44a4b31,478798,N,static,sitemap|css_selector|url_pattern,0.95,2026-10-06T17:56:30Z,
Elevance / Anthem,,Alabama,Unknown,Lista de medicamentos esenciales de CT para 2024 Medicamentos alternativos,drug_list,https://file.anthem.com/64147CTESPABS-1.1.pdf,https://www.anthem.com/ct/pharmacy-information/drug-list-formulary,https://www.anthem.com/sitemap.xml > https://www.anthem.com/ct/pharmacy-information/drug-list-formulary > http://file.anthem.com/64147CTESPABS-1.1.pdf > https://file.anthem.com/64147CTESPABS-1.1.pdf,pdf,,,2024-12-18,200,9000f53017482178b46e0784e9386dcefad345ec09cf2b7df126d44e3f11ec55,486813,N,static,sitemap|css_selector|url_pattern,0.95,2026-10-06T17:56:32Z,
Elevance / Anthem,,Pennsylvania,Unknown,Essential Drug List Drug list — Five Tier Drug Plan,drug_list,https://fm.formularynavigator.com/FBO/143/Essential_Drug_List_5_Tier_ABS_CT.pdf,https://www.anthem.com/ct/pharmacy-information/drug-list-formulary,https://www.anthem.com/sitemap.xml > https://www.anthem.com/ct/pharmacy-information/drug-list-formulary > https://fm.formularynavigator.com/FBO/143/Essential_Drug_List_5_Tier_ABS_CT.pdf,pdf,,,,200,fe2baebeb4e75113cec67651d4b941908f6474d185708a64f91e05f868224207,1173907,N,static,sitemap|css_selector|url_pattern,0.9,2026-10-06T17:56:32Z,
Elevance / Anthem,,Pennsylvania,Unknown,2024 Essential Drug List Drug list — Five Tier Drug Plan,drug_list,https://fm.formularynavigator.com/FBO/143/2024_Essential_5_Tier_ABS_CT_FI.pdf,https://www.anthem.com/ct/pharmacy-information/drug-list-formulary,https://www.anthem.com/sitemap.xml > https://www.anthem.com/ct/pharmacy-information/drug-list-formulary > https://fm.formularynavigator.com/FBO/143/2024_Essential_5_Tier_ABS_CT_FI.pdf,pdf,,,,200,46efe418965ab568c23ca835a3ec63161a9b090d8547adda4135425b1b03077a,1042117,N,static,sitemap|css_selector|url_pattern,0.9,2026-10-06T17:56:32Z,
Elevance / Anthem,,Alabama,Unknown,Lista de Medicamentos Esenciales de 2024 Lista de medicamentos — Plan de medicamentos de cuatro niveles,other,https://fm.formularynavigator.com/FBO/143/2024_Essential_4_Tier_ABS_CT_FI_SP.pdf,https://www.anthem.com/ct/pharmacy-information/drug-list-formulary,https://www.anthem.com/sitemap.xml > https://www.anthem.com/ct/pharmacy-information/drug-list-formulary > https://fm.formularynavigator.com/FBO/143/2024_Essential_4_Tier_ABS_CT_FI_SP.pdf,pdf,,,,200,fac37c45b5e201db0fb0a17154efde8f0dd798f7b582ec420d05b26639abccc3,806150,N,static,sitemap|css_selector|url_pattern,0.8,2026-10-06T17:56:33Z,
Elevance / Anthem,,Pennsylvania,Unknown,Essential Drug List Drug list — Four Tier Drug Plan,drug_list,https://fm.formularynavigator.com/FBO/143/Essential_Drug_List_4_Tier_ABS_CT.pdf,https://www.anthem.com/ct/pharmacy-information/drug-list-formulary,https://www.anthem.com/sitemap.xml > https://www.anthem.com/ct/pharmacy-information/drug-list-formulary > https://fm.formularynavigator.com/FBO/143/Essential_Drug_List_4_Tier_ABS_CT.pdf,pdf,,,,200,3c708a31ec6a94d7f5048d772f019d6019e62f82886abba8230d541833b64764,1171040,N,static,sitemap|css_selector|url_pattern,0.9,2026-10-06T17:56:33Z,
Elevance / Anthem,,Alabama,Unknown,Lista de Medicamentos Esenciales de 2024 Lista de medicamentos — Five Tier Drug Plan,other,https://fm.formularynavigator.com/FBO/143/2024_Essential_5_Tier_ABS_CT_FI_SP.pdf,https://www.anthem.com/ct/pharmacy-information/drug-list-formulary,https://www.anthem.com/sitemap.xml > https://www.anthem.com/ct/pharmacy-information/drug-list-formulary > https://fm.formularynavigator.com/FBO/143/2024_Essential_5_Tier_ABS_CT_FI_SP.pdf,pdf,,,,200,729d3b2d004fe03954c6723ccea5a96a21a87054d82f73b48e2b3e64f64d43fc,821256,N,static,sitemap|css_selector|url_pattern,0.8,2026-10-06T17:56:33Z,
Elevance / Anthem,,Pennsylvania,Unknown,Essential Drug List Drug list — Three Tier Drug Plan,drug_list,https://fm.formularynavigator.com/FBO/143/Essential_Drug_List_3_Tier_ABS_CT.pdf,https://www.anthem.com/ct/pharmacy-information/drug-list-formulary,https://www.anthem.com/sitemap.xml > https://www.anthem.com/ct/pharmacy-information/drug-list-formulary > https://fm.formularynavigator.com/FBO/143/Essential_Drug_List_3_Tier_ABS_CT.pdf,pdf,,,,200,c91a29b294609ff5800910c2013bfe4696fa94f31c351cbf7aaf6fbd7e67ab86,1169142,N,static,sitemap|css_selector|url_pattern,0.9,2026-10-06T17:56:33Z,
Elevance / Anthem,,Pennsylvania,Unknown,2025 Essential Drug List Drug list — Three Tier Drug Plan,drug_list,https://fm.formularynavigator.com/FBO/143/CT_2025_Essential_3_Tier_ABS_CT_FI.pdf,https://www.anthem.com/ct/pharmacy-information/drug-list-formulary,https://www.anthem.com/sitemap.xml > https://www.anthem.com/ct/pharmacy-information/drug-list-formulary > https://fm.formularynavigator.com/FBO/143/CT_2025_Essential_3_Tier_ABS_CT_FI.pdf,pdf,,,,200,2a20ba829de58042fc38b96c922999bdaea8e6e90504cd48d005243b0d222f30,1138981,N,static,sitemap|css_selector|url_pattern,0.9,2026-10-06T17:56:33Z,
Elevance / Anthem,,Pennsylvania,Unknown,2024 Essential Drug List Drug list — Four Tier Drug Plan,drug_list,https://fm.formularynavigator.com/FBO/143/2024_Essential_4_Tier_ABS_CT_FI.pdf,https://www.anthem.com/ct/pharmacy-information/drug-list-formulary,https://www.anthem.com/sitemap.xml > https://www.anthem.com/ct/pharmacy-information/drug-list-formulary > https://fm.formularynavigator.com/FBO/143/2024_Essential_4_Tier_ABS_CT_FI.pdf,pdf,,,,200,0ccf8e8e5ebc8ed480b2adc6b47d43ef17c6450ca1d35752619a34f482e0604f,1039226,N,static,sitemap|css_selector|url_pattern,0.9,2026-10-06T17:56:34Z,
Elevance / Anthem,,Alabama,Unknown,Lista de Medicamentos Esenciales Lista de medicamentos — Plan de medicamentos de tres niveles,other,https://fm.formularynavigator.com/FBO/143/Essential_Drug_List_3_Tier_ABS_CT_SP.pdf,https://www.anthem.com/ct/pharmacy-information/drug-list-formulary,https://www.anthem.com/sitemap.xml > https://www.anthem.com/ct/pharmacy-information/drug-list-formulary > https://fm.formularynavigator.com/FBO/143/Essential_Drug_List_3_Tier_ABS_CT_SP.pdf,pdf,,,,200,f04ffec3ea2a2fa2bca7a8aff92f565810ec3c514824c33ed0f096dd204018cb,794181,N,static,sitemap|css_selector|url_pattern,0.8,2026-10-06T17:56:34Z,
Elevance / Anthem,,Pennsylvania,Unknown,2025 Essential Drug List Drug list — Five Tier Drug Plan,drug_list,https://fm.formularynavigator.com/FBO/143/CT_2025_Essential_5_Tier_ABS_CT_FI.pdf,https://www.anthem.com/ct/pharmacy-information/drug-list-formulary,https://www.anthem.com/sitemap.xml > https://www.anthem.com/ct/pharmacy-information/drug-list-formulary > https://fm.formularynavigator.com/FBO/143/CT_2025_Essential_5_Tier_ABS_CT_FI.pdf,pdf,,,,200,fbdbdd250e6d4d243de3c840cf57307882e022048495356c21e529f0fe36862d,1142067,N,static,sitemap|css_selector|url_pattern,0.9,2026-10-06T17:56:34Z,
Elevance / Anthem,,Unknown,Unknown,2025 Essential-CT Drug List Medication Alternatives,drug_list,https://file.anthem.com/64147CTEENABS-7.1.pdf,https://www.anthem.com/ct/pharmacy-information/drug-list-formulary,https://www.anthem.com/sitemap.xml > https://www.anthem.com/ct/pharmacy-information/drug-list-formulary > http://file.anthem.com/64147CTEENABS-7.1.pdf > https://file.anthem.com/64147CTEENABS-7.1.pdf,pdf,,,2024-09-30,200,9ccd8c72578dcef49d05ba7674a4ce214f2330b51d41e3af96543e7e6c07b981,479653,N,static,sitemap|css_selector|url_pattern,0.95,2026-10-06T17:56:34Z,
Elevance / Anthem,,Alabama,Unknown,Lista de Medicamentos Esenciales de 2025 Lista de medicamentos — Plan de medicamentos de tres niveles,other,https://fm.formularynavigator.com/FBO/143/CT_2025_Essential_3_Tier_ABS_CT_FI_Spanish.pdf,https://www.anthem.com/ct/pharmacy-information/drug-list-formulary,https://www.anthem.com/sitemap.xml > https://www.anthem.com/ct/pharmacy-information/drug-list-formulary > https://fm.formularynavigator.com/FBO/143/CT_2025_Essential_3_Tier_ABS_CT_FI_Spanish.pdf,pdf,,,,200,de684205d77164226875c2f0f9ad08097b30ddf628437320270827be65ec14b1,754070,N,static,sitemap|css_selector|url_pattern,0.8,2026-10-06T17:56:34Z,
Elevance / Anthem,,Alabama,Unknown,Lista de medicamentos esenciales de CT para 2025 Medicamentos alternativos,other,https://file.anthem.com/64147CTESPABS-7.1.pdf,https://www.anthem.com/ct/pharmacy-information/drug-list-formulary,https://www.anthem.com/sitemap.xml > https://www.anthem.com/ct/pharmacy-information/drug-list-formulary > http://file.anthem.com/64147CTESPABS-7.1.pdf > https://file.anthem.com/64147CTESPABS-7.1.pdf,pdf,,,2024-12-18,200,d7a92890fa1771ea070890f07fcdba90ac83a2fd1c992de27937a1ed954b388b,488461,N,static,sitemap|css_selector|url_pattern,0.85,2026-10-06T17:56:34Z,
Elevance / Anthem,,Alabama,Unknown,Lista de Medicamentos Esenciales Lista de medicamentos — Plan de medicamentos de cuatro niveles,other,https://fm.formularynavigator.com/FBO/143/Essential_Drug_List_4_Tier_ABS_CT_SP.pdf,https://www.anthem.com/ct/pharmacy-information/drug-list-formulary,https://www.anthem.com/sitemap.xml > https://www.anthem.com/ct/pharmacy-information/drug-list-formulary > https://fm.formularynavigator.com/FBO/143/Essential_Drug_List_4_Tier_ABS_CT_SP.pdf,pdf,,,,200,bc77a771344f1cc6800deb43bd93dc5de6190574289a190316acd35680c0ffdd,794814,N,static,sitemap|css_selector|url_pattern,0.8,2026-10-06T17:56:34Z,
Elevance / Anthem,,Alabama,Unknown,Lista de Medicamentos Esenciales de 2025 Lista de medicamentos — Plan de medicamentos de cuatro niveles,other,https://fm.formularynavigator.com/FBO/143/CT_2025_Essential_4_Tier_ABS_CT_FI_Spanish.pdf,https://www.anthem.com/ct/pharmacy-information/drug-list-formulary,https://www.anthem.com/sitemap.xml > https://www.anthem.com/ct/pharmacy-information/drug-list-formulary > https://fm.formularynavigator.com/FBO/143/CT_2025_Essential_4_Tier_ABS_CT_FI_Spanish.pdf,pdf,,,,200,a7010ac67ded45a7d8b874cd41558f3b2329a40d137d4aa6621053ffae6caf7f,769756,N,static,sitemap|css_selector|url_pattern,0.8,2026-10-06T17:56:35Z,
Elevance / Anthem,,Pennsylvania,Unknown,2026 Essential Drug List Drug list — Three Tier Drug Plan,drug_list,https://fm.formularynavigator.com/FBO/143/CT_2026_Essential_3_Tier_ABS_CT_FI.pdf,https://www.anthem.com/ct/pharmacy-information/drug-list-formulary,https://www.anthem.com/sitemap.xml > https://www.anthem.com/ct/pharmacy-information/drug-list-formulary > https://fm.formularynavigator.com/FBO/143/CT_2026_Essential_3_Tier_ABS_CT_FI.pdf,pdf,,,,200,cda284499e5b503db4f96161db1c9bc91ffa6c5a97f11f2cdb839994e9e0c372,1122464,N,static,sitemap|css_selector|url_pattern,0.9,2026-10-06T17:56:35Z,
Elevance / Anthem,,Alabama,Unknown,Lista de Medicamentos Esenciales Lista de medicamentos — Five Tier Drug Plan,other,https://fm.formularynavigator.com/FBO/143/Essential_Drug_List_5_Tier_ABS_CT_SP_.pdf,https://www.anthem.com/ct/pharmacy-information/drug-list-formulary,https://www.anthem.com/sitemap.xml > https://www.anthem.com/ct/pharmacy-information/drug-list-formulary > https://fm.formularynavigator.com/FBO/143/Essential_Drug_List_5_Tier_ABS_CT_SP_.pdf,pdf,,,,200,c1bad0100b4148c292ce0ae1957e33df3bd7e040f6ac4ce22446acb39518f371,810140,N,static,sitemap|css_selector|url_pattern,0.8,2026-10-06T17:56:35Z,
Elevance / Anthem,,Unknown,Unknown,2026 Essential Drug List Drug list — Five Tier Drug Plan,drug_list,https://fm.formularynavigator.com/FBO/143/CT_2026_Essential_5_Tier_ABS_CT_FI.pdf,https://www.anthem.com/ct/pharmacy-information/drug-list-formulary,https://www.anthem.com/sitemap.xml > https://www.anthem.com/ct/pharmacy-information/drug-list-formulary > https://fm.formularynavigator.com/FBO/143/CT_2026_Essential_5_Tier_ABS_CT_FI.pdf,pdf,,,,200,958f97a0f539d3cbaaf8a38699eb8ca29f65f7c6534d3c35d58efcfe937fdf2b,1117212,N,static,sitemap|css_selector|url_pattern,0.9,2026-10-06T17:56:35Z,
Elevance / Anthem,,Alabama,Unknown,Lista de Medicamentos Esenciales de 2026 Lista de medicamentos — Plan de medicamentos de tres niveles,other,https://fm.formularynavigator.com/FBO/143/CT_2026_Essential_3_Tier_ABS_CT_FI_Spanish.pdf,https://www.anthem.com/ct/pharmacy-information/drug-list-formulary,https://www.anthem.com/sitemap.xml > https://www.anthem.com/ct/pharmacy-information/drug-list-formulary > https://fm.formularynavigator.com/FBO/143/CT_2026_Essential_3_Tier_ABS_CT_FI_Spanish.pdf,pdf,,,,200,1ea52fb38552ff5e84ebefa23052ce049fe2b3e5bf9561370441927b0e250b43,747625,N,static,sitemap|css_selector|url_pattern,0.8,2026-10-06T17:56:35Z,
Elevance / Anthem,,Alabama,Unknown,Lista de Medicamentos Esenciales de 2025 Lista de medicamentos — Plan de medicamentos de cinco niveles,other,https://fm.formularynavigator.com/FBO/143/CT_2025_Essential_5_Tier_ABS_CT_FI_Spanish.pdf,https://www.anthem.com/ct/pharmacy-information/drug-list-formulary,https://www.anthem.com/sitemap.xml > https://www.anthem.com/ct/pharmacy-information/drug-list-formulary > https://fm.formularynavigator.com/FBO/143/CT_2025_Essential_5_Tier_ABS_CT_FI_Spanish.pdf,pdf,,,,200,09e8a3db40dde4e540e24464f214443866570497a514644f4c69bcf15ba270e2,769793,N,static,sitemap|css_selector|url_pattern,0.8,2026-10-06T17:56:35Z,
Elevance / Anthem,,Unknown,Unknown,2026 Essential-CT Drug List Medication Alternatives,drug_list,https://file.anthem.com/A03139CTEENABS.pdf,https://www.anthem.com/ct/pharmacy-information/drug-list-formulary,https://www.anthem.com/sitemap.xml > https://www.anthem.com/ct/pharmacy-information/drug-list-formulary > http://file.anthem.com/A03139CTEENABS.pdf > https://file.anthem.com/A03139CTEENABS.pdf,pdf,,,2025-10-07,200,a638b043f338ff5c947aeb773646e5b5124c69387bd6e0397b9253fd476b04a4,539148,N,static,sitemap|css_selector|url_pattern,0.95,2026-10-06T17:56:36Z,
Elevance / Anthem,,Alabama,Unknown,Lista de Medicamentos Esenciales de 2026 Lista de medicamentos — Plan de medicamentos de cuatro niveles,other,https://fm.formularynavigator.com/FBO/143/CT_2026_Essential_4_Tier_ABS_CT_FI_Spanish.pdf,https://www.anthem.com/ct/pharmacy-information/drug-list-formulary,https://www.anthem.com/sitemap.xml > https://www.anthem.com/ct/pharmacy-information/drug-list-formulary > https://fm.formularynavigator.com/FBO/143/CT_2026_Essential_4_Tier_ABS_CT_FI_Spanish.pdf,pdf,,,,200,30f6d27969e6781e3a882b99e1d24133a09e7fc5d8c87ee74fe864aed1684003,740700,N,static,sitemap|css_selector|url_pattern,0.8,2026-10-06T17:56:36Z,
Elevance / Anthem,,Pennsylvania,Unknown,2024 Essential Drug List Drug list — Three Tier Drug Plan,drug_list,https://fm.formularynavigator.com/FBO/143/2024_Essential_3_Tier_ABS_CT_FI.pdf,https://www.anthem.com/ct/pharmacy-information/drug-list-formulary,https://www.anthem.com/sitemap.xml > https://www.anthem.com/ct/pharmacy-information/drug-list-formulary > https://fm.formularynavigator.com/FBO/143/2024_Essential_3_Tier_ABS_CT_FI.pdf,pdf,,,,200,b222034211baec4971d35f665376c25ba0f217f5987ad8ce7e0d3c28a47205cb,1037382,N,static,sitemap|css_selector|url_pattern,0.9,2026-10-06T17:56:36Z,
Elevance / Anthem,,Alabama,Unknown,Lista de Medicamentos Esenciales de 2024 Lista de medicamentos — Plan de medicamentos de tres niveles,other,https://fm.formularynavigator.com/FBO/143/2024_Essential_3_Tier_ABS_CT_FI_SP.pdf,https://www.anthem.com/ct/pharmacy-information/drug-list-formulary,https://www.anthem.com/sitemap.xml > https://www.anthem.com/ct/pharmacy-information/drug-list-formulary > https://fm.formularynavigator.com/FBO/143/2024_Essential_3_Tier_ABS_CT_FI_SP.pdf,pdf,,,,200,907529f720a320f6c66dc2428d88dae9dac02e725bdbe8c6e55ea4dc8eaf74f6,805530,N,static,sitemap|css_selector|url_pattern,0.8,2026-10-06T17:56:36Z,
Elevance / Anthem,,Alabama,Unknown,Lista de medicamentos esenciales de CT para 2026 Medicamentos alternativos,drug_list,https://file.anthem.com/A03139CTESPABS.pdf,https://www.anthem.com/ct/pharmacy-information/drug-list-formulary,https://www.anthem.com/sitemap.xml > https://www.anthem.com/ct/pharmacy-information/drug-list-formulary > http://file.anthem.com/A03139CTESPABS.pdf > https://file.anthem.com/A03139CTESPABS.pdf,pdf,,,2025-10-07,200,d64049bbc53779800cd654dc9affa000b5c373b592dc12e4bdd76745d55262ad,537337,N,static,sitemap|css_selector|url_pattern,0.95,2026-10-06T17:56:36Z,
Elevance / Anthem,,Alabama,Unknown,Lista de medicamentos esenciales de 2026 Lista de medicamentos — Plan de medicamentos de cinco niveles,other,https://fm.formularynavigator.com/FBO/143/CT_2026_Essential_5_Tier_ABS_CT_FI_Spanish.pdf,https://www.anthem.com/ct/pharmacy-information/drug-list-formulary,https://www.anthem.com/sitemap.xml > https://www.anthem.com/ct/pharmacy-information/drug-list-formulary > https://fm.formularynavigator.com/FBO/143/CT_2026_Essential_5_Tier_ABS_CT_FI_Spanish.pdf,pdf,,,,200,d872d74cd8708bef90b78e62c47085d9c1c48ffbc8737a5ae27c536805ac7d0f,1191088,N,static,sitemap|css_selector|url_pattern,0.8,2026-10-06T17:56:36Z,
Elevance / Anthem,,Pennsylvania,Unknown,National Drug List Drug list — Three Tier Drug Plan,drug_list,https://fm.formularynavigator.com/FBO/143/National_Drug_List_3_Tier_ABS_CT.pdf,https://www.anthem.com/ct/pharmacy-information/drug-list-formulary,https://www.anthem.com/sitemap.xml > https://www.anthem.com/ct/pharmacy-information/drug-list-formulary > https://fm.formularynavigator.com/FBO/143/National_Drug_List_3_Tier_ABS_CT.pdf,pdf,,,,200,1bbe8fb0ce878bfbd3318efd03ea7e05b65155e38b033b8136a57a8a7e12d094,1484219,N,static,sitemap|css_selector|url_pattern,0.9,2026-10-06T17:56:37Z,
Elevance / Anthem,,Unknown,Unknown,2026 Essential Drug List Drug list — Four Tier Drug Plan,drug_list,https://fm.formularynavigator.com/FBO/143/CT_2026_Essential_4_Tier_ABS_CT_FI.pdf,https://www.anthem.com/ct/pharmacy-information/drug-list-formulary,https://www.anthem.com/sitemap.xml > https://www.anthem.com/ct/pharmacy-information/drug-list-formulary > https://fm.formularynavigator.com/FBO/143/CT_2026_Essential_4_Tier_ABS_CT_FI.pdf,pdf,,,,200,a25ec9cd748371d07f1f3a06e7c79a5c40977ae2ee31bcdba251ebf6ac89d600,1108508,N,static,sitemap|css_selector|url_pattern,0.9,2026-10-06T17:56:38Z,
Elevance / Anthem,,Alabama,Unknown,Lista de Medicamentos Nacional Lista de medicamentos — Five Tier Drug Plan,other,https://fm.formularynavigator.com/FBO/143/National_Drug_List_5_Tier_ABS_CT_SP.pdf,https://www.anthem.com/ct/pharmacy-information/drug-list-formulary,https://www.anthem.com/sitemap.xml > https://www.anthem.com/ct/pharmacy-information/drug-list-formulary > https://fm.formularynavigator.com/FBO/143/National_Drug_List_5_Tier_ABS_CT_SP.pdf,pdf,,,,200,b936f83628bc6c04d797be90044e5abfdd17a1695be36f69387f1179936d4d09,1143141,N,static,sitemap|css_selector|url_pattern,0.8,2026-10-06T17:56:38Z,
Elevance / Anthem,,Pennsylvania,Unknown,National Drug List Drug list — Five Tier Drug Plan,drug_list,https://fm.formularynavigator.com/FBO/143/National_Drug_List_5_Tier_ABS_CT.pdf,https://www.anthem.com/ct/pharmacy-information/drug-list-formulary,https://www.anthem.com/sitemap.xml > https://www.anthem.com/ct/pharmacy-information/drug-list-formulary > https://fm.formularynavigator.com/FBO/143/National_Drug_List_5_Tier_ABS_CT.pdf,pdf,,,,200,2c241e7cd6f233f2cfa09bf41174aa70ade96c09f3180023965c4155de4b1a39,1486220,N,static,sitemap|css_selector|url_pattern,0.9,2026-10-06T17:56:38Z,
Elevance / Anthem,,Unknown,Unknown,2024 National-CT Drug List Medication Alternatives,drug_list,https://file.anthem.com/64774CTEENABS-1.1.pdf,https://www.anthem.com/ct/pharmacy-information/drug-list-formulary,https://www.anthem.com/sitemap.xml > https://www.anthem.com/ct/pharmacy-information/drug-list-formulary > http://file.anthem.com/64774CTEENABS-1.1.pdf > https://file.anthem.com/64774CTEENABS-1.1.pdf,pdf,,,2024-09-30,200,3ecc9da2eca4c97eb6def82b5e426eeacec52688cba5fd68f51b78dc00a23900,552166,N,static,sitemap|css_selector|url_pattern,0.95,2026-10-06T17:56:38Z,
Elevance / Anthem,,Alabama,Unknown,Lista de Medicamentos Nacional Lista de medicamentos — Plan de medicamentos de tres niveles,other,https://fm.formularynavigator.com/FBO/143/National_Drug_List_3_Tier_ABS_CT_SP.pdf,https://www.anthem.com/ct/pharmacy-information/drug-list-formulary,https://www.anthem.com/sitemap.xml > https://www.anthem.com/ct/pharmacy-information/drug-list-formulary > https://fm.formularynavigator.com/FBO/143/National_Drug_List_3_Tier_ABS_CT_SP.pdf,pdf,,,,200,210c2ce6f49e424eab7f21277d8c5d7517a844ebb3ccb70f96e943519521406e,1097452,N,static,sitemap|css_selector|url_pattern,0.8,2026-10-06T17:56:39Z,
Elevance / Anthem,,Alabama,Unknown,Lista de Medicamentos Nacional de 2024 Lista de medicamentos — Plan de medicamentos de tres niveles,other,https://fm.formularynavigator.com/FBO/143/2024_National_3_Tier_ABS_CT_FI_SP.pdf,https://www.anthem.com/ct/pharmacy-information/drug-list-formulary,https://www.anthem.com/sitemap.xml > https://www.anthem.com/ct/pharmacy-information/drug-list-formulary > https://fm.formularynavigator.com/FBO/143/2024_National_3_Tier_ABS_CT_FI_SP.pdf,pdf,,,,200,385e21d862eecad469a9665619da69bc354f449c3746f58167d78148ffc24d24,1176660,N,static,sitemap|css_selector|url_pattern,0.8,2026-10-06T17:56:39Z,
Elevance / Anthem,,Alabama,Unknown,Lista Nacional de Medicamentos de CT de 2024 Medication Alternatives,other,https://file.anthem.com/64774CTESPABS-1.1.pdf,https://www.anthem.com/ct/pharmacy-information/drug-list-formulary,https://www.anthem.com/sitemap.xml > https://www.anthem.com/ct/pharmacy-information/drug-list-formulary > http://file.anthem.com/64774CTESPABS-1.1.pdf > https://file.anthem.com/64774CTESPABS-1.1.pdf,pdf,,,2024-09-30,200,ba7e84dc4e99646fcb3f2f50f66320e772836c54c40c84bfd143fcd97b232149,554690,N,static,sitemap|css_selector|url_pattern,0.85,2026-10-06T17:56:40Z,
Elevance / Anthem,,Unknown,Unknown,2025 National-CT Drug List Medication Alternatives,drug_list,https://file.anthem.com/64774CTEENABS-7.1.pdf,https://www.anthem.com/ct/pharmacy-information/drug-list-formulary,https://www.anthem.com/sitemap.xml > https://www.anthem.com/ct/pharmacy-information/drug-list-formulary > http://file.anthem.com/64774CTEENABS-7.1.pdf > https://file.anthem.com/64774CTEENABS-7.1.pdf,pdf,,,2024-09-30,200,abf4498f26035fbd0b3bd0b50ae2bcf4141a869969739605e9962da7fe6484ea,553891,N,static,sitemap|css_selector|url_pattern,0.95,2026-10-06T17:56:40Z,
Elevance / Anthem,,Unknown,Unknown,o o,drug_list,https://fm.formularynavigator.com/FBO/143/CT_2025_Essential_4_Tier_ABS_CT_FI.pdf,https://www.anthem.com/ct/pharmacy-information/drug-list-formulary,https://www.anthem.com/sitemap.xml > https://www.anthem.com/ct/pharmacy-information/drug-list-formulary > https://fm.formularynavigator.com/FBO/143/CT_2025_Essential_4_Tier_ABS_CT_FI.pdf,pdf,,,,200,c89db16e1bcf674c2834d828614dc55f5098b5b130344a5978c98b2b57d1e8e6,1998080,N,static,sitemap|css_selector|url_pattern,0.9,2026-10-06T17:56:40Z,
Elevance / Anthem,,Alabama,Unknown,Lista Nacional de Medicamentos de CT de 2025 Medicamentos alternativos,other,https://file.anthem.com/64774CTESPABS-7.1.pdf,https://www.anthem.com/ct/pharmacy-information/drug-list-formulary,https://www.anthem.com/sitemap.xml > https://www.anthem.com/ct/pharmacy-information/drug-list-formulary > http://file.anthem.com/64774CTESPABS-7.1.pdf > https://file.anthem.com/64774CTESPABS-7.1.pdf,pdf,,,2024-10-03,200,6be47f1dc3edc45ad5684d5bbdfe103f0375e33962f944fccea8cee6ef777def,558993,N,static,sitemap|css_selector|url_pattern,0.85,2026-10-06T17:56:40Z,
Elevance / Anthem,,Pennsylvania,Unknown,2024 National Drug List Drug list — Three Tier Drug Plan,drug_list,https://fm.formularynavigator.com/FBO/143/2024_National_3_Tier_ABS_CT_FI.pdf,https://www.anthem.com/ct/pharmacy-information/drug-list-formulary,https://www.anthem.com/sitemap.xml > https://www.anthem.com/ct/pharmacy-information/drug-list-formulary > https://fm.formularynavigator.com/FBO/143/2024_National_3_Tier_ABS_CT_FI.pdf,pdf,,,,200,be14d3edd14ce65dd7d99e518df1a40dd072aacf1ae6aa470b41c14519f8832a,1411862,N,static,sitemap|css_selector|url_pattern,0.9,2026-10-06T17:56:40Z,
Elevance / Anthem,,Pennsylvania,Unknown,2024 National Drug List Drug list — Four Tier Drug Plan,drug_list,https://fm.formularynavigator.com/FBO/143/2024_National_4_Tier_ABS_CT_FI.pdf,https://www.anthem.com/ct/pharmacy-information/drug-list-formulary,https://www.anthem.com/sitemap.xml > https://www.anthem.com/ct/pharmacy-information/drug-list-formulary > https://fm.formularynavigator.com/FBO/143/2024_National_4_Tier_ABS_CT_FI.pdf,pdf,,,,200,3a34ecafb534b556b69f19ead2a604438881cf00ddd14ca6bbfa00f74b089c7a,1410958,N,static,sitemap|css_selector|url_pattern,0.9,2026-10-06T17:56:41Z,
Elevance / Anthem,,Pennsylvania,Unknown,2025 National Drug List Drug list — Three Tier Drug Plan,drug_list,https://fm.formularynavigator.com/FBO/143/CT_2025_National_3_Tier_ABS_CT_FI.pdf,https://www.anthem.com/ct/pharmacy-information/drug-list-formulary,https://www.anthem.com/sitemap.xml > https://www.anthem.com/ct/pharmacy-information/drug-list-formulary > https://fm.formularynavigator.com/FBO/143/CT_2025_National_3_Tier_ABS_CT_FI.pdf,pdf,,,,200,744fad806f61eb42e898ea6107a61fd29f7b83b1409c82ff6d08b4c6be109bae,1142888,N,static,sitemap|css_selector|url_pattern,0.9,2026-10-06T17:56:41Z,
Elevance / Anthem,,Alabama,Unknown,Lista de Medicamentos Nacional de 2024 Lista de medicamentos — Plan de medicamentos de cuatro niveles,other,https://fm.formularynavigator.com/FBO/143/2024_National_4_Tier_ABS_CT_FI_SP.pdf,https://www.anthem.com/ct/pharmacy-information/drug-list-formulary,https://www.anthem.com/sitemap.xml > https://www.anthem.com/ct/pharmacy-information/drug-list-formulary > https://fm.formularynavigator.com/FBO/143/2024_National_4_Tier_ABS_CT_FI_SP.pdf,pdf,,,,200,1c3e8189ded6244056513d5537df7332426193e0db5c9e348ef198e694f626ff,1185815,N,static,sitemap|css_selector|url_pattern,0.8,2026-10-06T17:56:41Z,
Elevance / Anthem,,Pennsylvania,Unknown,2026 National Drug List Drug list — Three Tier Drug Plan,drug_list,https://fm.formularynavigator.com/FBO/143/CT_2026_National_3_Tier_ABS_CT_FI.pdf,https://www.anthem.com/ct/pharmacy-information/drug-list-formulary,https://www.anthem.com/sitemap.xml > https://www.anthem.com/ct/pharmacy-information/drug-list-formulary > https://fm.formularynavigator.com/FBO/143/CT_2026_National_3_Tier_ABS_CT_FI.pdf,pdf,,,,200,18ac5a90580ef58dcd96009f7f47a51e201e3732ddcadc3936a478cdf2325fe7,1412593,N,static,sitemap|css_selector|url_pattern,0.9,2026-10-06T17:56:41Z,
Elevance / Anthem,,Alabama,Unknown,Lista de Medicamentos Nacional de 2026 Lista de medicamentos — Plan de medicamentos de cuatro niveles,other,https://fm.formularynavigator.com/FBO/143/CT_2026_National_4_Tier_ABS_CT_FI_Spanish.pdf,https://www.anthem.com/ct/pharmacy-information/drug-list-formulary,https://www.anthem.com/sitemap.xml > https://www.anthem.com/ct/pharmacy-information/drug-list-formulary > https://fm.formularynavigator.com/FBO/143/CT_2026_National_4_Tier_ABS_CT_FI_Spanish.pdf,pdf,,,,200,cf7e3f2ffc47b0b3a66444535acb2e2ef9a1caf745a3b8b9b23ce8b8a7881e98,1087119,N,static,sitemap|css_selector|url_pattern,0.8,2026-10-06T17:56:42Z,
Elevance / Anthem,,Alabama,Unknown,Lista de Medicamentos Nacional de 2025 Lista de medicamentos — Plan de medicamentos de cuatro niveles,other,https://fm.formularynavigator.com/FBO/143/CT_2025_National_4_Tier_ABS_CT_FI_Spanish.pdf,https://www.anthem.com/ct/pharmacy-information/drug-list-formulary,https://www.anthem.com/sitemap.xml > https://www.anthem.com/ct/pharmacy-information/drug-list-formulary > https://fm.formularynavigator.com/FBO/143/CT_2025_National_4_Tier_ABS_CT_FI_Spanish.pdf,pdf,,,,200,2c5394857b57aab934e60a00fb640c847df42a924b6dd523b2564eae942265bf,768251,N,static,sitemap|css_selector|url_pattern,0.8,2026-10-06T17:56:42Z,
Elevance / Anthem,,Unknown,Unknown,2026 National-CT Drug List Medication Alternatives,drug_list,https://file.anthem.com/A03138CTEENABS.pdf,https://www.anthem.com/ct/pharmacy-information/drug-list-formulary,https://www.anthem.com/sitemap.xml > https://www.anthem.com/ct/pharmacy-information/drug-list-formulary > http://file.anthem.com/A03138CTEENABS.pdf > https://file.anthem.com/A03138CTEENABS.pdf,pdf,,,2025-10-07,200,b85fcaa599d7d1ca0945d13777dbbf017fc48497a697c054892610bc97d23698,536759,N,static,sitemap|css_selector|url_pattern,0.95,2026-10-06T17:56:42Z,
Elevance / Anthem,,Alabama,Unknown,Lista Nacional de Medicamentos de CT de 2026 Medication Alternatives,drug_list,https://file.anthem.com/A03138CTESPABS.pdf,https://www.anthem.com/ct/pharmacy-information/drug-list-formulary,https://www.anthem.com/sitemap.xml > https://www.anthem.com/ct/pharmacy-information/drug-list-formulary > http://file.anthem.com/A03138CTESPABS.pdf > https://file.anthem.com/A03138CTESPABS.pdf,pdf,,,2025-10-07,200,b6d2469dfec7b7fb739991015396581994c29fbbc07a9c31e0d91d5f164eee0a,531418,N,static,sitemap|css_selector|url_pattern,0.95,2026-10-06T17:56:42Z,
Elevance / Anthem,,Unknown,Unknown,2026 National Drug List Drug list — Four Tier Drug Plan,drug_list,https://fm.formularynavigator.com/FBO/143/CT_2026_National_4_Tier_ABS_CT_FI.pdf,https://www.anthem.com/ct/pharmacy-information/drug-list-formulary,https://www.anthem.com/sitemap.xml > https://www.anthem.com/ct/pharmacy-information/drug-list-formulary > https://fm.formularynavigator.com/FBO/143/CT_2026_National_4_Tier_ABS_CT_FI.pdf,pdf,,,,200,8fa9b7b9c790c15f6e4794c5a8a63abf8e58090ede3d992e6430e09aeeaf3b03,1406079,N,static,sitemap|css_selector|url_pattern,0.9,2026-10-06T17:56:42Z,
Elevance / Anthem,,Unknown,Unknown,o o,drug_list,https://fm.formularynavigator.com/FBO/143/CT_2025_National_4_Tier_ABS_CT_FI.pdf,https://www.anthem.com/ct/pharmacy-information/drug-list-formulary,https://www.anthem.com/sitemap.xml > https://www.anthem.com/ct/pharmacy-information/drug-list-formulary > https://fm.formularynavigator.com/FBO/143/CT_2025_National_4_Tier_ABS_CT_FI.pdf,pdf,,,,200,a20a543ea570d0b6a1086f27600efc709aa6f2d4bee7062bccff6fb7bc5ea8ea,2360330,N,static,sitemap|css_selector|url_pattern,0.9,2026-10-06T17:56:43Z,
Elevance / Anthem,,Alabama,Unknown,Lista de Medicamentos Nacional de 2026 Lista de medicamentos — Plan de medicamentos de tres niveles,other,https://fm.formularynavigator.com/FBO/143/CT_2026_National_3_Tier_ABS_CT_FI_Spanish.pdf,https://www.anthem.com/ct/pharmacy-information/drug-list-formulary,https://www.anthem.com/sitemap.xml > https://www.anthem.com/ct/pharmacy-information/drug-list-formulary > https://fm.formularynavigator.com/FBO/143/CT_2026_National_3_Tier_ABS_CT_FI_Spanish.pdf,pdf,,,,200,b8d729b4883f8196dbff794d6f1aa3964f14cfe51dc4e596817a3784fd6179b8,1038573,N,static,sitemap|css_selector|url_pattern,0.8,2026-10-06T17:56:43Z,
Elevance / Anthem,,Alabama,Unknown,Lista de Medicamentos Nacional de 2025 Lista de medicamentos — Plan de medicamentos de tres niveles,other,https://fm.formularynavigator.com/FBO/143/CT_2025_National_3_Tier_ABS_CT_FI_Spanish.pdf,https://www.anthem.com/ct/pharmacy-information/drug-list-formulary,https://www.anthem.com/sitemap.xml > https://www.anthem.com/ct/pharmacy-information/drug-list-formulary > https://fm.formularynavigator.com/FBO/143/CT_2025_National_3_Tier_ABS_CT_FI_Spanish.pdf,pdf,,,,200,b27dcc6bbd76f17d1551d9c87612760fa7936fd0a09878e386853a9dac96dd9e,1368938,N,static,sitemap|css_selector|url_pattern,0.8,2026-10-06T17:56:44Z,
Elevance / Anthem,,Alabama,Unknown,Lista Nacional Directa de Medicamentos Lista de medicamentos — Plan de medicamentos de tres niveles,other,https://fm.formularynavigator.com/FBO/143/National_Direct_Drug_List_3_Tier_ABS_CT_SP.pdf,https://www.anthem.com/ct/pharmacy-information/drug-list-formulary,https://www.anthem.com/sitemap.xml > https://www.anthem.com/ct/pharmacy-information/drug-list-formulary > https://fm.formularynavigator.com/FBO/143/National_Direct_Drug_List_3_Tier_ABS_CT_SP.pdf,pdf,,,,200,c166cf341027331829c4a9870696c3b433a453a69446c48c41bfed89434c7c61,1328450,N,static,sitemap|css_selector|url_pattern,0.8,2026-10-06T17:56:44Z,
Elevance / Anthem,,Pennsylvania,Unknown,National Direct Plus Drug List Drug list — Four Tier Drug Plan,drug_list,https://fm.formularynavigator.com/FBO/143/National_Direct_Plus_4_Tier_ABS_CT.pdf,https://www.anthem.com/ct/pharmacy-information/drug-list-formulary,https://www.anthem.com/sitemap.xml > https://www.anthem.com/ct/pharmacy-information/drug-list-formulary > https://fm.formularynavigator.com/FBO/143/National_Direct_Plus_4_Tier_ABS_CT.pdf,pdf,,,,200,385324dde143f7c24d5414ecd7e7dd6270367a69b8052160ee3e60cfe6669087,1478248,N,static,sitemap|css_selector|url_pattern,0.9,2026-10-06T17:56:45Z,
Elevance / Anthem,,Alabama,Unknown,Lista de Medicamentos Nacional Lista de medicamentos — Plan de medicamentos de cuatro niveles,other,https://fm.formularynavigator.com/FBO/143/National_Drug_List_4_Tier_ABS_CT_SP.pdf,https://www.anthem.com/ct/pharmacy-information/drug-list-formulary,https://www.anthem.com/sitemap.xml > https://www.anthem.com/ct/pharmacy-information/drug-list-formulary > https://fm.formularynavigator.com/FBO/143/National_Drug_List_4_Tier_ABS_CT_SP.pdf,pdf,,,,200,3500d13a15a7c8a94ddc660ce49cda36706e6da0f7ce54d0367ed805e6a0133f,1104197,N,static,sitemap|css_selector|url_pattern,0.8,2026-10-06T17:56:45Z,
Elevance / Anthem,,Pennsylvania,Unknown,National Direct Drug List Drug list — Three Tier Drug Plan,drug_list,https://fm.formularynavigator.com/FBO/143/National_Direct_Drug_List_3_Tier_ABS_CT.pdf,https://www.anthem.com/ct/pharmacy-information/drug-list-formulary,https://www.anthem.com/sitemap.xml > https://www.anthem.com/ct/pharmacy-information/drug-list-formulary > https://fm.formularynavigator.com/FBO/143/National_Direct_Drug_List_3_Tier_ABS_CT.pdf,pdf,,,,200,a7a7c31fe9e49acc2b6181eb387b5ec9757ec638c5eefd8e6780604c36823eaf,1478247,N,static,sitemap|css_selector|url_pattern,0.9,2026-10-06T17:56:45Z,
Elevance / Anthem,,Pennsylvania,Unknown,National Direct Drug List Drug list — Four Tier Drug Plan,drug_list,https://fm.formularynavigator.com/FBO/143/National_Direct_Drug_List_4_Tier_ABS_CT.pdf,https://www.anthem.com/ct/pharmacy-information/drug-list-formulary,https://www.anthem.com/sitemap.xml > https://www.anthem.com/ct/pharmacy-information/drug-list-formulary > https://fm.formularynavigator.com/FBO/143/National_Direct_Drug_List_4_Tier_ABS_CT.pdf,pdf,,,,200,f09cee10a9dfc5e320bd08ecb7ebb0343f89b00d47ade7ea17bbc2a71ab730c9,1478314,N,static,sitemap|css_selector|url_pattern,0.9,2026-10-06T17:56:46Z,
Elevance / Anthem,,Pennsylvania,Unknown,National Direct Plus Drug List Drug list — Five Tier Drug Plan,drug_list,https://fm.formularynavigator.com/FBO/143/National_Direct_Plus_5_Tier_ABS_CT.pdf,https://www.anthem.com/ct/pharmacy-information/drug-list-formulary,https://www.anthem.com/sitemap.xml > https://www.anthem.com/ct/pharmacy-information/drug-list-formulary > https://fm.formularynavigator.com/FBO/143/National_Direct_Plus_5_Tier_ABS_CT.pdf,pdf,,,,200,59eea2f9f3e41f5158d3bcb8c4ebe69dee1cc4d8fb6805e30e1195aeec54e419,1479899,N,static,sitemap|css_selector|url_pattern,0.9,2026-10-06T17:56:46Z,
Elevance / Anthem,,Pennsylvania,Unknown,National Direct Drug List Drug list — Five Tier Drug Plan,drug_list,https://fm.formularynavigator.com/FBO/143/National_Direct_Drug_List_5_Tier_ABS_CT.pdf,https://www.anthem.com/ct/pharmacy-information/drug-list-formulary,https://www.anthem.com/sitemap.xml > https://www.anthem.com/ct/pharmacy-information/drug-list-formulary > https://fm.formularynavigator.com/FBO/143/National_Direct_Drug_List_5_Tier_ABS_CT.pdf,pdf,,,,200,a6c4d30a49389fbf814d4abd0ef232dd7cccf2bca8411929e178e696b6495052,1479762,N,static,sitemap|css_selector|url_pattern,0.9,2026-10-06T17:56:46Z,
Elevance / Anthem,,Alabama,Unknown,Lista Nacional Directa de Medicamentos Lista de medicamentos — Five Tier Drug Plan,other,https://fm.formularynavigator.com/FBO/143/National_Direct_Drug_List_5_Tier_ABS_CT_SP.pdf,https://www.anthem.com/ct/pharmacy-information/drug-list-formulary,https://www.anthem.com/sitemap.xml > https://www.anthem.com/ct/pharmacy-information/drug-list-formulary > https://fm.formularynavigator.com/FBO/143/National_Direct_Drug_List_5_Tier_ABS_CT_SP.pdf,pdf,,,,200,c2cc6f71836906b504923f5978f1a9f9e0198f27c92ac9d1572a5aa999ad1c22,1136341,N,static,sitemap|css_selector|url_pattern,0.8,2026-10-06T17:56:46Z,
Elevance / Anthem,,Alabama,Unknown,Lista Nacional Directa Más de Medicamentos Lista de medicamentos — Plan de medicamentos de tres niveles,other,https://fm.formularynavigator.com/FBO/143/National_Direct_Plus_3_Tier_ABS_CT_SP.pdf,https://www.anthem.com/ct/pharmacy-information/drug-list-formulary,https://www.anthem.com/sitemap.xml > https://www.anthem.com/ct/pharmacy-information/drug-list-formulary > https://fm.formularynavigator.com/FBO/143/National_Direct_Plus_3_Tier_ABS_CT_SP.pdf,pdf,,,,200,82796257c247dc0b9339c14f32c1886a3e615618152b2af8382199b2e43a64c5,1092412,N,static,sitemap|css_selector|url_pattern,0.8,2026-10-06T17:56:46Z,
Elevance / Anthem,,North Carolina,Unknown,2027 Connecticut Select Drug List - Negative Changes,drug_list,https://www.anthem.com/content/dam/digital/docs/pharmacy-information/CT_Select_Drug_List_Changes.pdf,https://www.anthem.com/ct/pharmacy-information/drug-list-formulary,https://www.anthem.com/sitemap.xml > https://www.anthem.com/ct/pharmacy-information/drug-list-formulary > https://www.anthem.com/content/dam/digital/docs/pharmacy-information/CT_Select_Drug_List_Changes.pdf,pdf,,,2026-09-30,200,6452bacd10689c06c5e7d16c7f96a236987fa64502da291988d8a512bf073da5,111256,N,static,sitemap|css_selector|url_pattern,0.95,2026-10-06T17:56:46Z,
Elevance / Anthem,,Pennsylvania,Unknown,Select Drug List Drug list — Four Tier Drug Plan,drug_list,https://fm.formularynavigator.com/FBO/143/2027_Select_4_Tier_CT_IND.pdf,https://www.anthem.com/ct/pharmacy-information/drug-list-formulary,https://www.anthem.com/sitemap.xml > https://www.anthem.com/ct/pharmacy-information/drug-list-formulary > https://fm.formularynavigator.com/FBO/143/2027_Select_4_Tier_CT_IND.pdf,pdf,,,,200,38def04a370e96a0c722e16b09008cf9ae7d5fd3e811bfeb7f32ab30af8529a0,1091856,N,static,sitemap|css_selector|url_pattern,0.9,2026-10-06T17:56:47Z,
Elevance / Anthem,,Pennsylvania,Unknown,National Direct Plus Drug List Drug list — Three Tier Drug Plan,drug_list,https://fm.formularynavigator.com/FBO/143/National_Direct_Plus_3_Tier_ABS_CT.pdf,https://www.anthem.com/ct/pharmacy-information/drug-list-formulary,https://www.anthem.com/sitemap.xml > https://www.anthem.com/ct/pharmacy-information/drug-list-formulary > https://fm.formularynavigator.com/FBO/143/National_Direct_Plus_3_Tier_ABS_CT.pdf,pdf,,,,200,0fe75a7b701fadcfd1a0782990862eb8894b4d851dc2833e42a1b4cf99a32fff,1478261,N,static,sitemap|css_selector|url_pattern,0.9,2026-10-06T17:56:47Z,
Elevance / Anthem,,Pennsylvania,Unknown,National Drug List Drug list — Four Tier Drug Plan,drug_list,https://fm.formularynavigator.com/FBO/143/National_Drug_List_4_Tier_ABS_CT.pdf,https://www.anthem.com/ct/pharmacy-information/drug-list-formulary,https://www.anthem.com/sitemap.xml > https://www.anthem.com/ct/pharmacy-information/drug-list-formulary > https://fm.formularynavigator.com/FBO/143/National_Drug_List_4_Tier_ABS_CT.pdf,pdf,,,,200,ce780b07cb3ff0363d39dea7d0e42be5fe23ffdb8d004ca05e1fd21b14cafef0,1524476,N,static,sitemap|css_selector|url_pattern,0.9,2026-10-06T17:56:47Z,
Elevance / Anthem,,Alabama,Unknown,Lista de medicamentos seleccionados Lista de medicamentos — Plan de medicamentos de cuatro niveles,other,https://fm.formularynavigator.com/FBO/143/2025_Select_4_Tier_CT_IND_SP.pdf,https://www.anthem.com/ct/pharmacy-information/drug-list-formulary,https://www.anthem.com/sitemap.xml > https://www.anthem.com/ct/pharmacy-information/drug-list-formulary > https://fm.formularynavigator.com/FBO/143/2025_Select_4_Tier_CT_IND_SP.pdf,pdf,,,,200,870b63f0e282407fe6dd3e3e57554cf052bacb7de952ef6009798a6d4624b0cb,901471,N,static,sitemap|css_selector|url_pattern,0.8,2026-10-06T17:56:47Z,
Elevance / Anthem,,Alabama,Unknown,Lista Nacional Directa de Medicamentos Lista de medicamentos — Plan de medicamentos de cuatro niveles,other,https://fm.formularynavigator.com/FBO/143/National_Direct_Drug_List_4_Tier_ABS_CT_SP.pdf,https://www.anthem.com/ct/pharmacy-information/drug-list-formulary,https://www.anthem.com/sitemap.xml > https://www.anthem.com/ct/pharmacy-information/drug-list-formulary > https://fm.formularynavigator.com/FBO/143/National_Direct_Drug_List_4_Tier_ABS_CT_SP.pdf,pdf,,,,200,ac394e0daaf3d71b579c9adab3280062070abc11e429f96c51118eee3964f93d,1097026,N,static,sitemap|css_selector|url_pattern,0.8,2026-10-06T17:56:47Z,
Elevance / Anthem,,Alabama,Unknown,Lista Nacional Directa Más de Medicamentos Lista de medicamentos — Five Tier Drug Plan,other,https://fm.formularynavigator.com/FBO/143/National_Direct_Plus_5_Tier_ABS_CT_SP.pdf,https://www.anthem.com/ct/pharmacy-information/drug-list-formulary,https://www.anthem.com/sitemap.xml > https://www.anthem.com/ct/pharmacy-information/drug-list-formulary > https://fm.formularynavigator.com/FBO/143/National_Direct_Plus_5_Tier_ABS_CT_SP.pdf,pdf,,,,200,d83153805cfacc8abb09bf12b1a2cdfc530617f938d1e0274a127ff1ba56ac5e,1136622,N,static,sitemap|css_selector|url_pattern,0.8,2026-10-06T17:56:48Z,
Elevance / Anthem,,Alabama,Unknown,Lista de medicamentos seleccionados Lista de medicamentos — Plan de medicamentos de cuatro niveles,other,https://fm.formularynavigator.com/FBO/143/2026_Select_4_Tier_CT_IND_SP.pdf,https://www.anthem.com/ct/pharmacy-information/drug-list-formulary,https://www.anthem.com/sitemap.xml > https://www.anthem.com/ct/pharmacy-information/drug-list-formulary > https://fm.formularynavigator.com/FBO/143/2026_Select_4_Tier_CT_IND_SP.pdf,pdf,,,,200,e875dab918d28a7e502b6764b8d33a53f32bc7941c6ab60f4e53f4f001d82f61,877014,N,static,sitemap|css_selector|url_pattern,0.8,2026-10-06T17:56:48Z,
Elevance / Anthem,,Alabama,Unknown,Lista de medicamentos seleccionados Lista de medicamentos — Plan de medicamentos de cuatro niveles,other,https://fm.formularynavigator.com/FBO/143/2027_Select_4_Tier_CT_IND_SP.pdf,https://www.anthem.com/ct/pharmacy-information/drug-list-formulary,https://www.anthem.com/sitemap.xml > https://www.anthem.com/ct/pharmacy-information/drug-list-formulary > https://fm.formularynavigator.com/FBO/143/2027_Select_4_Tier_CT_IND_SP.pdf,pdf,,,,200,fc1203faa204813623c317bc76629cd3c64e3b3f57ad335bb3489a7b100fed1e,1173335,N,static,sitemap|css_selector|url_pattern,0.8,2026-10-06T17:56:48Z,
Elevance / Anthem,,Pennsylvania,Unknown,Select Drug List Drug list — Four Tier Drug Plan,drug_list,https://fm.formularynavigator.com/FBO/143/2027_Select_4_Tier_CT_SG.pdf,https://www.anthem.com/ct/pharmacy-information/drug-list-formulary,https://www.anthem.com/sitemap.xml > https://www.anthem.com/ct/pharmacy-information/drug-list-formulary > https://fm.formularynavigator.com/FBO/143/2027_Select_4_Tier_CT_SG.pdf,pdf,,,,200,a0bfd50e997c27063390688c5143c697b9ea48250d4f6749906c46768cd688eb,1091068,N,static,sitemap|css_selector|url_pattern,0.9,2026-10-06T17:56:49Z,
Elevance / Anthem,,Pennsylvania,Unknown,Select Drug List Drug list — Three Tier Drug Plan,drug_list,https://fm.formularynavigator.com/FBO/143/2027_Select_3_Tier_CT_SG.pdf,https://www.anthem.com/ct/pharmacy-information/drug-list-formulary,https://www.anthem.com/sitemap.xml > https://www.anthem.com/ct/pharmacy-information/drug-list-formulary > https://fm.formularynavigator.com/FBO/143/2027_Select_3_Tier_CT_SG.pdf,pdf,,,,200,ae93439ad3ec83d46c55ed6c872fd6510e50652f920815e529f87bc72ddb8edf,1135757,N,static,sitemap|css_selector|url_pattern,0.9,2026-10-06T17:56:49Z,
Elevance / Anthem,,Pennsylvania,Unknown,Select Drug List Drug list — Four Tier Drug Plan,drug_list,https://fm.formularynavigator.com/FBO/143/2026_Select_4_Tier_CT_IND.pdf,https://www.anthem.com/ct/pharmacy-information/drug-list-formulary,https://www.anthem.com/sitemap.xml > https://www.anthem.com/ct/pharmacy-information/drug-list-formulary > https://fm.formularynavigator.com/FBO/143/2026_Select_4_Tier_CT_IND.pdf,pdf,,,,200,ab7afe997dcf8da9981742eb8e1407c4924d887336560f8ffc24ec8b98ef2c28,894011,N,static,sitemap|css_selector|url_pattern,0.9,2026-10-06T17:56:49Z,
Elevance / Anthem,,Alabama,Unknown,Lista de medicamentos seleccionados Lista de medicamentos — Plan de medicamentos de cuatro niveles,other,https://fm.formularynavigator.com/FBO/143/2027_Select_4_Tier_CT_SG_Split_SP.pdf,https://www.anthem.com/ct/pharmacy-information/drug-list-formulary,https://www.anthem.com/sitemap.xml > https://www.anthem.com/ct/pharmacy-information/drug-list-formulary > https://fm.formularynavigator.com/FBO/143/2027_Select_4_Tier_CT_SG_Split_SP.pdf,pdf,,,,200,f825250f65f309541e4cb217608cf1672de28f1affc2106bfdc0372d41f76a72,1175193,N,static,sitemap|css_selector|url_pattern,0.8,2026-10-06T17:56:49Z,
Elevance / Anthem,,Pennsylvania,Unknown,Select Drug List Drug list — Four Tier Drug Plan,drug_list,https://fm.formularynavigator.com/FBO/143/2026_Select_4_Tier_CT_SG_Split.pdf,https://www.anthem.com/ct/pharmacy-information/drug-list-formulary,https://www.anthem.com/sitemap.xml > https://www.anthem.com/ct/pharmacy-information/drug-list-formulary > https://fm.formularynavigator.com/FBO/143/2026_Select_4_Tier_CT_SG_Split.pdf,pdf,,,,200,3e69c1da7fe2c431b33122f5cd5ae741aadf2af6473b0f2a974eca2dbee1d4e7,900846,N,static,sitemap|css_selector|url_pattern,0.9,2026-10-06T17:56:50Z,
Elevance / Anthem,,Pennsylvania,Unknown,Select Drug List Drug list — Four Tier Drug Plan,drug_list,https://fm.formularynavigator.com/FBO/143/2026_Select_4_Tier_CT_SG.pdf,https://www.anthem.com/ct/pharmacy-information/drug-list-formulary,https://www.anthem.com/sitemap.xml > https://www.anthem.com/ct/pharmacy-information/drug-list-formulary > https://fm.formularynavigator.com/FBO/143/2026_Select_4_Tier_CT_SG.pdf,pdf,,,,200,d96e2dc579f17f120a12f6d5b52e4b704a748ad215ece508901ad4d8b8d546f0,879532,N,static,sitemap|css_selector|url_pattern,0.9,2026-10-06T17:56:50Z,
Elevance / Anthem,,Alabama,Unknown,Lista de medicamentos Seleccionados Lista de medicamentos — Plan de medicamentos de cuatro niveles,other,https://fm.formularynavigator.com/FBO/143/2026_Select_4_Tier_CT_SG_SP.pdf,https://www.anthem.com/ct/pharmacy-information/drug-list-formulary,https://www.anthem.com/sitemap.xml > https://www.anthem.com/ct/pharmacy-information/drug-list-formulary > https://fm.formularynavigator.com/FBO/143/2026_Select_4_Tier_CT_SG_SP.pdf,pdf,,,,200,d7eae3a399ec8890b2f76a47c25ccc0629e382814f47fed1555bffdb688c1768,783770,N,static,sitemap|css_selector|url_pattern,0.8,2026-10-06T17:56:50Z,
Elevance / Anthem,,Alabama,Unknown,Lista de medicamentos Seleccionados Lista de medicamentos — Plan de medicamentos de cuatro niveles,other,https://fm.formularynavigator.com/FBO/143/2027_Select_4_Tier_CT_SG_SP.pdf,https://www.anthem.com/ct/pharmacy-information/drug-list-formulary,https://www.anthem.com/sitemap.xml > https://www.anthem.com/ct/pharmacy-information/drug-list-formulary > https://fm.formularynavigator.com/FBO/143/2027_Select_4_Tier_CT_SG_SP.pdf,pdf,,,,200,0fdfd8c3c0400849ed125dedf89451ffb1570080fb117198caad89e53ede44b7,1169667,N,static,sitemap|css_selector|url_pattern,0.8,2026-10-06T17:56:51Z,
Elevance / Anthem,,Alabama,Unknown,Lista de medicamentos seleccionados Lista de medicamentos — Plan de medicamentos de cuatro niveles,other,https://fm.formularynavigator.com/FBO/143/2026_Select_4_Tier_CT_SG_Split_SP.pdf,https://www.anthem.com/ct/pharmacy-information/drug-list-formulary,https://www.anthem.com/sitemap.xml > https://www.anthem.com/ct/pharmacy-information/drug-list-formulary > https://fm.formularynavigator.com/FBO/143/2026_Select_4_Tier_CT_SG_Split_SP.pdf,pdf,,,,200,8dfd09bb32ca4701591d42bcaf4b323b8b83d4ab46fcb690f51663d27477f684,872022,N,static,sitemap|css_selector|url_pattern,0.8,2026-10-06T17:56:51Z,
Elevance / Anthem,,Pennsylvania,Unknown,Select Drug List Drug list — Three Tier Drug Plan,drug_list,https://fm.formularynavigator.com/FBO/143/2026_Select_3_Tier_CT_SG.pdf,https://www.anthem.com/ct/pharmacy-information/drug-list-formulary,https://www.anthem.com/sitemap.xml > https://www.anthem.com/ct/pharmacy-information/drug-list-formulary > https://fm.formularynavigator.com/FBO/143/2026_Select_3_Tier_CT_SG.pdf,pdf,,,,200,f5d5681f75adf902d6a2513e085497424686b93c9f10b2a2e3e397be4bf90901,1036083,N,static,sitemap|css_selector|url_pattern,0.9,2026-10-06T17:56:51Z,
Elevance / Anthem,,Pennsylvania,Unknown,Select Drug List Drug list — Four Tier Drug Plan,drug_list,https://fm.formularynavigator.com/FBO/143/2025_Select_4_Tier_CT_SG.pdf,https://www.anthem.com/ct/pharmacy-information/drug-list-formulary,https://www.anthem.com/sitemap.xml > https://www.anthem.com/ct/pharmacy-information/drug-list-formulary > https://fm.formularynavigator.com/FBO/143/2025_Select_4_Tier_CT_SG.pdf,pdf,,,,200,ff6494a5337f11557858ff7ed7c3687e1cffba7e9cdd56c9fea05227c3fb70ae,900808,N,static,sitemap|css_selector|url_pattern,0.9,2026-10-06T17:56:51Z,
Elevance / Anthem,,Alabama,Unknown,Lista Nacional Directa Más de Medicamentos Lista de medicamentos — Plan de medicamentos de cuatro niveles,other,https://fm.formularynavigator.com/FBO/143/National_Direct_Plus_4_Tier_ABS_CT_SP.pdf,https://www.anthem.com/ct/pharmacy-information/drug-list-formulary,https://www.anthem.com/sitemap.xml > https://www.anthem.com/ct/pharmacy-information/drug-list-formulary > https://fm.formularynavigator.com/FBO/143/National_Direct_Plus_4_Tier_ABS_CT_SP.pdf,pdf,,,,200,f99ea52d92e85496e7bf4c00ce234701ce9a93b2c4f1af11c8f00f5cf29fa8b9,1097199,N,static,sitemap|css_selector|url_pattern,0.8,2026-10-06T17:56:51Z,
Elevance / Anthem,,Pennsylvania,Unknown,Select Drug List Drug list — Four Tier Drug Plan,drug_list,https://fm.formularynavigator.com/FBO/143/2027_Select_4_Tier_CT_SG_Split.pdf,https://www.anthem.com/ct/pharmacy-information/drug-list-formulary,https://www.anthem.com/sitemap.xml > https://www.anthem.com/ct/pharmacy-information/drug-list-formulary > https://fm.formularynavigator.com/FBO/143/2027_Select_4_Tier_CT_SG_Split.pdf,pdf,,,,200,e8ad4ab9f7ec140df24e17fb48dccd64c6e0ecc6985200f26163504fc80290a5,1096387,N,static,sitemap|css_selector|url_pattern,0.9,2026-10-06T17:56:51Z,
Elevance / Anthem,,Alabama,Unknown,Lista de medicamentos Seleccionados Lista de medicamentos — Plan de medicamentos de tres niveles,other,https://fm.formularynavigator.com/FBO/143/2025_Select_3_Tier_CT_SG_SP.pdf,https://www.anthem.com/ct/pharmacy-information/drug-list-formulary,https://www.anthem.com/sitemap.xml > https://www.anthem.com/ct/pharmacy-information/drug-list-formulary > https://fm.formularynavigator.com/FBO/143/2025_Select_3_Tier_CT_SG_SP.pdf,pdf,,,,200,c9164f742290a28d8b04e795713e97de139467b8ae33e593d69a2f67bb412366,808414,N,static,sitemap|css_selector|url_pattern,0.8,2026-10-06T17:56:52Z,
Elevance / Anthem,,Pennsylvania,Unknown,Select Drug List Drug list — Three Tier Drug Plan,drug_list,https://fm.formularynavigator.com/FBO/143/2025_Select_3_Tier_CT_SG.pdf,https://www.anthem.com/ct/pharmacy-information/drug-list-formulary,https://www.anthem.com/sitemap.xml > https://www.anthem.com/ct/pharmacy-information/drug-list-formulary > https://fm.formularynavigator.com/FBO/143/2025_Select_3_Tier_CT_SG.pdf,pdf,,,,200,37cc267bc652edda6494d2c3f74daaf9ebc7fca10e7a8da51d203a3e92578e52,1040857,N,static,sitemap|css_selector|url_pattern,0.9,2026-10-06T17:56:52Z,
Elevance / Anthem,,Alabama,Unknown,Lista de medicamentos seleccionados Lista de medicamentos — Plan de medicamentos de cuatro niveles,other,https://fm.formularynavigator.com/FBO/143/2025_Select_4_Tier_CT_SG_Split_SP.pdf,https://www.anthem.com/ct/pharmacy-information/drug-list-formulary,https://www.anthem.com/sitemap.xml > https://www.anthem.com/ct/pharmacy-information/drug-list-formulary > https://fm.formularynavigator.com/FBO/143/2025_Select_4_Tier_CT_SG_Split_SP.pdf,pdf,,,,200,988a26d8db45ae1413195e574791aa10d87f30c01b21bf27e76db441272b9deb,896636,N,static,sitemap|css_selector|url_pattern,0.8,2026-10-06T17:56:52Z,
Elevance / Anthem,,Pennsylvania,Unknown,Select Drug List Drug list — Four Tier Drug Plan,drug_list,https://fm.formularynavigator.com/FBO/143/2025_Select_4_Tier_CT_SG_Split.pdf,https://www.anthem.com/ct/pharmacy-information/drug-list-formulary,https://www.anthem.com/sitemap.xml > https://www.anthem.com/ct/pharmacy-information/drug-list-formulary > https://fm.formularynavigator.com/FBO/143/2025_Select_4_Tier_CT_SG_Split.pdf,pdf,,,,200,65e8212552ba8ea75481147f8bc1ccb1bd0150b2f447290ad5910ba5bfe03c4a,922436,N,static,sitemap|css_selector|url_pattern,0.9,2026-10-06T17:56:53Z,
Elevance / Anthem,,Pennsylvania,Unknown,Traditional Drug List Drug list — Five Tier Drug Plan,drug_list,https://fm.formularynavigator.com/FBO/143/Traditional_Open_Drug_List_5_Tier_ABS_CT.pdf,https://www.anthem.com/ct/pharmacy-information/drug-list-formulary,https://www.anthem.com/sitemap.xml > https://www.anthem.com/ct/pharmacy-information/drug-list-formulary > https://fm.formularynavigator.com/FBO/143/Traditional_Open_Drug_List_5_Tier_ABS_CT.pdf,pdf,,,,200,1ef513d8e7be9df5efe3ab0526d4e8f6c76fdbdf0d21e0e9be3445e478e39214,1723095,N,static,sitemap|css_selector|url_pattern,0.9,2026-10-06T17:56:54Z,
Elevance / Anthem,,Alabama,Unknown,Lista de medicamentos Seleccionados Lista de medicamentos — Plan de medicamentos de cuatro niveles,other,https://fm.formularynavigator.com/FBO/143/2025_Select_4_Tier_CT_SG_SP.pdf,https://www.anthem.com/ct/pharmacy-information/drug-list-formulary,https://www.anthem.com/sitemap.xml > https://www.anthem.com/ct/pharmacy-information/drug-list-formulary > https://fm.formularynavigator.com/FBO/143/2025_Select_4_Tier_CT_SG_SP.pdf,pdf,,,,200,c92dbc3c076671ecfdd2ea8daee2e6e4938b9f44c6253880ce94e4806efbbba2,891235,N,static,sitemap|css_selector|url_pattern,0.8,2026-10-06T17:56:54Z,
Elevance / Anthem,,Alabama,Unknown,Lista abierta de medicamentos tradicional Lista de medicamentos — Plan de medicamentos de cuatro niveles,other,https://fm.formularynavigator.com/FBO/143/Traditional_Open_Drug_List_4_Tier_ABS_CT_SP.pdf,https://www.anthem.com/ct/pharmacy-information/drug-list-formulary,https://www.anthem.com/sitemap.xml > https://www.anthem.com/ct/pharmacy-information/drug-list-formulary > https://fm.formularynavigator.com/FBO/143/Traditional_Open_Drug_List_4_Tier_ABS_CT_SP.pdf,pdf,,,,200,79efcecfe8f0c9e5a6ad78462928d2030160ad4d9635d99899944cce28945002,1361296,N,static,sitemap|css_selector|url_pattern,0.8,2026-10-06T17:56:55Z,
Elevance / Anthem,,Alabama,Unknown,PreventiveRx Drug List Basic Plan (Connecticut Drug List),drug_list,https://file.anthem.com/13019CTMENABS.pdf,https://www.anthem.com/ct/pharmacy-information/drug-list-formulary,https://www.anthem.com/sitemap.xml > https://www.anthem.com/ct/pharmacy-information/drug-list-formulary > http://file.anthem.com/13019CTMENABS.pdf > https://file.anthem.com/13019CTMENABS.pdf,pdf,,,2026-06-29,200,47eb6ee83a347cfa985a50a4f48e9b56919421b83b95bdae627ff2a6c098d788,467158,N,static,sitemap|css_selector|url_pattern,0.95,2026-10-06T17:56:56Z,
Elevance / Anthem,,Alabama,Unknown,PreventiveRx Lista de medicamentos Plan Básico (Lista de Medicamentos de Connecticut),other,https://file.anthem.com/13019CTMSPABS.pdf,https://www.anthem.com/ct/pharmacy-information/drug-list-formulary,https://www.anthem.com/sitemap.xml > https://www.anthem.com/ct/pharmacy-information/drug-list-formulary > http://file.anthem.com/13019CTMSPABS.pdf > https://file.anthem.com/13019CTMSPABS.pdf,pdf,,,2026-06-29,200,804ea2907725ce3f8aa65b618c0d08c86725db29d5c7fa0351b87fab0a817d41,469110,N,static,sitemap|css_selector|url_pattern,0.85,2026-10-06T17:56:56Z,
Elevance / Anthem,,Unknown,Unknown,PreventiveRx Lista de medicamentos Plan Legacy PreventiveRx Plus (CT Select),other,https://file.anthem.com/04680CTMSPABS-HN1.1.pdf,https://www.anthem.com/ct/pharmacy-information/drug-list-formulary,https://www.anthem.com/sitemap.xml > https://www.anthem.com/ct/pharmacy-information/drug-list-formulary > https://file.anthem.com/04680CTMSPABS-HN1.1.pdf,pdf,,,2026-05-27,200,97438bf94405a40356bd4733eabcc3a99f86543f598e1558072eef5b7285e795,435992,N,static,sitemap|css_selector|url_pattern,0.85,2026-10-06T17:56:56Z,
Elevance / Anthem,,Unknown,Unknown,PreventiveRx Drug List Legacy PreventiveRx Plus Plan (CT Select),drug_list,https://file.anthem.com/04680CTMENABS-HN1.1.pdf,https://www.anthem.com/ct/pharmacy-information/drug-list-formulary,https://www.anthem.com/sitemap.xml > https://www.anthem.com/ct/pharmacy-information/drug-list-formulary > https://file.anthem.com/04680CTMENABS-HN1.1.pdf,pdf,,,2026-05-27,200,530964dbbfa3deee583c41e064ce9bfa9eb1ef077b904f9049d1bfc8d3804cc7,432664,N,static,sitemap|css_selector|url_pattern,0.95,2026-10-06T17:56:56Z,
Elevance / Anthem,,Alabama,Unknown,Lista de medicamentos Seleccionados Lista de medicamentos — Plan de medicamentos de tres niveles,other,https://fm.formularynavigator.com/FBO/143/2026_Select_3_Tier_CT_SG_SP.pdf,https://www.anthem.com/ct/pharmacy-information/drug-list-formulary,https://www.anthem.com/sitemap.xml > https://www.anthem.com/ct/pharmacy-information/drug-list-formulary > https://fm.formularynavigator.com/FBO/143/2026_Select_3_Tier_CT_SG_SP.pdf,pdf,,,,200,52e29a1003cb21a679655bb556983967cdd1493f4c0c7c0adce3674ecdf7f9c0,802807,N,static,sitemap|css_selector|url_pattern,0.8,2026-10-06T17:56:56Z,
Elevance / Anthem,,Alabama,Unknown,Lista de medicamentos Seleccionados Lista de medicamentos — Plan de medicamentos de tres niveles,other,https://fm.formularynavigator.com/FBO/143/2027_Select_3_Tier_CT_SG_SP.pdf,https://www.anthem.com/ct/pharmacy-information/drug-list-formulary,https://www.anthem.com/sitemap.xml > https://www.anthem.com/ct/pharmacy-information/drug-list-formulary > https://fm.formularynavigator.com/FBO/143/2027_Select_3_Tier_CT_SG_SP.pdf,pdf,,,,200,35a2666b83edd436d4ae5f1244b860b05a5431b120690103273e2beb17795c62,1127732,N,static,sitemap|css_selector|url_pattern,0.8,2026-10-06T17:56:56Z,
Elevance / Anthem,,Pennsylvania,Unknown,Select Drug List Drug list — Four Tier Drug Plan,drug_list,https://fm.formularynavigator.com/FBO/143/2025_Select_4_Tier_CT_IND.pdf,https://www.anthem.com/ct/pharmacy-information/drug-list-formulary,https://www.anthem.com/sitemap.xml > https://www.anthem.com/ct/pharmacy-information/drug-list-formulary > https://fm.formularynavigator.com/FBO/143/2025_Select_4_Tier_CT_IND.pdf,pdf,,,,200,3eb3d75fad6b798e844eba4d5fbfbc9fb8856cc895beea139e8fa1b475d55e19,917745,N,static,sitemap|css_selector|url_pattern,0.9,2026-10-06T17:56:57Z,
Elevance / Anthem,,Alabama,Unknown,Lista abierta de medicamentos tradicional Lista de medicamentos — Plan de medicamentos de tres niveles,other,https://fm.formularynavigator.com/FBO/143/Traditional_Open_Drug_List_3_Tier_ABS_CT_SP.pdf,https://www.anthem.com/ct/pharmacy-information/drug-list-formulary,https://www.anthem.com/sitemap.xml > https://www.anthem.com/ct/pharmacy-information/drug-list-formulary > https://fm.formularynavigator.com/FBO/143/Traditional_Open_Drug_List_3_Tier_ABS_CT_SP.pdf,pdf,,,,200,09daff711cb1972decd3101c79a999a5e35baf19e55249454b36ce353ad27063,1344858,N,static,sitemap|css_selector|url_pattern,0.8,2026-10-06T17:56:57Z,
Elevance / Anthem,,Alabama,Unknown,PreventiveRx Plus Lista de medicamentos Plan PreventiveRx Plus (Directo Nacional Plus),other,https://file.anthem.com/A02819MUMSPABS-4.1.pdf,https://www.anthem.com/ct/pharmacy-information/drug-list-formulary,https://www.anthem.com/sitemap.xml > https://www.anthem.com/ct/pharmacy-information/drug-list-formulary > http://file.anthem.com/A02819MUMSPABS-4.1.pdf > https://file.anthem.com/A02819MUMSPABS-4.1.pdf,pdf,,,2026-04-30,200,0a86d3c75fc9871a9ceaca99525e8d17acaa9490a2cf55aa99c404377dd11e3b,440361,N,static,sitemap|css_selector|url_pattern,0.85,2026-10-06T17:56:57Z,
Elevance / Anthem,,Unknown,Unknown,PreventiveRx Plus Lista de medicamentos Plan Legacy PreventiveRx Plus (Directo Nacional Plus),other,https://file.anthem.com/A02819MUMSPABS-HN4.1.pdf,https://www.anthem.com/ct/pharmacy-information/drug-list-formulary,https://www.anthem.com/sitemap.xml > https://www.anthem.com/ct/pharmacy-information/drug-list-formulary > http://file.anthem.com/A02819MUMSPABS-HN4.1.pdf > https://file.anthem.com/A02819MUMSPABS-HN4.1.pdf,pdf,,,2026-05-15,200,f3fd7092d55745937a3e4d4fb438e88272d213b2f8b31f5745dc1d7662317697,449179,N,static,sitemap|css_selector|url_pattern,0.85,2026-10-06T17:56:57Z,
Elevance / Anthem,,Unknown,Unknown,PreventiveRx Enhanced Lista de medicamentos Enhanced Plan (Conneticut Select Drug List),drug_list,https://file.anthem.com/A00530CTMSPABS.1.pdf,https://www.anthem.com/ct/pharmacy-information/drug-list-formulary,https://www.anthem.com/sitemap.xml > https://www.anthem.com/ct/pharmacy-information/drug-list-formulary > https://file.anthem.com/A00530CTMSPABS.1.pdf,pdf,,,2026-05-06,200,809175bd7c6ecc9de5eaffdaf80ae7a03fa32d864531289b2cc0e6f25b6fbffa,449344,N,static,sitemap|css_selector|url_pattern,0.95,2026-10-06T17:56:58Z,
Elevance / Anthem,,Unknown,Unknown,PreventiveRx Plus Drug List PreventiveRx Plus Plan (CT Select),drug_list,https://file.anthem.com/04680CTMENABS-1.1.pdf,https://www.anthem.com/ct/pharmacy-information/drug-list-formulary,https://www.anthem.com/sitemap.xml > https://www.anthem.com/ct/pharmacy-information/drug-list-formulary > https://file.anthem.com/04680CTMENABS-1.1.pdf,pdf,,,2026-05-03,200,8d53bacb7b107ab933e45001c3c831072e8b8398f59d7ec08f41928008c9de8a,426906,N,static,sitemap|css_selector|url_pattern,0.95,2026-10-06T17:56:58Z,
Elevance / Anthem,,Alabama,Unknown,PreventiveRx Plus Lista de medicamentos Plan PreventiveRx Plan (CT Select),other,https://file.anthem.com/04680CTMSPABS-1.1.pdf,https://www.anthem.com/ct/pharmacy-information/drug-list-formulary,https://www.anthem.com/sitemap.xml > https://www.anthem.com/ct/pharmacy-information/drug-list-formulary > https://file.anthem.com/04680CTMSPABS-1.1.pdf,pdf,,,2026-05-03,200,0b2179c8b575aa2759719ebcfa523f96a4adbc36e64753bf735eb4147b2609a4,428778,N,static,sitemap|css_selector|url_pattern,0.85,2026-10-06T17:56:58Z,
Elevance / Anthem,,Unknown,Unknown,PreventiveRx Enhanced Drug List Enhanced Plan (Conneticut Select Drug List),drug_list,https://file.anthem.com/A00530CTMENABS.1.pdf,https://www.anthem.com/ct/pharmacy-information/drug-list-formulary,https://www.anthem.com/sitemap.xml > https://www.anthem.com/ct/pharmacy-information/drug-list-formulary > http://file.anthem.com/A00530CTMENABS.1.pdf > https://file.anthem.com/A00530CTMENABS.1.pdf,pdf,,,2026-05-06,200,c18bea5992bb9ed2f3f8a002af70dc3f1741c272ce9e8b4a9bd54b810da4b3ce,445530,N,static,sitemap|css_selector|url_pattern,0.95,2026-10-06T17:56:59Z,
Elevance / Anthem,,Alabama,Unknown,Lista abierta de medicamentos tradicional Lista de medicamentos —  Plan de medicamentos de cinco niveles,other,https://fm.formularynavigator.com/FBO/143/Traditional_Open_Drug_List_5_Tier_ABS_CT_SP.pdf,https://www.anthem.com/ct/pharmacy-information/drug-list-formulary,https://www.anthem.com/sitemap.xml > https://www.anthem.com/ct/pharmacy-information/drug-list-formulary > https://fm.formularynavigator.com/FBO/143/Traditional_Open_Drug_List_5_Tier_ABS_CT_SP.pdf,pdf,,,,200,81f9c3dac41a83cfd07bb2f0c24f11d05df73a750ea5099b09ba4bb78b9a58ba,1413272,N,static,sitemap|css_selector|url_pattern,0.8,2026-10-06T17:57:00Z,
Elevance / Anthem,,Pennsylvania,Unknown,Traditional Drug List Drug list — Four Tier Drug Plan,drug_list,https://fm.formularynavigator.com/FBO/143/Traditional_Open_Drug_List_4_Tier_ABS_CT.pdf,https://www.anthem.com/ct/pharmacy-information/drug-list-formulary,https://www.anthem.com/sitemap.xml > https://www.anthem.com/ct/pharmacy-information/drug-list-formulary > https://fm.formularynavigator.com/FBO/143/Traditional_Open_Drug_List_4_Tier_ABS_CT.pdf,pdf,,,,200,7b63c8605449ba53ab660b2909effc011eeb379ee53ace42e9dd6effcd5447a7,1731740,N,static,sitemap|css_selector|url_pattern,0.9,2026-10-06T17:57:01Z,
Elevance / Anthem,,Pennsylvania,Unknown,National Drug List Closed Formulary,formulary,https://fm.formularynavigator.com/FBO/143/National_Closed_Drug_list_ABCBS.pdf,https://www.anthem.com/ga/pharmacy-information/drug-list-formulary,https://www.anthem.com/sitemap.xml > https://www.anthem.com/ga/pharmacy-information/drug-list-formulary > https://fm.formularynavigator.com/FBO/143/National_Closed_Drug_list_ABCBS.pdf,pdf,,,,200,e70079c0143e2ae42229a116c2ef342da88e3719be64a407ccc6bce820e2c136,1123080,N,static,sitemap|css_selector|url_pattern,0.9,2026-10-06T17:57:01Z,
Elevance / Anthem,,Pennsylvania,Unknown,Select Drug List Drug list — Four Tier Drug Plan,drug_list,https://fm.formularynavigator.com/FBO/143/2026_Select_4_Tier_GA_IND.pdf,https://www.anthem.com/ga/pharmacy-information/drug-list-formulary,https://www.anthem.com/sitemap.xml > https://www.anthem.com/ga/pharmacy-information/drug-list-formulary > https://fm.formularynavigator.com/FBO/143/2026_Select_4_Tier_GA_IND.pdf,pdf,,,,200,9e23a472dbaf990ef26217d04fdfc6b1643f27d82f126ad42e926d18e6e0f5c3,732601,N,static,sitemap|css_selector|url_pattern,0.9,2026-10-06T17:57:02Z,
Elevance / Anthem,,Pennsylvania,Unknown,Generic Premium Drug List Drug list — Three Tier Drug Plan,drug_list,https://fm.formularynavigator.com/FBO/143/Generic_Premium_ABCBS.pdf,https://www.anthem.com/ga/pharmacy-information/drug-list-formulary,https://www.anthem.com/sitemap.xml > https://www.anthem.com/ga/pharmacy-information/drug-list-formulary > https://fm.formularynavigator.com/FBO/143/Generic_Premium_ABCBS.pdf,pdf,,,,200,c166354e83fb14e85747b2bd5067499ae4e2c7c9a23fffa079f4454d4d85e5fb,923487,N,static,sitemap|css_selector|url_pattern,0.9,2026-10-06T17:57:02Z,
Elevance / Anthem,,Alabama,Unknown,Lista de medicamentos Seleccionados Lista de medicamentos — Plan de medicamentos de cuatro niveles,other,https://fm.formularynavigator.com/FBO/143/2027_Select_4_Tier_GA_IND_SP.pdf,https://www.anthem.com/ga/pharmacy-information/drug-list-formulary,https://www.anthem.com/sitemap.xml > https://www.anthem.com/ga/pharmacy-information/drug-list-formulary > https://fm.formularynavigator.com/FBO/143/2027_Select_4_Tier_GA_IND_SP.pdf,pdf,,,,200,20af0d0cdfc5f0affa1ba939323ce6f961ac4adaeb4c62c48ac9451fbc0dfae0,1151360,N,static,sitemap|css_selector|url_pattern,0.8,2026-10-06T17:57:02Z,
Elevance / Anthem,,Pennsylvania,Unknown,Select Drug List Drug list — Four Tier Drug Plan,drug_list,https://fm.formularynavigator.com/FBO/143/2027_Select_4_Tier_GA_IND.pdf,https://www.anthem.com/ga/pharmacy-information/drug-list-formulary,https://www.anthem.com/sitemap.xml > https://www.anthem.com/ga/pharmacy-information/drug-list-formulary > https://fm.formularynavigator.com/FBO/143/2027_Select_4_Tier_GA_IND.pdf,pdf,,,,200,7aed0bcb4728f83078fe04711779fa278ec423a21ca4d42a8b67ebe1ab4ca91f,1074208,N,static,sitemap|css_selector|url_pattern,0.9,2026-10-06T17:57:02Z,
Elevance / Anthem,,Pennsylvania,Unknown,Traditional Drug List Drug list — Three Tier Drug Plan,drug_list,https://fm.formularynavigator.com/FBO/143/Traditional_Open_Drug_List_3_Tier_ABS_CT.pdf,https://www.anthem.com/ct/pharmacy-information/drug-list-formulary,https://www.anthem.com/sitemap.xml > https://www.anthem.com/ct/pharmacy-information/drug-list-formulary > https://fm.formularynavigator.com/FBO/143/Traditional_Open_Drug_List_3_Tier_ABS_CT.pdf,pdf,,,,200,40d9bbe189acb9b7f3ec38576affbeb8797a6054b37cdde6749759d3bf55198d,1768315,N,static,sitemap|css_selector|url_pattern,0.9,2026-10-06T17:57:02Z,
Elevance / Anthem,,Alabama,Unknown,Lista de medicamentos Seleccionados Lista de medicamentos — Plan de medicamentos de cuatro niveles,other,https://fm.formularynavigator.com/FBO/143/2027_Select_4_Tier_GA_SG_SP.pdf,https://www.anthem.com/ga/pharmacy-information/drug-list-formulary,https://www.anthem.com/sitemap.xml > https://www.anthem.com/ga/pharmacy-information/drug-list-formulary > https://fm.formularynavigator.com/FBO/143/2027_Select_4_Tier_GA_SG_SP.pdf,pdf,,,,200,f4784f5c4406a9b28cd511051417ad4a364cbc47e3c8f613bf187fa1a95ba60f,1150963,N,static,sitemap|css_selector|url_pattern,0.8,2026-10-06T17:57:02Z,
Elevance / Anthem,,Alabama,Unknown,Lista de medicamentos seleccionados Lista de medicamentos — Plan de medicamentos de cuatro niveles,other,https://fm.formularynavigator.com/FBO/143/2027_Select_4_Tier_GA_SG_Split_SP.pdf,https://www.anthem.com/ga/pharmacy-information/drug-list-formulary,https://www.anthem.com/sitemap.xml > https://www.anthem.com/ga/pharmacy-information/drug-list-formulary > https://fm.formularynavigator.com/FBO/143/2027_Select_4_Tier_GA_SG_Split_SP.pdf,pdf,,,,200,a419ad769914382d2a17c27f16e2c9759f5196f36912976704f7512c469923d1,1095011,N,static,sitemap|css_selector|url_pattern,0.8,2026-10-06T17:57:02Z,
Elevance / Anthem,,Pennsylvania,Unknown,Select Drug List Drug list — Four Tier Drug Plan,drug_list,https://fm.formularynavigator.com/FBO/143/2026_Select_4_Tier_GA_SG.pdf,https://www.anthem.com/ga/pharmacy-information/drug-list-formulary,https://www.anthem.com/sitemap.xml > https://www.anthem.com/ga/pharmacy-information/drug-list-formulary > https://fm.formularynavigator.com/FBO/143/2026_Select_4_Tier_GA_SG.pdf,pdf,,,,200,9be481d5838abaa00a8a93b85300b6219b8f9d46ddffcc163265f391f5ff61fb,836096,N,static,sitemap|css_selector|url_pattern,0.9,2026-10-06T17:57:02Z,
Elevance / Anthem,,Pennsylvania,Unknown,Select Drug List Drug list — Four Tier Drug Plan,drug_list,https://fm.formularynavigator.com/FBO/143/2027_Select_4_Tier_GA_SG_Split.pdf,https://www.anthem.com/ga/pharmacy-information/drug-list-formulary,https://www.anthem.com/sitemap.xml > https://www.anthem.com/ga/pharmacy-information/drug-list-formulary > https://fm.formularynavigator.com/FBO/143/2027_Select_4_Tier_GA_SG_Split.pdf,pdf,,,,200,edb05ac14a4bc52b40c15c0ed31cd0f76642d6422bb0955e49c8d8cd82e1c5d2,1080636,N,static,sitemap|css_selector|url_pattern,0.9,2026-10-06T17:57:03Z,
Elevance / Anthem,,Alabama,Unknown,Lista de medicamentos seleccionados Lista de medicamentos — Plan de medicamentos de cuatro niveles,other,https://fm.formularynavigator.com/FBO/143/2026_Select_4_Tier_GA_IND_SP.pdf,https://www.anthem.com/ga/pharmacy-information/drug-list-formulary,https://www.anthem.com/sitemap.xml > https://www.anthem.com/ga/pharmacy-information/drug-list-formulary > https://fm.formularynavigator.com/FBO/143/2026_Select_4_Tier_GA_IND_SP.pdf,pdf,,,,200,0923f26c23be446a1c3e818d64b5b02087d965453c473cb53e89b990a8684c91,765019,N,static,sitemap|css_selector|url_pattern,0.8,2026-10-06T17:57:03Z,
Elevance / Anthem,,Alabama,Unknown,Lista de medicamentos Seleccionados Lista de medicamentos — Plan de medicamentos de cuatro niveles,other,https://fm.formularynavigator.com/FBO/143/2026_Select_4_Tier_GA_SG_SP.pdf,https://www.anthem.com/ga/pharmacy-information/drug-list-formulary,https://www.anthem.com/sitemap.xml > https://www.anthem.com/ga/pharmacy-information/drug-list-formulary > https://fm.formularynavigator.com/FBO/143/2026_Select_4_Tier_GA_SG_SP.pdf,pdf,,,,200,d3edf657792662daf6f2fbc09a645fa9877a0b1b3adc2b359ad30bc15a2b27b3,751275,N,static,sitemap|css_selector|url_pattern,0.8,2026-10-06T17:57:03Z,
Elevance / Anthem,,Pennsylvania,Unknown,Select Drug List Drug list — Four Tier Drug Plan,drug_list,https://fm.formularynavigator.com/FBO/143/2025_Select_4_Tier_GA_SG.pdf,https://www.anthem.com/ga/pharmacy-information/drug-list-formulary,https://www.anthem.com/sitemap.xml > https://www.anthem.com/ga/pharmacy-information/drug-list-formulary > https://fm.formularynavigator.com/FBO/143/2025_Select_4_Tier_GA_SG.pdf,pdf,,,,200,bff6968e23ef0759c5f91bee6a784f11f73cd42997ae87e9b474b48ea1b70329,850047,N,static,sitemap|css_selector|url_pattern,0.9,2026-10-06T17:57:03Z,
Elevance / Anthem,,Alabama,Unknown,Lista de medicamentos seleccionados Lista de medicamentos — Plan de medicamentos de cuatro niveles,other,https://fm.formularynavigator.com/FBO/143/2025_Select_4_Tier_GA_IND_SP.pdf,https://www.anthem.com/ga/pharmacy-information/drug-list-formulary,https://www.anthem.com/sitemap.xml > https://www.anthem.com/ga/pharmacy-information/drug-list-formulary > https://fm.formularynavigator.com/FBO/143/2025_Select_4_Tier_GA_IND_SP.pdf,pdf,,,,200,9ddc1e3b4b8c64c53dd80f12081c071ffab828a5176b92443e249208290d3e9c,770482,N,static,sitemap|css_selector|url_pattern,0.8,2026-10-06T17:57:03Z,
Elevance / Anthem,,Alabama,Unknown,Lista de medicamentos seleccionados Lista de medicamentos — Plan de medicamentos de cuatro niveles,other,https://fm.formularynavigator.com/FBO/143/2026_Select_4_Tier_GA_SG_Split_SP.pdf,https://www.anthem.com/ga/pharmacy-information/drug-list-formulary,https://www.anthem.com/sitemap.xml > https://www.anthem.com/ga/pharmacy-information/drug-list-formulary > https://fm.formularynavigator.com/FBO/143/2026_Select_4_Tier_GA_SG_Split_SP.pdf,pdf,,,,200,def5e961185e90a382caeb8fdfc23cc00befaf9e2eaed3e9f415533538e42a9a,757899,N,static,sitemap|css_selector|url_pattern,0.8,2026-10-06T17:57:03Z,
Elevance / Anthem,,Alabama,Unknown,Lista de medicamentos Seleccionados Lista de medicamentos — Plan de medicamentos de cuatro niveles,other,https://fm.formularynavigator.com/FBO/143/2025_Select_4_Tier_GA_SG_SP.pdf,https://www.anthem.com/ga/pharmacy-information/drug-list-formulary,https://www.anthem.com/sitemap.xml > https://www.anthem.com/ga/pharmacy-information/drug-list-formulary > https://fm.formularynavigator.com/FBO/143/2025_Select_4_Tier_GA_SG_SP.pdf,pdf,,,,200,ad3cb2b361d8f60605d38c63d7c89039642d916984526cb880290e607a1a93ab,770410,N,static,sitemap|css_selector|url_pattern,0.8,2026-10-06T17:57:04Z,
Elevance / Anthem,,Pennsylvania,Unknown,Select Drug List Drug list — Four Tier Drug Plan,drug_list,https://fm.formularynavigator.com/FBO/143/2025_Select_4_Tier_GA_SG_Split.pdf,https://www.anthem.com/ga/pharmacy-information/drug-list-formulary,https://www.anthem.com/sitemap.xml > https://www.anthem.com/ga/pharmacy-information/drug-list-formulary > https://fm.formularynavigator.com/FBO/143/2025_Select_4_Tier_GA_SG_Split.pdf,pdf,,,,200,43d7334fc85e6e4a44891e1b8d9f93e31334235cf251582d43f0b22236256155,871985,N,static,sitemap|css_selector|url_pattern,0.9,2026-10-06T17:57:04Z,
Elevance / Anthem,,Pennsylvania,Unknown,Select Drug List Drug list — Four Tier Drug Plan,drug_list,https://fm.formularynavigator.com/FBO/143/2025_Select_4_Tier_GA_IND.pdf,https://www.anthem.com/ga/pharmacy-information/drug-list-formulary,https://www.anthem.com/sitemap.xml > https://www.anthem.com/ga/pharmacy-information/drug-list-formulary > https://fm.formularynavigator.com/FBO/143/2025_Select_4_Tier_GA_IND.pdf,pdf,,,,200,9e65bce8a051bcbaeb6ac165d30755355791087c0b47d98bc40c764bc484d43c,873396,N,static,sitemap|css_selector|url_pattern,0.9,2026-10-06T17:57:04Z,
Elevance / Anthem,,Colorado,Commercial,"Anthem Blue Cross and Blue Shield is the trade name of: In Colorado: Rocky Mountain Hospital and Medical Service, Inc. HMO products underwritten by HMO Colorado, Inc. In Connecticut: Anthem Health Plans, Inc. In Georgia: Blue Cross Blue Shield Healthcare Plan of Georgia, Inc. In Indiana: Anthem Insurance Companies, Inc. In Kentucky: Anthem Health Plans of Kentucky, Inc. In Maine: Anthem Health",drug_list,https://www.anthem.com/content/dam/digital/docs/pharmacy-information/designated-medical-specialty-pharmacy-drug-list-eff-07012022-anthembcbs.pdf,https://www.anthem.com/ga/pharmacy-information/drug-list-formulary,https://www.anthem.com/sitemap.xml > https://www.anthem.com/ga/pharmacy-information/drug-list-formulary > https://www.anthem.com/content/dam/digital/docs/pharmacy-information/designated-medical-specialty-pharmacy-drug-list-eff-07012022-anthembcbs.pdf,pdf,,2025-04-01,2025-05-01,200,faa628941db9d4cb1cdd60b202f728f07e46bcd1b43314a3cbe2f98502af20ca,115785,N,static,sitemap|css_selector|url_pattern,1.0,2026-10-06T17:57:04Z,
Elevance / Anthem,,Pennsylvania,Unknown,Select Drug List Drug list — Four Tier Drug Plan,drug_list,https://fm.formularynavigator.com/FBO/143/2026_Select_4_Tier_GA_SG_Split.pdf,https://www.anthem.com/ga/pharmacy-information/drug-list-formulary,https://www.anthem.com/sitemap.xml > https://www.anthem.com/ga/pharmacy-information/drug-list-formulary > https://fm.formularynavigator.com/FBO/143/2026_Select_4_Tier_GA_SG_Split.pdf,pdf,,,,200,eb7e08d3019eb179ccfaa530acfa6bdb06bec68e0f624f5d554d699d15cabc20,856509,N,static,sitemap|css_selector|url_pattern,0.9,2026-10-06T17:57:04Z,
Elevance / Anthem,,Georgia,Unknown,PreventiveRx Drug List Legacy PreventiveRx Plus Plan (GA Select),drug_list,https://file.anthem.com/04680GAMENABS-HN1.1.pdf,https://www.anthem.com/ga/pharmacy-information/drug-list-formulary,https://www.anthem.com/sitemap.xml > https://www.anthem.com/ga/pharmacy-information/drug-list-formulary > http://file.anthem.com/04680GAMENABS-HN1.1.pdf > https://file.anthem.com/04680GAMENABS-HN1.1.pdf,pdf,,,2026-05-27,200,6180e607026f0bd35aad9562c95758a44f1c1cd710fa799658309cf239368605,105501,N,static,sitemap|css_selector|url_pattern,0.95,2026-10-06T17:57:04Z,
Elevance / Anthem,,Unknown,Unknown,Anthem Utilization Management Services Inc. 2025 Indiana Utilization Report,pa_list,https://www.anthem.com/content/dam/digital/docs/anthem/medicaid/in/inin_caid_2025PriorAuthorizationStatistics.pdf,https://www.anthem.com/in/medicaid/referrals-preapprovals-prior-authorizations,https://www.anthem.com/sitemap.xml > https://www.anthem.com/in/medicaid/referrals-preapprovals-prior-authorizations > https://www.anthem.com/content/dam/digital/docs/anthem/medicaid/in/inin_caid_2025PriorAuthorizationStatistics.pdf,pdf,,,2025-12-29,200,e7f3b3a20627f2040ceae725afc11018c125384afc61ad2f7938790df2645b4b,661064,N,static,sitemap|css_selector|url_pattern,0.95,2026-10-06T17:57:05Z,
Elevance / Anthem,,Alabama,Unknown,Lista de medicamentos seleccionados Lista de medicamentos — Plan de medicamentos de cuatro niveles,other,https://fm.formularynavigator.com/FBO/143/2025_Select_4_Tier_GA_SG_Split_SP.pdf,https://www.anthem.com/ga/pharmacy-information/drug-list-formulary,https://www.anthem.com/sitemap.xml > https://www.anthem.com/ga/pharmacy-information/drug-list-formulary > https://fm.formularynavigator.com/FBO/143/2025_Select_4_Tier_GA_SG_Split_SP.pdf,pdf,,,,200,6434c7eae7681ac1e25604b1c758ce18dcec1e03e0e068626cf59a0db4201688,774452,N,static,sitemap|css_selector|url_pattern,0.8,2026-10-06T17:57:05Z,
Elevance / Anthem,,Alabama,Unknown,PreventiveRx Plus Lista de medicamentos Plan PreventiveRx Plan (GA Select),other,https://file.anthem.com/04680GAMSPABS-1.1.pdf,https://www.anthem.com/ga/pharmacy-information/drug-list-formulary,https://www.anthem.com/sitemap.xml > https://www.anthem.com/ga/pharmacy-information/drug-list-formulary > http://file.anthem.com/04680GAMSPABS-1.1.pdf > https://file.anthem.com/04680GAMSPABS-1.1.pdf,pdf,,,2026-05-03,200,da5a8157a2f2264d700c918a0c527d14572d8a79aeac505b49bde1ac7ac6e87f,438069,N,static,sitemap|css_selector|url_pattern,0.85,2026-10-06T17:57:05Z,
Elevance / Anthem,,Colorado,Unknown,PreventiveRx Plus Drug List PreventiveRx Plus Plan (GA Select),drug_list,https://file.anthem.com/04680GAMENABS-1.1.pdf,https://www.anthem.com/ga/pharmacy-information/drug-list-formulary,https://www.anthem.com/sitemap.xml > https://www.anthem.com/ga/pharmacy-information/drug-list-formulary > http://file.anthem.com/04680GAMENABS-1.1.pdf > https://file.anthem.com/04680GAMENABS-1.1.pdf,pdf,,,2026-05-03,200,b4ecfed7725ceb33e75f7d3d0c6c19fe67e1000286f6ed046eeb38a5b5c33e4a,435440,N,static,sitemap|css_selector|url_pattern,0.95,2026-10-06T17:57:05Z,
Elevance / Anthem,,Georgia,Unknown,PreventiveRx Enhanced Drug List Enhanced Plan (Georgia Select Drug List),drug_list,https://file.anthem.com/A00530GAMENABS.1.pdf,https://www.anthem.com/ga/pharmacy-information/drug-list-formulary,https://www.anthem.com/sitemap.xml > https://www.anthem.com/ga/pharmacy-information/drug-list-formulary > https://file.anthem.com/A00530GAMENABS.1.pdf,pdf,,,2026-05-06,200,e3947925dbf512e22931c3c04fab4a1d53dd58ec72933878cc04d939a1b4c11d,445458,N,static,sitemap|css_selector|url_pattern,0.95,2026-10-06T17:57:05Z,
Elevance / Anthem,,Georgia,Unknown,PreventiveRx Lista de medicamentos Plan Legacy PreventiveRx Plus (GA Select),other,https://file.anthem.com/04680GAMSPABS-HN1.1.pdf,https://www.anthem.com/ga/pharmacy-information/drug-list-formulary,https://www.anthem.com/sitemap.xml > https://www.anthem.com/ga/pharmacy-information/drug-list-formulary > http://file.anthem.com/04680GAMSPABS-HN1.1.pdf > https://file.anthem.com/04680GAMSPABS-HN1.1.pdf,pdf,,,2026-05-27,200,d001ce6612b5d811c1c23341cf1233847be43d02a45c93d368601bd309e91ec7,444897,N,static,sitemap|css_selector|url_pattern,0.85,2026-10-06T17:57:05Z,
Elevance / Anthem,,Unknown,Medicaid,"HIPAA Notice of Privacy Practices The original effective date of this notice was April 14, 2003. This notice was most",other,https://www.anthem.com/content/dam/digital/docs/anthem/medicaid/in/inin_caid_privacypractices_eng.pdf,https://www.anthem.com/in/medicaid/referrals-preapprovals-prior-authorizations,https://www.anthem.com/sitemap.xml > https://www.anthem.com/in/medicaid/referrals-preapprovals-prior-authorizations > https://www.anthem.com/content/dam/digital/docs/anthem/medicaid/in/inin_caid_privacypractices_eng.pdf,pdf,,,2026-01-22,200,a4f6b355b5eb5b4f38abf7a63469479fedbe83335b25c9de25bde35133c2ad1a,269388,N,static,sitemap|css_selector|url_pattern,0.85,2026-10-06T17:57:05Z,
Elevance / Anthem,,Alabama,Medicaid,Ficha de puntuación: del 1/1/2025 al 12/31/2025. Línea de negocios (LOB): Medicaid. Nombre del plan: HIP. Estados de comercialización: IN. Nombre del emisor: Todos. Contratos: Todos,other,https://www.anthem.com/content/dam/digital/docs/anthem/medicaid/in/in_PAMetrics_HIP_SP.pdf,https://www.anthem.com/in/medicaid/referrals-preapprovals-prior-authorizations,https://www.anthem.com/sitemap.xml > https://www.anthem.com/in/medicaid/referrals-preapprovals-prior-authorizations > https://www.anthem.com/content/dam/digital/docs/anthem/medicaid/in/in_PAMetrics_HIP_SP.pdf,pdf,,,2026-06-29,200,b9ef7e99fb6166c4524124fe9f9674d5ab5cf4c5f45e1e590f8717b08b0a4ba7,29946,N,static,sitemap|css_selector|url_pattern,0.85,2026-10-06T17:57:05Z,
Elevance / Anthem,,Unknown,Medicaid,"Scorecard: 1/1/2025 to 12/31/2025, LOB: Medicaid, Plan Name: HCC, Market States: IN, Issuer Name: All, Contracts: All",pa_list,https://www.anthem.com/content/dam/digital/docs/anthem/medicaid/in/in_PAMetrics_HCC_EN.pdf,https://www.anthem.com/in/medicaid/referrals-preapprovals-prior-authorizations,https://www.anthem.com/sitemap.xml > https://www.anthem.com/in/medicaid/referrals-preapprovals-prior-authorizations > https://www.anthem.com/content/dam/digital/docs/anthem/medicaid/in/in_PAMetrics_HCC_EN.pdf,pdf,,,2026-06-25,200,c05f2551883d796549b3bfd7da9373b6b4159b254bff02356c8ca13ab4a1cc59,565170,N,static,sitemap|css_selector|url_pattern,0.95,2026-10-06T17:57:05Z,
Elevance / Anthem,,Virginia,Unknown,1005139INMENABS 10/24 02/20/2025,other,https://www.anthem.com/content/dam/digital/docs/anthem/medicaid/in/inin_caid_finalrulenotice_eng.pdf,https://www.anthem.com/in/medicaid/referrals-preapprovals-prior-authorizations,https://www.anthem.com/sitemap.xml > https://www.anthem.com/in/medicaid/referrals-preapprovals-prior-authorizations > https://www.anthem.com/content/dam/digital/docs/anthem/medicaid/in/inin_caid_finalrulenotice_eng.pdf,pdf,,,2025-03-13,200,7968786e4e38117c10c8c71b7b1e8f9ccaa4e6aee8de5a41f8552b3e7f74a8f7,66682,N,static,sitemap|css_selector|url_pattern,0.85,2026-10-06T17:57:05Z,
Elevance / Anthem,,Alabama,Unknown,1005139INMSPABS 10/24 02/20/2025,other,https://www.anthem.com/content/dam/digital/docs/anthem/medicaid/in/inin_caid_finalrulenotice_spa.pdf,https://www.anthem.com/in/medicaid/referrals-preapprovals-prior-authorizations,https://www.anthem.com/sitemap.xml > https://www.anthem.com/in/medicaid/referrals-preapprovals-prior-authorizations > https://www.anthem.com/content/dam/digital/docs/anthem/medicaid/in/inin_caid_finalrulenotice_spa.pdf,pdf,,,2025-12-11,200,2ab87d2f9b2305442fe4b2442891e49ab4ca0885523526401e2210b727c50591,71167,N,static,sitemap|css_selector|url_pattern,0.85,2026-10-06T17:57:05Z,
Elevance / Anthem,,Unknown,Medicaid,"Scorecard: 1/1/2025 to 12/31/2025, LOB: Medicaid, Plan Name: HIP, Market States: IN, Issuer Name: All, Contracts: All",pa_list,https://www.anthem.com/content/dam/digital/docs/anthem/medicaid/in/in_PAMetrics_HIP_EN.pdf,https://www.anthem.com/in/medicaid/referrals-preapprovals-prior-authorizations,https://www.anthem.com/sitemap.xml > https://www.anthem.com/in/medicaid/referrals-preapprovals-prior-authorizations > https://www.anthem.com/content/dam/digital/docs/anthem/medicaid/in/in_PAMetrics_HIP_EN.pdf,pdf,,,2026-06-25,200,2199793909d3b168305cb5d1d31a6fd28871358a4a73e6e3e4a88b966a8a2533,220515,N,static,sitemap|css_selector|url_pattern,0.95,2026-10-06T17:57:05Z,
Elevance / Anthem,,Alabama,Medicaid,Ficha de puntuación: del 1/1/2025 al 12/31/2025. Línea de negocios (LOB): Medicaid. Nombre del plan: HCC. Estados de comercialización: IN. Nombre del emisor: Todos. Contratos: Todos,other,https://www.anthem.com/content/dam/digital/docs/anthem/medicaid/in/in_PAMetrics_HCC_SP.pdf,https://www.anthem.com/in/medicaid/referrals-preapprovals-prior-authorizations,https://www.anthem.com/sitemap.xml > https://www.anthem.com/in/medicaid/referrals-preapprovals-prior-authorizations > https://www.anthem.com/content/dam/digital/docs/anthem/medicaid/in/in_PAMetrics_HCC_SP.pdf,pdf,,,2026-06-29,200,611618b156b4b4ce6b7b6b1d10788c2be19a60f4bab15652a34a64a00548a4d9,29794,N,static,sitemap|css_selector|url_pattern,0.85,2026-10-06T17:57:05Z,
Elevance / Anthem,,Alabama,Unknown,"Do you need help with your healthcare, talking with us, or reading what we send you? We provide our materials in",other,https://www.anthem.com/content/dam/digital/docs/anthem/medicaid/in/inin_caid_translationnotice.pdf,https://www.anthem.com/in/medicaid/referrals-preapprovals-prior-authorizations,https://www.anthem.com/sitemap.xml > https://www.anthem.com/in/medicaid/referrals-preapprovals-prior-authorizations > https://www.anthem.com/content/dam/digital/docs/anthem/medicaid/in/inin_caid_translationnotice.pdf,pdf,,,2024-10-09,200,1c77b9a6e87f733bd111e09a635793e15b59eab078aca3811008c49bc892b093,385507,N,static,sitemap|css_selector|url_pattern,0.85,2026-10-06T17:57:05Z,
Elevance / Anthem,,Alabama,Medicaid,Ficha de puntuación: del 1/1/2025 al 12/31/2025. Línea de negocios (LOB): Medicaid. Nombre del plan: HHW. Estados de comercialización: IN. Nombre del emisor: Todos. Contratos: Todos,other,https://www.anthem.com/content/dam/digital/docs/anthem/medicaid/in/in_PAMetrics_HHW_SP.pdf,https://www.anthem.com/in/medicaid/referrals-preapprovals-prior-authorizations,https://www.anthem.com/sitemap.xml > https://www.anthem.com/in/medicaid/referrals-preapprovals-prior-authorizations > https://www.anthem.com/content/dam/digital/docs/anthem/medicaid/in/in_PAMetrics_HHW_SP.pdf,pdf,,,2026-06-29,200,e834c72dce2727c26c749e926ff5506612ba511a9f9172983e5db7a52e184acd,68129,N,static,sitemap|css_selector|url_pattern,0.85,2026-10-06T17:57:05Z,
Elevance / Anthem,,Unknown,Medicaid,"Scorecard: 1/1/2025 to 12/31/2025, LOB: Medicaid, Plan Name: PathWays, Market States: IN, Issuer Name: All, Contracts: All",pa_list,https://www.anthem.com/content/dam/digital/docs/anthem/medicaid/in/in_PAMetrics_Pathways_EN.pdf,https://www.anthem.com/in/medicaid/referrals-preapprovals-prior-authorizations,https://www.anthem.com/sitemap.xml > https://www.anthem.com/in/medicaid/referrals-preapprovals-prior-authorizations > https://www.anthem.com/content/dam/digital/docs/anthem/medicaid/in/in_PAMetrics_Pathways_EN.pdf,pdf,,,2026-06-25,200,6d5e737b85520fae0d145748b51591908718044185687488c0301586f4532b3b,135081,N,static,sitemap|css_selector|url_pattern,0.95,2026-10-06T17:57:05Z,
Elevance / Anthem,,Unknown,Medicaid,Aviso de Prácticas de Privacidad de la HIPAA La fecha de entrada en vigencia original de este aviso fue el 14 de abril de 2003. Este,other,https://www.anthem.com/content/dam/digital/docs/anthem/medicaid/in/inin_caid_privacypractices_sp.pdf,https://www.anthem.com/in/medicaid/referrals-preapprovals-prior-authorizations,https://www.anthem.com/sitemap.xml > https://www.anthem.com/in/medicaid/referrals-preapprovals-prior-authorizations > https://www.anthem.com/content/dam/digital/docs/anthem/medicaid/in/inin_caid_privacypractices_sp.pdf,pdf,,,2026-01-22,200,d338f536dedbe7b643ad069c87ab023db338f55b0895de4f072a4393a985e132,850228,N,static,sitemap|css_selector|url_pattern,0.85,2026-10-06T17:57:05Z,
Elevance / Anthem,,Unknown,Medicaid,List of items and service that require Prior Authorization Updated : 2/11/2026,pa_list,https://www.anthem.com/content/dam/digital/docs/anthem/medicaid/in/in_medicaid_priorauthservices.pdf,https://www.anthem.com/in/medicaid/referrals-preapprovals-prior-authorizations,https://www.anthem.com/sitemap.xml > https://www.anthem.com/in/medicaid/referrals-preapprovals-prior-authorizations > https://www.anthem.com/content/dam/digital/docs/anthem/medicaid/in/in_medicaid_priorauthservices.pdf,pdf,,,2026-03-05,200,a0d44bd48a48f524d62ce78a3127573480c92dea559afe22d52618137dfb9a5d,2869843,N,static,sitemap|css_selector|url_pattern,0.95,2026-10-06T17:57:06Z,
Elevance / Anthem,,Alabama,Medicaid,Ficha de puntuación: del 1/1/2025 al 12/31/2025. Línea de negocios (LOB): Medicaid. Nombre del plan: PathWays. Estados de comercialización: IN. Nombre del emisor: Todos. Contratos: Todos,other,https://www.anthem.com/content/dam/digital/docs/anthem/medicaid/in/in_PAMetrics_Pathways_SP.pdf,https://www.anthem.com/in/medicaid/referrals-preapprovals-prior-authorizations,https://www.anthem.com/sitemap.xml > https://www.anthem.com/in/medicaid/referrals-preapprovals-prior-authorizations > https://www.anthem.com/content/dam/digital/docs/anthem/medicaid/in/in_PAMetrics_Pathways_SP.pdf,pdf,,,2026-06-29,200,ea49dbbbead3231fcb43de05733d95db1b2db814c61e73cecbdf8af1f4e64102,29972,N,static,sitemap|css_selector|url_pattern,0.85,2026-10-06T17:57:06Z,
Elevance / Anthem,,Unknown,Medicaid,"Anthem Blue Cross and Blue Shield Serving Hoosier Healthwise, Healthy Indiana Plan",provider_manual,https://www.anthem.com/content/dam/digital/docs/provider/government/indiana/prior-auth/IN_CAID_DMEList.pdf,https://www.anthem.com/in/provider/state-federal/resources/prior-authorization-requirements,https://www.anthem.com/sitemap.xml > https://www.anthem.com/in/provider/state-federal/resources/prior-authorization-requirements > https://www.anthem.com/content/dam/digital/docs/provider/government/indiana/prior-auth/IN_CAID_DMEList.pdf,pdf,,,2025-09-02,200,a257cc981d49285b708f554f5a34a229c4b18f0081c2aeb27db6330fcd3d159f,269836,N,static,sitemap|css_selector|url_pattern,0.95,2026-10-06T17:57:06Z,
Elevance / Anthem,,Unknown,Medicaid,"Anthem Blue Cross and Blue Shield Serving Hoosier Healthwise, Healthy Indiana Plan",other,https://www.anthem.com/content/dam/digital/docs/provider/government/indiana/prior-auth/IN_CAID_MedicalNecessityCodeList.pdf,https://www.anthem.com/in/provider/state-federal/resources/prior-authorization-requirements,https://www.anthem.com/sitemap.xml > https://www.anthem.com/in/provider/state-federal/resources/prior-authorization-requirements > https://www.anthem.com/content/dam/digital/docs/provider/government/indiana/prior-auth/IN_CAID_MedicalNecessityCodeList.pdf,pdf,,,2025-09-02,200,5234aa807e81c42342e8e9e4b0d5a9e7adfd5ec471a810156921cdac4b6dc3c8,123882,N,static,sitemap|css_selector|url_pattern,0.85,2026-10-06T17:57:06Z,
Elevance / Anthem,,Alabama,Unknown,1030074MUMSPMUB Rev. 10/20 -1-,other,https://www.anthem.com/content/dam/digital/docs/anthem/medicaid/in/in_caid_thirdpartyappprivacy_spa.pdf,https://www.anthem.com/in/medicaid/referrals-preapprovals-prior-authorizations,https://www.anthem.com/sitemap.xml > https://www.anthem.com/in/medicaid/referrals-preapprovals-prior-authorizations > https://www.anthem.com/content/dam/digital/docs/anthem/medicaid/in/in_caid_thirdpartyappprivacy_spa.pdf,pdf,,,2024-10-09,200,fa263dde1821ee84dfd3681124088647fa4065cdbc60a2e60f5d0c2b393ffe9b,1396330,N,static,sitemap|css_selector|url_pattern,0.85,2026-10-06T17:57:06Z,
Elevance / Anthem,,Unknown,Medicaid,"Scorecard: 1/1/2025 to 12/31/2025, LOB: Medicaid, Plan Name: HHW, Market States: IN, Issuer Name: All, Contracts: All",pa_list,https://www.anthem.com/content/dam/digital/docs/anthem/medicaid/in/in_PAMetrics_HHW_EN.pdf,https://www.anthem.com/in/medicaid/referrals-preapprovals-prior-authorizations,https://www.anthem.com/sitemap.xml > https://www.anthem.com/in/medicaid/referrals-preapprovals-prior-authorizations > https://www.anthem.com/content/dam/digital/docs/anthem/medicaid/in/in_PAMetrics_HHW_EN.pdf,pdf,,,2026-06-25,200,a9bb619d6965e1edbffaff6d056b1856f130066941d887e6f90fc653d76f68ed,174597,N,static,sitemap|css_selector|url_pattern,0.95,2026-10-06T17:57:06Z,
Elevance / Anthem,,Unknown,Medicaid,"Anthem Blue Cross and Blue Shield Serving Hoosier Healthwise, Healthy Indiana Plan",pa_list,https://www.anthem.com/content/dam/digital/docs/provider/government/indiana/prior-auth/IN_CAID_ICRBulletin.pdf,https://www.anthem.com/in/provider/state-federal/resources/prior-authorization-requirements,https://www.anthem.com/sitemap.xml > https://www.anthem.com/in/provider/state-federal/resources/prior-authorization-requirements > https://www.anthem.com/content/dam/digital/docs/provider/government/indiana/prior-auth/IN_CAID_ICRBulletin.pdf,pdf,,,2025-09-02,200,d80a812013c48c3f9b397371ba84e62eb0c08d753cb0a929053facf1f9170ae0,33840,N,static,sitemap|css_selector|url_pattern,0.95,2026-10-06T17:57:06Z,
Elevance / Anthem,,Unknown,Unknown,-1- Privacy guidance when selecting third-party apps to receive your information,other,https://www.anthem.com/content/dam/digital/docs/anthem/medicaid/in/in_caid_thirdpartyappprivacy_eng.pdf,https://www.anthem.com/in/medicaid/referrals-preapprovals-prior-authorizations,https://www.anthem.com/sitemap.xml > https://www.anthem.com/in/medicaid/referrals-preapprovals-prior-authorizations > https://www.anthem.com/content/dam/digital/docs/anthem/medicaid/in/in_caid_thirdpartyappprivacy_eng.pdf,pdf,,,2024-10-09,200,af864e7eab79c420fce8742095d90ee9c72f6ef5c4637e1fb5d1b887da9a9bd2,1396133,N,static,sitemap|css_selector|url_pattern,0.85,2026-10-06T17:57:06Z,
Elevance / Anthem,,Unknown,Medicaid,"Serving Hoosier Healthwise, Healthy Indiana Plan and Hoosier Care Connect",pa_list,https://www.anthem.com/content/dam/digital/docs/provider/government/indiana/pluto/IN_CAID_PLUTOEnhancementHCC.pdf,https://www.anthem.com/in/provider/state-federal/resources/prior-authorization-requirements/lookup-tool,https://www.anthem.com/sitemap.xml > https://www.anthem.com/in/provider/state-federal/resources/prior-authorization-requirements/lookup-tool > https://www.anthem.com/content/dam/digital/docs/provider/government/indiana/pluto/IN_CAID_PLUTOEnhancementHCC.pdf,pdf,,,2025-10-07,200,eee2bbbb144e7c65b686e0ac42fa540a8655e2bbf6e9eab519378b6ece8e2299,179756,N,static,sitemap|css_selector|url_pattern,0.95,2026-10-06T17:57:06Z,
Elevance / Anthem,,Georgia,Unknown,PreventiveRx Enhanced Lista de medicamentos Enhanced Plan (Georgia Select Drug List),drug_list,https://file.anthem.com/A00530GAMSPABS.1.pdf,https://www.anthem.com/ga/pharmacy-information/drug-list-formulary,https://www.anthem.com/sitemap.xml > https://www.anthem.com/ga/pharmacy-information/drug-list-formulary > http://file.anthem.com/A00530GAMSPABS.1.pdf > https://file.anthem.com/A00530GAMSPABS.1.pdf,pdf,,,2026-05-06,200,8660d1e681d4570f11f018217213987b64e5183ed509a2d4bc5aa5b31f3c6f7c,449130,N,static,sitemap|css_selector|url_pattern,0.95,2026-10-06T17:57:06Z,
Elevance / Anthem,,Pennsylvania,Medicaid,"Anthem Blue Cross and Blue Shield Serving Hoosier Healthwise, Healthy Indiana Plan",pa_list,https://www.anthem.com/content/dam/digital/docs/provider/government/indiana/prior-auth/IN_CAID_HomeHealthWoundCareUpdate.pdf,https://www.anthem.com/in/provider/state-federal/resources/prior-authorization-requirements,https://www.anthem.com/sitemap.xml > https://www.anthem.com/in/provider/state-federal/resources/prior-authorization-requirements > https://www.anthem.com/content/dam/digital/docs/provider/government/indiana/prior-auth/IN_CAID_HomeHealthWoundCareUpdate.pdf,pdf,,2020-03-01,2025-09-02,200,0040c9595c859b775f22b0e3128ebfb1520db28b86244cd6d3dfe7856dc87529,487178,N,static,sitemap|css_selector|url_pattern,1.0,2026-10-06T17:57:07Z,
Elevance / Anthem,,Unknown,Medicaid,"Anthem Blue Cross and Blue Shield Serving Hoosier Healthwise, Healthy Indiana Plan",provider_manual,https://www.anthem.com/content/dam/digital/docs/provider/government/indiana/prior-auth/IN_CAID_PU_2017BHOutpatientPriorAuthFax.pdf,https://www.anthem.com/in/provider/state-federal/resources/prior-authorization-requirements,https://www.anthem.com/sitemap.xml > https://www.anthem.com/in/provider/state-federal/resources/prior-authorization-requirements > https://www.anthem.com/content/dam/digital/docs/provider/government/indiana/prior-auth/IN_CAID_PU_2017BHOutpatientPriorAuthFax.pdf,pdf,,,2025-09-02,200,bd5c23ed659ee9003114ca312f3d224f5a0c1f5cc469cd47d62c20f1537eb7ae,101911,N,static,sitemap|css_selector|url_pattern,0.95,2026-10-06T17:57:07Z,
Elevance / Anthem,,Pennsylvania,Medicaid,"Serving Hoosier Healthwise, Healthy Indiana Plan and Hoosier Care Connect",pa_list,https://www.anthem.com/content/dam/digital/docs/provider/government/indiana/prior-auth/IN_CAID_PA_RequirementsList.pdf,https://www.anthem.com/in/provider/state-federal/resources/prior-authorization-requirements,https://www.anthem.com/sitemap.xml > https://www.anthem.com/in/provider/state-federal/resources/prior-authorization-requirements > https://www.anthem.com/content/dam/digital/docs/provider/government/indiana/prior-auth/IN_CAID_PA_RequirementsList.pdf,pdf,,,2025-09-02,200,191dd0165bfc5aca1c9c2087103973739e9e6793e4a6f222226d7bc095e8d87a,6927857,N,static,sitemap|css_selector|url_pattern,0.95,2026-10-06T17:57:10Z,
Elevance / Anthem,,Pennsylvania,Unknown,Select Drug List Drug list — Four Tier Drug Plan,drug_list,https://fm.formularynavigator.com/FBO/143/2027_Select_4_Tier_GA_SG.pdf,https://www.anthem.com/ga/pharmacy-information/drug-list-formulary,https://www.anthem.com/sitemap.xml > https://www.anthem.com/ga/pharmacy-information/drug-list-formulary > https://fm.formularynavigator.com/FBO/143/2027_Select_4_Tier_GA_SG.pdf,pdf,,,,200,aae015a2a9fba725553dca5455c5e645ef25737665948e36f854bc69e42d561e,1074369,N,static,sitemap|css_selector|url_pattern,0.9,2026-10-06T17:57:10Z,
Elevance / Anthem,,Alabama,Unknown,Lista de medicamentos seleccionados Lista de medicamentos — Plan de medicamentos de cuatro niveles,other,https://fm.formularynavigator.com/FBO/143/2026_Select_4_Tier_IN_IND_SP.pdf,https://www.anthem.com/in/pharmacy-information/drug-list-formulary,https://www.anthem.com/sitemap.xml > https://www.anthem.com/in/pharmacy-information/drug-list-formulary > https://fm.formularynavigator.com/FBO/143/2026_Select_4_Tier_IN_IND_SP.pdf,pdf,,,,200,a4df5ccdfaf8e821b2d291fa574138721c6b83993eae9e34032cc1c6c082229e,871991,N,static,sitemap|css_selector|url_pattern,0.8,2026-10-06T17:57:10Z,
Elevance / Anthem,,Alabama,Unknown,Lista de medicamentos seleccionados Lista de medicamentos — Plan de medicamentos de cuatro niveles,other,https://fm.formularynavigator.com/FBO/143/2027_Select_4_Tier_IN_SG_Split_SP.pdf,https://www.anthem.com/in/pharmacy-information/drug-list-formulary,https://www.anthem.com/sitemap.xml > https://www.anthem.com/in/pharmacy-information/drug-list-formulary > https://fm.formularynavigator.com/FBO/143/2027_Select_4_Tier_IN_SG_Split_SP.pdf,pdf,,,,200,c31d3fbeddaa99034a0c73bf89ba311e9ee4fb7f0fbb8db891d4cbf0e500a224,1179720,N,static,sitemap|css_selector|url_pattern,0.8,2026-10-06T17:57:12Z,
Elevance / Anthem,,Pennsylvania,Unknown,Select Drug List Drug list — Four Tier Drug Plan,drug_list,https://fm.formularynavigator.com/FBO/143/2026_Select_4_Tier_IN_SG.pdf,https://www.anthem.com/in/pharmacy-information/drug-list-formulary,https://www.anthem.com/sitemap.xml > https://www.anthem.com/in/pharmacy-information/drug-list-formulary > https://fm.formularynavigator.com/FBO/143/2026_Select_4_Tier_IN_SG.pdf,pdf,,,,200,e66ae060a00d901802b318a6df0e7b54c3cb8e4a68c7e40b7514e4bb543d8c22,883360,N,static,sitemap|css_selector|url_pattern,0.9,2026-10-06T17:57:13Z,
Elevance / Anthem,,Alabama,Unknown,Lista de medicamentos Seleccionados Lista de medicamentos — Plan de medicamentos de cuatro niveles,other,https://fm.formularynavigator.com/FBO/143/2027_Select_4_Tier_IN_SG_SP.pdf,https://www.anthem.com/in/pharmacy-information/drug-list-formulary,https://www.anthem.com/sitemap.xml > https://www.anthem.com/in/pharmacy-information/drug-list-formulary > https://fm.formularynavigator.com/FBO/143/2027_Select_4_Tier_IN_SG_SP.pdf,pdf,,,,200,aa5cb285b14ccab92b9c169befabc04429365e8f87822c2a23960427e70f17d0,1173310,N,static,sitemap|css_selector|url_pattern,0.8,2026-10-06T17:57:13Z,
Elevance / Anthem,,Alabama,Unknown,Lista de medicamentos seleccionados Lista de medicamentos — Plan de medicamentos de cuatro niveles,other,https://fm.formularynavigator.com/FBO/143/2025_Select_4_Tier_IN_IND_SP.pdf,https://www.anthem.com/in/pharmacy-information/drug-list-formulary,https://www.anthem.com/sitemap.xml > https://www.anthem.com/in/pharmacy-information/drug-list-formulary > https://fm.formularynavigator.com/FBO/143/2025_Select_4_Tier_IN_IND_SP.pdf,pdf,,,,200,78bea92f1f41813532e1a9e9523a49d2586bf5a142dbf403976ecb119a8367fa,885731,N,static,sitemap|css_selector|url_pattern,0.8,2026-10-06T17:57:13Z,
Elevance / Anthem,,Alabama,Unknown,Lista de medicamentos Seleccionados Lista de medicamentos — Plan de medicamentos de cuatro niveles,other,https://fm.formularynavigator.com/FBO/143/2026_Select_4_Tier_IN_SG_SP.pdf,https://www.anthem.com/in/pharmacy-information/drug-list-formulary,https://www.anthem.com/sitemap.xml > https://www.anthem.com/in/pharmacy-information/drug-list-formulary > https://fm.formularynavigator.com/FBO/143/2026_Select_4_Tier_IN_SG_SP.pdf,pdf,,,,200,1aa1acaf37ee1bd8492734edd7f706e3f26de5a320b58bdd3ff36dc532448e38,871885,N,static,sitemap|css_selector|url_pattern,0.8,2026-10-06T17:57:14Z,
Elevance / Anthem,,Pennsylvania,Unknown,Select Drug List Drug list — Four Tier Drug Plan,drug_list,https://fm.formularynavigator.com/FBO/143/2026_Select_4_Tier_IN_SG_Split.pdf,https://www.anthem.com/in/pharmacy-information/drug-list-formulary,https://www.anthem.com/sitemap.xml > https://www.anthem.com/in/pharmacy-information/drug-list-formulary > https://fm.formularynavigator.com/FBO/143/2026_Select_4_Tier_IN_SG_Split.pdf,pdf,,,,200,a4791d6ba93dcaf381d7934f3e6d518f871087ab7002cc12369b05788c991899,904273,N,static,sitemap|css_selector|url_pattern,0.9,2026-10-06T17:57:14Z,
Elevance / Anthem,,Pennsylvania,Unknown,Select Drug List Drug list — Four Tier Drug Plan,drug_list,https://fm.formularynavigator.com/FBO/143/2025_Select_4_Tier_IN_SG.pdf,https://www.anthem.com/in/pharmacy-information/drug-list-formulary,https://www.anthem.com/sitemap.xml > https://www.anthem.com/in/pharmacy-information/drug-list-formulary > https://fm.formularynavigator.com/FBO/143/2025_Select_4_Tier_IN_SG.pdf,pdf,,,,200,2b3c110ac1a5a2f5d70912f126fb17cf56959b84b9783768d7d83160ca11a6e3,895850,N,static,sitemap|css_selector|url_pattern,0.9,2026-10-06T17:57:14Z,
Elevance / Anthem,,Pennsylvania,Unknown,Select Drug List Drug list — Four Tier Drug Plan,drug_list,https://fm.formularynavigator.com/FBO/143/2027_Select_4_Tier_IN_SG.pdf,https://www.anthem.com/in/pharmacy-information/drug-list-formulary,https://www.anthem.com/sitemap.xml > https://www.anthem.com/in/pharmacy-information/drug-list-formulary > https://fm.formularynavigator.com/FBO/143/2027_Select_4_Tier_IN_SG.pdf,pdf,,,,200,182f31ee937925df86ca0c936824be2a144babddf461bf1d75b75223911613dc,1103798,N,static,sitemap|css_selector|url_pattern,0.9,2026-10-06T17:57:14Z,
Elevance / Anthem,,Pennsylvania,Unknown,Select Drug List Drug list — Four Tier Drug Plan,drug_list,https://fm.formularynavigator.com/FBO/143/2025_Select_4_Tier_IN_SG_Split.pdf,https://www.anthem.com/in/pharmacy-information/drug-list-formulary,https://www.anthem.com/sitemap.xml > https://www.anthem.com/in/pharmacy-information/drug-list-formulary > https://fm.formularynavigator.com/FBO/143/2025_Select_4_Tier_IN_SG_Split.pdf,pdf,,,,200,a98cef6a3e73413d8d75b7a1c9d6e808a946d683d4f254aeee7794c5128e11b0,917349,N,static,sitemap|css_selector|url_pattern,0.9,2026-10-06T17:57:15Z,
Elevance / Anthem,,Alabama,Unknown,Lista de medicamentos Seleccionados Lista de medicamentos — Plan de medicamentos de cuatro niveles,other,https://fm.formularynavigator.com/FBO/143/2025_Select_4_Tier_IN_SG_SP.pdf,https://www.anthem.com/in/pharmacy-information/drug-list-formulary,https://www.anthem.com/sitemap.xml > https://www.anthem.com/in/pharmacy-information/drug-list-formulary > https://fm.formularynavigator.com/FBO/143/2025_Select_4_Tier_IN_SG_SP.pdf,pdf,,,,200,af9aa63d3121dd7e466d752c2a17371d25da8f15387e40f717f01929a047f6d5,885659,N,static,sitemap|css_selector|url_pattern,0.8,2026-10-06T17:57:15Z,
Elevance / Anthem,,Alabama,Unknown,Lista de medicamentos seleccionados Lista de medicamentos — Plan de medicamentos de cuatro niveles,other,https://fm.formularynavigator.com/FBO/143/2026_Select_4_Tier_IN_SG_Split_SP.pdf,https://www.anthem.com/in/pharmacy-information/drug-list-formulary,https://www.anthem.com/sitemap.xml > https://www.anthem.com/in/pharmacy-information/drug-list-formulary > https://fm.formularynavigator.com/FBO/143/2026_Select_4_Tier_IN_SG_Split_SP.pdf,pdf,,,,200,6d313430564d55e46a591b1ebb1e773694f7ba906ba3fe16ffbeded286ddb7a1,877245,N,static,sitemap|css_selector|url_pattern,0.8,2026-10-06T17:57:16Z,
Elevance / Anthem,,Alabama,Unknown,Lista de medicamentos seleccionados Lista de medicamentos — Plan de medicamentos de cuatro niveles,other,https://fm.formularynavigator.com/FBO/143/2025_Select_4_Tier_IN_SG_Split_SP.pdf,https://www.anthem.com/in/pharmacy-information/drug-list-formulary,https://www.anthem.com/sitemap.xml > https://www.anthem.com/in/pharmacy-information/drug-list-formulary > https://fm.formularynavigator.com/FBO/143/2025_Select_4_Tier_IN_SG_Split_SP.pdf,pdf,,,,200,f362713417d5c54f6216e626820ed63720f8d9fb04a7b3201600a055811f19d0,889755,N,static,sitemap|css_selector|url_pattern,0.8,2026-10-06T17:57:16Z,
Elevance / Anthem,,Colorado,Unknown,PreventiveRx Plus Drug List PreventiveRx Plus Plan (IN Select),drug_list,https://file.anthem.com/04680INMENABS-1.1.pdf,https://www.anthem.com/in/pharmacy-information/drug-list-formulary,https://www.anthem.com/sitemap.xml > https://www.anthem.com/in/pharmacy-information/drug-list-formulary > http://file.anthem.com/04680INMENABS-1.1.pdf > https://file.anthem.com/04680INMENABS-1.1.pdf,pdf,,,2026-05-03,200,e8272af16f40729baa363b3a944be1ec8466af311bf98f63d1570773125c5738,435703,N,static,sitemap|css_selector|url_pattern,0.95,2026-10-06T17:57:16Z,
Elevance / Anthem,,Alabama,Unknown,PreventiveRx Plus Lista de medicamentos Plan PreventiveRx Plan (IN Select),other,https://file.anthem.com/04680INMSPABS-1.1.pdf,https://www.anthem.com/in/pharmacy-information/drug-list-formulary,https://www.anthem.com/sitemap.xml > https://www.anthem.com/in/pharmacy-information/drug-list-formulary > http://file.anthem.com/04680INMSPABS-1.1.pdf > https://file.anthem.com/04680INMSPABS-1.1.pdf,pdf,,,2026-05-03,200,dc7c5525e7f3bca39b77e5f0f268a1de43f810d12b9b05a39dec604e91df1049,437845,N,static,sitemap|css_selector|url_pattern,0.85,2026-10-06T17:57:17Z,
Elevance / Anthem,,Pennsylvania,Unknown,Select Drug List Drug list — Four Tier Drug Plan,drug_list,https://fm.formularynavigator.com/FBO/143/2026_Select_4_Tier_IN_IND.pdf,https://www.anthem.com/in/pharmacy-information/drug-list-formulary,https://www.anthem.com/sitemap.xml > https://www.anthem.com/in/pharmacy-information/drug-list-formulary > https://fm.formularynavigator.com/FBO/143/2026_Select_4_Tier_IN_IND.pdf,pdf,,,,200,76785acf2e9cc6fab9977de2a83cd31e66be38a7a357e4ddfeceeadf087d3528,779674,N,static,sitemap|css_selector|url_pattern,0.9,2026-10-06T17:57:17Z,
Elevance / Anthem,,Alabama,Unknown,Lista de medicamentos seleccionados Lista de medicamentos — Plan de medicamentos de cuatro niveles,other,https://fm.formularynavigator.com/FBO/143/2027_Select_4_Tier_IN_IND_SP.pdf,https://www.anthem.com/in/pharmacy-information/drug-list-formulary,https://www.anthem.com/sitemap.xml > https://www.anthem.com/in/pharmacy-information/drug-list-formulary > https://fm.formularynavigator.com/FBO/143/2027_Select_4_Tier_IN_IND_SP.pdf,pdf,,,,200,83b6fc58530e9a805e2db5b5b7d368a77809ff33db4e483789d01861e6f0b423,659765,N,static,sitemap|css_selector|url_pattern,0.8,2026-10-06T17:57:18Z,
Elevance / Anthem,,Pennsylvania,Unknown,Select Drug List Drug list — Four Tier Drug Plan,drug_list,https://fm.formularynavigator.com/FBO/143/2025_Select_4_Tier_IN_IND.pdf,https://www.anthem.com/in/pharmacy-information/drug-list-formulary,https://www.anthem.com/sitemap.xml > https://www.anthem.com/in/pharmacy-information/drug-list-formulary > https://fm.formularynavigator.com/FBO/143/2025_Select_4_Tier_IN_IND.pdf,pdf,,,,200,56a89469e6b70ebae8ee1e34cdc87875c4c6a68bba033b7b98740e430f3c1e8c,919200,N,static,sitemap|css_selector|url_pattern,0.9,2026-10-06T17:57:18Z,
Elevance / Anthem,,Unknown,Unknown,o o,other,https://fm.formularynavigator.com/FBO/143/Travelers_3_Tier_ABCBS.pdf,https://www.anthem.com/in/pharmacy-information/drug-list-formulary,https://www.anthem.com/sitemap.xml > https://www.anthem.com/in/pharmacy-information/drug-list-formulary > https://fm.formularynavigator.com/FBO/143/Travelers_3_Tier_ABCBS.pdf,pdf,,,,200,9c9ba72190347ccec481d02f00abbbe113e95e8bb529fdc46de42999c8d894a6,2106385,N,static,sitemap|css_selector|url_pattern,0.8,2026-10-06T17:57:19Z,
Elevance / Anthem,,Colorado,Unknown,o o,drug_list,https://fm.formularynavigator.com/FBO/143/National_Direct_Plus_3_Tier_ABCBS_Travelers.pdf,https://www.anthem.com/in/pharmacy-information/drug-list-formulary,https://www.anthem.com/sitemap.xml > https://www.anthem.com/in/pharmacy-information/drug-list-formulary > https://fm.formularynavigator.com/FBO/143/National_Direct_Plus_3_Tier_ABCBS_Travelers.pdf,pdf,,,,200,6365005a47597a7895e682f28183c21f10381d37fec345ae5e9f3791ef35c121,1337063,N,static,sitemap|css_selector|url_pattern,0.9,2026-10-06T17:57:19Z,
Elevance / Anthem,,Pennsylvania,Unknown,Select Drug List Drug list — Four Tier Drug Plan,drug_list,https://fm.formularynavigator.com/FBO/143/2027_Select_4_Tier_IN_SG_Split.pdf,https://www.anthem.com/in/pharmacy-information/drug-list-formulary,https://www.anthem.com/sitemap.xml > https://www.anthem.com/in/pharmacy-information/drug-list-formulary > https://fm.formularynavigator.com/FBO/143/2027_Select_4_Tier_IN_SG_Split.pdf,pdf,,,,200,81f8651322335fa799e47441c78cdddfcdb4dce11682517db5f5b4e45cee1760,1102355,N,static,sitemap|css_selector|url_pattern,0.9,2026-10-06T17:57:19Z,
Elevance / Anthem,,Pennsylvania,Unknown,Select Drug List Drug list — Four Tier Drug Plan,drug_list,https://fm.formularynavigator.com/FBO/143/2027_Select_4_Tier_IN_IND.pdf,https://www.anthem.com/in/pharmacy-information/drug-list-formulary,https://www.anthem.com/sitemap.xml > https://www.anthem.com/in/pharmacy-information/drug-list-formulary > https://fm.formularynavigator.com/FBO/143/2027_Select_4_Tier_IN_IND.pdf,pdf,,,,200,174c57c224fc0356d12993c12a972062a11ddafc76bd72b26681db53ec4cb67b,1095032,N,static,sitemap|css_selector|url_pattern,0.9,2026-10-06T17:57:19Z,
Elevance / Anthem,,Pennsylvania,Unknown,Select Drug List Drug list — Four Tier Drug Plan,drug_list,https://fm.formularynavigator.com/FBO/143/2027_Select_4_Tier_KY_SG.pdf,https://www.anthem.com/ky/pharmacy-information/drug-list-formulary,https://www.anthem.com/sitemap.xml > https://www.anthem.com/ky/pharmacy-information/drug-list-formulary > https://fm.formularynavigator.com/FBO/143/2027_Select_4_Tier_KY_SG.pdf,pdf,,,,200,8082b119e0f0e4d5560f34d986d5a32165f8c73261898d482939dfa54e3179ed,1094892,N,static,sitemap|css_selector|url_pattern,0.9,2026-10-06T17:57:20Z,
Elevance / Anthem,,Alabama,Unknown,Lista de medicamentos seleccionados Lista de medicamentos — Plan de medicamentos de cuatro niveles,other,https://fm.formularynavigator.com/FBO/143/2025_Select_4_Tier_KY_IND_SP.pdf,https://www.anthem.com/ky/pharmacy-information/drug-list-formulary,https://www.anthem.com/sitemap.xml > https://www.anthem.com/ky/pharmacy-information/drug-list-formulary > https://fm.formularynavigator.com/FBO/143/2025_Select_4_Tier_KY_IND_SP.pdf,pdf,,,,200,8354d9702f604bbd15f12ad438b2a56742423dbae8821db1ed1e709262a989fb,869633,N,static,sitemap|css_selector|url_pattern,0.8,2026-10-06T17:57:20Z,
Elevance / Anthem,,Pennsylvania,Unknown,Select Drug List Drug list — Four Tier Drug Plan,drug_list,https://fm.formularynavigator.com/FBO/143/2027_Select_4_Tier_KY_IND.pdf,https://www.anthem.com/ky/pharmacy-information/drug-list-formulary,https://www.anthem.com/sitemap.xml > https://www.anthem.com/ky/pharmacy-information/drug-list-formulary > https://fm.formularynavigator.com/FBO/143/2027_Select_4_Tier_KY_IND.pdf,pdf,,,,200,ff198f77ac1dca0a60fcd3d1d56632a48e54d43290ca63bc16dd64292c943632,1084283,N,static,sitemap|css_selector|url_pattern,0.9,2026-10-06T17:57:20Z,
Elevance / Anthem,,Alabama,Unknown,Lista de medicamentos seleccionados Lista de medicamentos — Plan de medicamentos de cuatro niveles,other,https://fm.formularynavigator.com/FBO/143/2027_Select_4_Tier_KY_IND_SP.pdf,https://www.anthem.com/ky/pharmacy-information/drug-list-formulary,https://www.anthem.com/sitemap.xml > https://www.anthem.com/ky/pharmacy-information/drug-list-formulary > https://fm.formularynavigator.com/FBO/143/2027_Select_4_Tier_KY_IND_SP.pdf,pdf,,,,200,0ed1b52c9aa47a0fd79db1b612cfc0a3d6811ba1dd59d32d3498f7aee8e86c66,1170994,N,static,sitemap|css_selector|url_pattern,0.8,2026-10-06T17:57:20Z,
Elevance / Anthem,,Alabama,Unknown,Lista de medicamentos Seleccionados Lista de medicamentos — Plan de medicamentos de cuatro niveles,other,https://fm.formularynavigator.com/FBO/143/2026_Select_4_Tier_KY_SG_SP.pdf,https://www.anthem.com/ky/pharmacy-information/drug-list-formulary,https://www.anthem.com/sitemap.xml > https://www.anthem.com/ky/pharmacy-information/drug-list-formulary > https://fm.formularynavigator.com/FBO/143/2026_Select_4_Tier_KY_SG_SP.pdf,pdf,,,,200,8a63a2e335c33c01c473052212d095e34c615f6369107210c38951c47ff9eb9a,868490,N,static,sitemap|css_selector|url_pattern,0.8,2026-10-06T17:57:20Z,
Elevance / Anthem,,Pennsylvania,Unknown,Select Drug List Drug list — Four Tier Drug Plan,drug_list,https://fm.formularynavigator.com/FBO/143/2026_Select_4_Tier_KY_IND.pdf,https://www.anthem.com/ky/pharmacy-information/drug-list-formulary,https://www.anthem.com/sitemap.xml > https://www.anthem.com/ky/pharmacy-information/drug-list-formulary > https://fm.formularynavigator.com/FBO/143/2026_Select_4_Tier_KY_IND.pdf,pdf,,,,200,2788210ffcd29ab132045e7f677c82f55796a31b6814905dd96d55f73a41adfc,779030,N,static,sitemap|css_selector|url_pattern,0.9,2026-10-06T17:57:20Z,
Elevance / Anthem,,Alabama,Unknown,Lista de medicamentos Seleccionados Lista de medicamentos — Plan de medicamentos de cuatro niveles,other,https://fm.formularynavigator.com/FBO/143/2025_Select_4_Tier_KY_SG_SP.pdf,https://www.anthem.com/ky/pharmacy-information/drug-list-formulary,https://www.anthem.com/sitemap.xml > https://www.anthem.com/ky/pharmacy-information/drug-list-formulary > https://fm.formularynavigator.com/FBO/143/2025_Select_4_Tier_KY_SG_SP.pdf,pdf,,,,200,e5b81fe4559fb9a859856327d28a44f7c22a5057cdb4c4968901617fb02efcb2,869561,N,static,sitemap|css_selector|url_pattern,0.8,2026-10-06T17:57:21Z,
Elevance / Anthem,,Pennsylvania,Unknown,Select Drug List Drug list — Four Tier Drug Plan,drug_list,https://fm.formularynavigator.com/FBO/143/2027_Select_4_Tier_ME_IND.pdf,https://www.anthem.com/me/pharmacy-information/drug-list-formulary,https://www.anthem.com/sitemap.xml > https://www.anthem.com/me/pharmacy-information/drug-list-formulary > https://fm.formularynavigator.com/FBO/143/2027_Select_4_Tier_ME_IND.pdf,pdf,,,,200,4c283076df8442066352ee07feb137df483da609bf176421773fb366c37d4bd3,1106265,N,static,sitemap|css_selector|url_pattern,0.9,2026-10-06T17:57:21Z,
Elevance / Anthem,,Colorado,Unknown,PreventiveRx Plus Drug List PreventiveRx Plus Plan (KY Select),drug_list,https://file.anthem.com/04680KYMENABS-1.1.pdf,https://www.anthem.com/ky/pharmacy-information/drug-list-formulary,https://www.anthem.com/sitemap.xml > https://www.anthem.com/ky/pharmacy-information/drug-list-formulary > http://file.anthem.com/04680KYMENABS-1.1.pdf > https://file.anthem.com/04680KYMENABS-1.1.pdf,pdf,,,2026-01-16,200,b9dc1b0215cfcca807de6ced1d480a532fb2c2c80806547b2135364568b7cd40,139053,N,static,sitemap|css_selector|url_pattern,0.95,2026-10-06T17:57:21Z,
Elevance / Anthem,,Pennsylvania,Unknown,Select Drug List Drug list — Four Tier Drug Plan,drug_list,https://fm.formularynavigator.com/FBO/143/2025_Select_4_Tier_KY_SG.pdf,https://www.anthem.com/ky/pharmacy-information/drug-list-formulary,https://www.anthem.com/sitemap.xml > https://www.anthem.com/ky/pharmacy-information/drug-list-formulary > https://fm.formularynavigator.com/FBO/143/2025_Select_4_Tier_KY_SG.pdf,pdf,,,,200,8e98d88832e13812621f993c7b3122aba125a1140423eb6917288154f8c300cd,884145,N,static,sitemap|css_selector|url_pattern,0.9,2026-10-06T17:57:21Z,
Elevance / Anthem,,Alabama,Unknown,Lista de medicamentos seleccionados Lista de medicamentos — Plan de medicamentos de cuatro niveles,other,https://fm.formularynavigator.com/FBO/143/2027_Select_4_Tier_ME_IND_Split_SP.pdf,https://www.anthem.com/me/pharmacy-information/drug-list-formulary,https://www.anthem.com/sitemap.xml > https://www.anthem.com/me/pharmacy-information/drug-list-formulary > https://fm.formularynavigator.com/FBO/143/2027_Select_4_Tier_ME_IND_Split_SP.pdf,pdf,,,,200,335036a901d2416f6fe01eac07c38d14c4d9c96c348cbb0a4d5e64b383426372,1189101,N,static,sitemap|css_selector|url_pattern,0.8,2026-10-06T17:57:22Z,
Elevance / Anthem,,Pennsylvania,Unknown,Select Drug List Drug list — Four Tier Drug Plan,drug_list,https://fm.formularynavigator.com/FBO/143/2026_Select_4_Tier_KY_SG.pdf,https://www.anthem.com/ky/pharmacy-information/drug-list-formulary,https://www.anthem.com/sitemap.xml > https://www.anthem.com/ky/pharmacy-information/drug-list-formulary > https://fm.formularynavigator.com/FBO/143/2026_Select_4_Tier_KY_SG.pdf,pdf,,,,200,dca0b3097ebd30343eb1a73dd8b4bb658dd268bfedb18f2ef87f2c78d659a2d3,882361,N,static,sitemap|css_selector|url_pattern,0.9,2026-10-06T17:57:22Z,
Elevance / Anthem,,Pennsylvania,Unknown,Select Drug List Drug list — Four Tier Drug Plan,drug_list,https://fm.formularynavigator.com/FBO/143/2025_Select_4_Tier_KY_IND.pdf,https://www.anthem.com/ky/pharmacy-information/drug-list-formulary,https://www.anthem.com/sitemap.xml > https://www.anthem.com/ky/pharmacy-information/drug-list-formulary > https://fm.formularynavigator.com/FBO/143/2025_Select_4_Tier_KY_IND.pdf,pdf,,,,200,d02b2442a5c8e1d07da97538cbbed5765417e6de548f9d23d62c620abd02e448,907495,N,static,sitemap|css_selector|url_pattern,0.9,2026-10-06T17:57:22Z,
Elevance / Anthem,,Pennsylvania,Unknown,Select Drug List Drug list — Four Tier Drug Plan,drug_list,https://fm.formularynavigator.com/FBO/143/2026_Select_4_Tier_ME_IND_Split.pdf,https://www.anthem.com/me/pharmacy-information/drug-list-formulary,https://www.anthem.com/sitemap.xml > https://www.anthem.com/me/pharmacy-information/drug-list-formulary > https://fm.formularynavigator.com/FBO/143/2026_Select_4_Tier_ME_IND_Split.pdf,pdf,,,,200,0aeac5af5231409d754d5380fba79cc3c1700261616d09c9e9df2b3fb2548044,913039,N,static,sitemap|css_selector|url_pattern,0.9,2026-10-06T17:57:22Z,
Elevance / Anthem,,Alabama,Unknown,Lista de medicamentos seleccionados Lista de medicamentos — Plan de medicamentos de cuatro niveles,other,https://fm.formularynavigator.com/FBO/143/2025_Select_4_Tier_ME_IND_SP.pdf,https://www.anthem.com/me/pharmacy-information/drug-list-formulary,https://www.anthem.com/sitemap.xml > https://www.anthem.com/me/pharmacy-information/drug-list-formulary > https://fm.formularynavigator.com/FBO/143/2025_Select_4_Tier_ME_IND_SP.pdf,pdf,,,,200,ea90593f3235dc34bd94183c0e3ddeda4ba5e04ff91be1f2df910478432020b9,894473,N,static,sitemap|css_selector|url_pattern,0.8,2026-10-06T17:57:23Z,
Elevance / Anthem,,Pennsylvania,Unknown,Select Drug List Drug list — Four Tier Drug Plan,drug_list,https://fm.formularynavigator.com/FBO/143/2027_Select_4_Tier_ME_IND_Split.pdf,https://www.anthem.com/me/pharmacy-information/drug-list-formulary,https://www.anthem.com/sitemap.xml > https://www.anthem.com/me/pharmacy-information/drug-list-formulary > https://fm.formularynavigator.com/FBO/143/2027_Select_4_Tier_ME_IND_Split.pdf,pdf,,,,200,1768bf8c90542c48f70971a5286cbd5a244d74b25f4a6ec00f988b91618b8c67,1111190,N,static,sitemap|css_selector|url_pattern,0.9,2026-10-06T17:57:23Z,
Elevance / Anthem,,Alabama,Unknown,Lista de medicamentos seleccionados Lista de medicamentos — Plan de medicamentos de cuatro niveles,other,https://fm.formularynavigator.com/FBO/143/2027_Select_4_Tier_ME_IND_SP.pdf,https://www.anthem.com/me/pharmacy-information/drug-list-formulary,https://www.anthem.com/sitemap.xml > https://www.anthem.com/me/pharmacy-information/drug-list-formulary > https://fm.formularynavigator.com/FBO/143/2027_Select_4_Tier_ME_IND_SP.pdf,pdf,,,,200,5e30354d965ad5e5b49f8d83515a299e53627be6e7be9e4a481359cb58210824,1190980,N,static,sitemap|css_selector|url_pattern,0.8,2026-10-06T17:57:23Z,
Elevance / Anthem,,Alabama,Unknown,Lista de medicamentos seleccionados Lista de medicamentos — Plan de medicamentos de cuatro niveles,other,https://fm.formularynavigator.com/FBO/143/2026_Select_4_Tier_ME_IND_SP.pdf,https://www.anthem.com/me/pharmacy-information/drug-list-formulary,https://www.anthem.com/sitemap.xml > https://www.anthem.com/me/pharmacy-information/drug-list-formulary > https://fm.formularynavigator.com/FBO/143/2026_Select_4_Tier_ME_IND_SP.pdf,pdf,,,,200,e4346dfc7441b5a05a23cbcdb1932067f817b60ed735170cbefb80b2fac03a72,880042,N,static,sitemap|css_selector|url_pattern,0.8,2026-10-06T17:57:23Z,
Elevance / Anthem,,Pennsylvania,Unknown,Select Drug List Drug list — Four Tier Drug Plan,drug_list,https://fm.formularynavigator.com/FBO/143/2025_Select_4_Tier_ME_IND_Split.pdf,https://www.anthem.com/me/pharmacy-information/drug-list-formulary,https://www.anthem.com/sitemap.xml > https://www.anthem.com/me/pharmacy-information/drug-list-formulary > https://fm.formularynavigator.com/FBO/143/2025_Select_4_Tier_ME_IND_Split.pdf,pdf,,,,200,783527f6f7abd11709252f1c0cf55662cf8aab625e3e8890b07880afcc73d563,925263,N,static,sitemap|css_selector|url_pattern,0.9,2026-10-06T17:57:23Z,
Elevance / Anthem,,Alabama,Unknown,Lista de medicamentos seleccionados Lista de medicamentos — Plan de medicamentos de cuatro niveles,other,https://fm.formularynavigator.com/FBO/143/2025_Select_4_Tier_ME_IND_Split_SP.pdf,https://www.anthem.com/me/pharmacy-information/drug-list-formulary,https://www.anthem.com/sitemap.xml > https://www.anthem.com/me/pharmacy-information/drug-list-formulary > https://fm.formularynavigator.com/FBO/143/2025_Select_4_Tier_ME_IND_Split_SP.pdf,pdf,,,,200,e316a904ee06d406edbd95464591e4bc3a322468d60dad4033593081c126c5f7,894138,N,static,sitemap|css_selector|url_pattern,0.8,2026-10-06T17:57:24Z,
Elevance / Anthem,,Pennsylvania,Unknown,Select Drug List Drug list — Four Tier Drug Plan,drug_list,https://fm.formularynavigator.com/FBO/143/2027_Select_4_Tier_ME_SG_Split.pdf,https://www.anthem.com/me/pharmacy-information/drug-list-formulary,https://www.anthem.com/sitemap.xml > https://www.anthem.com/me/pharmacy-information/drug-list-formulary > https://fm.formularynavigator.com/FBO/143/2027_Select_4_Tier_ME_SG_Split.pdf,pdf,,,,200,2ff321b2f8165d18624c08ccbeab9dda1f4928b98b096de969417bb6c4e68f69,1112188,N,static,sitemap|css_selector|url_pattern,0.9,2026-10-06T17:57:24Z,
Elevance / Anthem,,Pennsylvania,Unknown,Select Drug List Drug list — Four Tier Drug Plan,drug_list,https://fm.formularynavigator.com/FBO/143/2026_Select_4_Tier_ME_IND.pdf,https://www.anthem.com/me/pharmacy-information/drug-list-formulary,https://www.anthem.com/sitemap.xml > https://www.anthem.com/me/pharmacy-information/drug-list-formulary > https://fm.formularynavigator.com/FBO/143/2026_Select_4_Tier_ME_IND.pdf,pdf,,,,200,ecc7d19f4f5561b7f3315ad0bc324180d98e1f76824cf0e362f9d71094633a78,790075,N,static,sitemap|css_selector|url_pattern,0.9,2026-10-06T17:57:24Z,
Elevance / Anthem,,Alabama,Unknown,Lista de medicamentos seleccionados Lista de medicamentos — Plan de medicamentos de cuatro niveles,other,https://fm.formularynavigator.com/FBO/143/2026_Select_4_Tier_ME_IND_Split_SP.pdf,https://www.anthem.com/me/pharmacy-information/drug-list-formulary,https://www.anthem.com/sitemap.xml > https://www.anthem.com/me/pharmacy-information/drug-list-formulary > https://fm.formularynavigator.com/FBO/143/2026_Select_4_Tier_ME_IND_Split_SP.pdf,pdf,,,,200,286408bba19c23a0f7849c6a962fa0fe6990a3c29efea7c23c96a80f1f9d157e,883946,N,static,sitemap|css_selector|url_pattern,0.8,2026-10-06T17:57:24Z,
Elevance / Anthem,,Pennsylvania,Unknown,Select Drug List Drug list — Four Tier Drug Plan,drug_list,https://fm.formularynavigator.com/FBO/143/2026_Select_4_Tier_ME_SG.pdf,https://www.anthem.com/me/pharmacy-information/drug-list-formulary,https://www.anthem.com/sitemap.xml > https://www.anthem.com/me/pharmacy-information/drug-list-formulary > https://fm.formularynavigator.com/FBO/143/2026_Select_4_Tier_ME_SG.pdf,pdf,,,,200,403af6a7d5e492eeb904ce7fa6b7cc55648a56d5a6dcdb4106646a41823e6ffd,893201,N,static,sitemap|css_selector|url_pattern,0.9,2026-10-06T17:57:24Z,
Elevance / Anthem,,Pennsylvania,Unknown,Select Drug List Drug list — Four Tier Drug Plan,drug_list,https://fm.formularynavigator.com/FBO/143/2027_Select_4_Tier_ME_SG.pdf,https://www.anthem.com/me/pharmacy-information/drug-list-formulary,https://www.anthem.com/sitemap.xml > https://www.anthem.com/me/pharmacy-information/drug-list-formulary > https://fm.formularynavigator.com/FBO/143/2027_Select_4_Tier_ME_SG.pdf,pdf,,,,200,3820962b65585d492f0073a17964c22da55cd86133529b1df38d842ceb0b8167,1106067,N,static,sitemap|css_selector|url_pattern,0.9,2026-10-06T17:57:25Z,
Elevance / Anthem,,Alabama,Unknown,Lista de medicamentos seleccionados Lista de medicamentos — Plan de medicamentos de cuatro niveles,other,https://fm.formularynavigator.com/FBO/143/2027_Select_4_Tier_ME_SG_Split_SP.pdf,https://www.anthem.com/me/pharmacy-information/drug-list-formulary,https://www.anthem.com/sitemap.xml > https://www.anthem.com/me/pharmacy-information/drug-list-formulary > https://fm.formularynavigator.com/FBO/143/2027_Select_4_Tier_ME_SG_Split_SP.pdf,pdf,,,,200,ae59d6c25503823142d1ef1cfb2f005efbc62d3efdfde77c8edfc84f50a3d45c,1181035,N,static,sitemap|css_selector|url_pattern,0.8,2026-10-06T17:57:25Z,
Elevance / Anthem,,Alabama,Unknown,Lista de medicamentos Seleccionados Lista de medicamentos — Plan de medicamentos de cuatro niveles,other,https://fm.formularynavigator.com/FBO/143/2026_Select_4_Tier_ME_SG_SP.pdf,https://www.anthem.com/me/pharmacy-information/drug-list-formulary,https://www.anthem.com/sitemap.xml > https://www.anthem.com/me/pharmacy-information/drug-list-formulary > https://fm.formularynavigator.com/FBO/143/2026_Select_4_Tier_ME_SG_SP.pdf,pdf,,,,200,68846a8c6dd7ca1b80f0e369a835db22ded83b531a071dead99a62edfbc31188,880008,N,static,sitemap|css_selector|url_pattern,0.8,2026-10-06T17:57:25Z,
Elevance / Anthem,,Alabama,Unknown,Lista de medicamentos Seleccionados Lista de medicamentos — Plan de medicamentos de cuatro niveles,other,https://fm.formularynavigator.com/FBO/143/2027_Select_4_Tier_ME_SG_SP.pdf,https://www.anthem.com/me/pharmacy-information/drug-list-formulary,https://www.anthem.com/sitemap.xml > https://www.anthem.com/me/pharmacy-information/drug-list-formulary > https://fm.formularynavigator.com/FBO/143/2027_Select_4_Tier_ME_SG_SP.pdf,pdf,,,,200,10bca172688d3c50ed98806aaec3cb20419f38fd345f372ac9282180d362e477,1182979,N,static,sitemap|css_selector|url_pattern,0.8,2026-10-06T17:57:25Z,
Elevance / Anthem,,Alabama,Unknown,Lista de medicamentos seleccionados Lista de medicamentos — Plan de medicamentos de cuatro niveles,other,https://fm.formularynavigator.com/FBO/143/2026_Select_4_Tier_ME_SG_Split_SP.pdf,https://www.anthem.com/me/pharmacy-information/drug-list-formulary,https://www.anthem.com/sitemap.xml > https://www.anthem.com/me/pharmacy-information/drug-list-formulary > https://fm.formularynavigator.com/FBO/143/2026_Select_4_Tier_ME_SG_Split_SP.pdf,pdf,,,,200,b742e80385ffb9c1daeafd97a2219503c2b233b2e05865b8972fe14a6534c74f,886220,N,static,sitemap|css_selector|url_pattern,0.8,2026-10-06T17:57:25Z,
Elevance / Anthem,,Pennsylvania,Unknown,Select Drug List Drug list — Four Tier Drug Plan,drug_list,https://fm.formularynavigator.com/FBO/143/2025_Select_4_Tier_ME_SG.pdf,https://www.anthem.com/me/pharmacy-information/drug-list-formulary,https://www.anthem.com/sitemap.xml > https://www.anthem.com/me/pharmacy-information/drug-list-formulary > https://fm.formularynavigator.com/FBO/143/2025_Select_4_Tier_ME_SG.pdf,pdf,,,,200,0c1e155c4373d3ff7a6bba66d1114a5f46b4488d1be703ea601c5c746c9e495c,904973,N,static,sitemap|css_selector|url_pattern,0.9,2026-10-06T17:57:26Z,
Elevance / Anthem,,Pennsylvania,Unknown,Select Drug List Drug list — Four Tier Drug Plan,drug_list,https://fm.formularynavigator.com/FBO/143/2025_Select_4_Tier_ME_SG_Split.pdf,https://www.anthem.com/me/pharmacy-information/drug-list-formulary,https://www.anthem.com/sitemap.xml > https://www.anthem.com/me/pharmacy-information/drug-list-formulary > https://fm.formularynavigator.com/FBO/143/2025_Select_4_Tier_ME_SG_Split.pdf,pdf,,,,200,fdd5ae28bdc3d2d93b49c942286d494be35d57d78a8b176797cca1131edd7f75,927184,N,static,sitemap|css_selector|url_pattern,0.9,2026-10-06T17:57:26Z,
Elevance / Anthem,,Pennsylvania,Unknown,Select Drug List Drug list — Four Tier Drug Plan,drug_list,https://fm.formularynavigator.com/FBO/143/2026_Select_4_Tier_ME_SG_Split.pdf,https://www.anthem.com/me/pharmacy-information/drug-list-formulary,https://www.anthem.com/sitemap.xml > https://www.anthem.com/me/pharmacy-information/drug-list-formulary > https://fm.formularynavigator.com/FBO/143/2026_Select_4_Tier_ME_SG_Split.pdf,pdf,,,,200,5e90c629e3af88197cbe8cb52045c5814c036bb1c20a0ea6d177e597ace0473d,914512,N,static,sitemap|css_selector|url_pattern,0.9,2026-10-06T17:57:26Z,
Elevance / Anthem,,Alabama,Unknown,Lista de medicamentos seleccionados Lista de medicamentos — Plan de medicamentos de cuatro niveles,other,https://fm.formularynavigator.com/FBO/143/2026_Select_4_Tier_KY_IND_SP.pdf,https://www.anthem.com/ky/pharmacy-information/drug-list-formulary,https://www.anthem.com/sitemap.xml > https://www.anthem.com/ky/pharmacy-information/drug-list-formulary > https://fm.formularynavigator.com/FBO/143/2026_Select_4_Tier_KY_IND_SP.pdf,pdf,,,,200,88081a8814f3251719b2dd016143a36d8e7e54be3f0a0ca38293bcc51181b1a4,868529,N,static,sitemap|css_selector|url_pattern,0.8,2026-10-06T17:57:26Z,
Elevance / Anthem,,Alabama,Unknown,Lista de medicamentos Seleccionados Lista de medicamentos — Plan de medicamentos de cuatro niveles,other,https://fm.formularynavigator.com/FBO/143/2025_Select_4_Tier_ME_SG_SP.pdf,https://www.anthem.com/me/pharmacy-information/drug-list-formulary,https://www.anthem.com/sitemap.xml > https://www.anthem.com/me/pharmacy-information/drug-list-formulary > https://fm.formularynavigator.com/FBO/143/2025_Select_4_Tier_ME_SG_SP.pdf,pdf,,,,200,0d6cbf8d31bad6d12e920bca91546b8b6065fc3c94b403806b80d0f4fb089f57,891880,N,static,sitemap|css_selector|url_pattern,0.8,2026-10-06T17:57:26Z,
Elevance / Anthem,,Unknown,Unknown,PreventiveRx Plus Drug List PreventiveRx Plus Plan (ME Select),drug_list,https://file.anthem.com/04680MEMENABS-1.1.pdf,https://www.anthem.com/me/pharmacy-information/drug-list-formulary,https://www.anthem.com/sitemap.xml > https://www.anthem.com/me/pharmacy-information/drug-list-formulary > http://file.anthem.com/04680MEMENABS-1.1.pdf > https://file.anthem.com/04680MEMENABS-1.1.pdf,pdf,,,2026-05-03,200,c9f51d4cb4fad5db96d0dba94f1fb7103e8b5fc5bd12af5a9a92a0ee340cc3d7,427198,N,static,sitemap|css_selector|url_pattern,0.95,2026-10-06T17:57:27Z,
Elevance / Anthem,,Alabama,Unknown,Lista de medicamentos Seleccionados Lista de medicamentos — Plan de medicamentos de cuatro niveles,other,https://fm.formularynavigator.com/FBO/143/2027_Select_4_Tier_KY_SG_SP.pdf,https://www.anthem.com/ky/pharmacy-information/drug-list-formulary,https://www.anthem.com/sitemap.xml > https://www.anthem.com/ky/pharmacy-information/drug-list-formulary > https://fm.formularynavigator.com/FBO/143/2027_Select_4_Tier_KY_SG_SP.pdf,pdf,,,,200,973d508f90af745aa713beeafe24cee66225748798bd4ae86055d98d44f432e3,1170648,N,static,sitemap|css_selector|url_pattern,0.8,2026-10-06T17:57:27Z,
Elevance / Anthem,,Alabama,Unknown,Lista de medicamentos seleccionados Lista de medicamentos — Plan de medicamentos de cuatro niveles,other,https://fm.formularynavigator.com/FBO/143/2025_Select_4_Tier_ME_SG_Split_SP.pdf,https://www.anthem.com/me/pharmacy-information/drug-list-formulary,https://www.anthem.com/sitemap.xml > https://www.anthem.com/me/pharmacy-information/drug-list-formulary > https://fm.formularynavigator.com/FBO/143/2025_Select_4_Tier_ME_SG_Split_SP.pdf,pdf,,,,200,100a4716d6548b415347e48b8b8ceb9e8f238af4cdbbbc6e90a8ddb63bb7925d,896577,N,static,sitemap|css_selector|url_pattern,0.8,2026-10-06T17:57:27Z,
Elevance / Anthem,,Pennsylvania,Unknown,Select Drug List Drug list — Four Tier Drug Plan,drug_list,https://fm.formularynavigator.com/FBO/143/2025_Select_4_Tier_ME_IND.pdf,https://www.anthem.com/me/pharmacy-information/drug-list-formulary,https://www.anthem.com/sitemap.xml > https://www.anthem.com/me/pharmacy-information/drug-list-formulary > https://fm.formularynavigator.com/FBO/143/2025_Select_4_Tier_ME_IND.pdf,pdf,,,,200,05b2158346104a9812e7bf1bb4dda3800da38c564ca3001fdc0d56bfdd594cad,928323,N,static,sitemap|css_selector|url_pattern,0.9,2026-10-06T17:57:27Z,
Elevance / Anthem,,Alabama,Unknown,PreventiveRx Plus Lista de medicamentos Plan PreventiveRx Plan (ME Select),other,https://file.anthem.com/04680MEMSPABS-1.1.pdf,https://www.anthem.com/me/pharmacy-information/drug-list-formulary,https://www.anthem.com/sitemap.xml > https://www.anthem.com/me/pharmacy-information/drug-list-formulary > http://file.anthem.com/04680MEMSPABS-1.1.pdf > https://file.anthem.com/04680MEMSPABS-1.1.pdf,pdf,,,2026-05-03,200,98a6e707952736494264a51cc850f5597d8d70f225906b68bb7c27bc79f48920,429185,N,static,sitemap|css_selector|url_pattern,0.85,2026-10-06T17:57:27Z,
Elevance / Anthem,,Unknown,Unknown,PreventiveRx Enhanced Drug List Enhanced Plan (Maine Select Drug List),drug_list,https://file.anthem.com/A00530MEMENABS.1.pdf,https://www.anthem.com/me/pharmacy-information/drug-list-formulary,https://www.anthem.com/sitemap.xml > https://www.anthem.com/me/pharmacy-information/drug-list-formulary > http://file.anthem.com/A00530MEMENABS.1.pdf > https://file.anthem.com/A00530MEMENABS.1.pdf,pdf,,,2026-05-06,200,63a510f0dbdb44eeaf2b6ecaf214fb45bc18b5fabcce07367b9c1658410f7fdb,445561,N,static,sitemap|css_selector|url_pattern,0.95,2026-10-06T17:57:28Z,
Elevance / Anthem,,Unknown,Unknown,PreventiveRx Lista de medicamentos Plan Legacy PreventiveRx Plus (ME Select),other,https://file.anthem.com/04680MEMSPABS-HN1.1.pdf,https://www.anthem.com/me/pharmacy-information/drug-list-formulary,https://www.anthem.com/sitemap.xml > https://www.anthem.com/me/pharmacy-information/drug-list-formulary > http://file.anthem.com/04680MEMSPABS-HN1.1.pdf > https://file.anthem.com/04680MEMSPABS-HN1.1.pdf,pdf,,,2026-05-27,200,1f0a68be65514e85cc581090682e65af39df3cbd1f788f133db012918835f89a,436364,N,static,sitemap|css_selector|url_pattern,0.85,2026-10-06T17:57:28Z,
Elevance / Anthem,,Unknown,Unknown,PreventiveRx Drug List Legacy PreventiveRx Plus Plan (ME Select),drug_list,https://file.anthem.com/04680MEMENABS-HN1.1.pdf,https://www.anthem.com/me/pharmacy-information/drug-list-formulary,https://www.anthem.com/sitemap.xml > https://www.anthem.com/me/pharmacy-information/drug-list-formulary > http://file.anthem.com/04680MEMENABS-HN1.1.pdf > https://file.anthem.com/04680MEMENABS-HN1.1.pdf,pdf,,,2026-05-27,200,9606c6feb1e51356e6e5b69178dcc86e971d5924a8d380e95ec76558bfdbbc18,432821,N,static,sitemap|css_selector|url_pattern,0.95,2026-10-06T17:57:28Z,
Elevance / Anthem,,Unknown,Unknown,PreventiveRx Enhanced Lista de medicamentos Enhanced Plan (Maine Select Drug List),drug_list,https://file.anthem.com/A00530MEMSPABS.1.pdf,https://www.anthem.com/me/pharmacy-information/drug-list-formulary,https://www.anthem.com/sitemap.xml > https://www.anthem.com/me/pharmacy-information/drug-list-formulary > http://file.anthem.com/A00530MEMSPABS.1.pdf > https://file.anthem.com/A00530MEMSPABS.1.pdf,pdf,,,2026-05-06,200,efcf83df4da350deb8c41a51563afaf5db149d56148ffd141d04199f1472e5c1,449324,N,static,sitemap|css_selector|url_pattern,0.95,2026-10-06T17:57:28Z,
Elevance / Anthem,,Pennsylvania,Unknown,Select Drug List Drug list — Four Tier Drug Plan,drug_list,https://fm.formularynavigator.com/FBO/143/2026_Select_4_Tier_MO_IND.pdf,https://www.anthem.com/mo/pharmacy-information/drug-list-formulary,https://www.anthem.com/sitemap.xml > https://www.anthem.com/mo/pharmacy-information/drug-list-formulary > https://fm.formularynavigator.com/FBO/143/2026_Select_4_Tier_MO_IND.pdf,pdf,,,,200,e84e1aa1462725d45a96a08c798839d324cc0e3e4db9ce1473df4ef1b417acab,711596,N,static,sitemap|css_selector|url_pattern,0.9,2026-10-06T17:57:28Z,
Elevance / Anthem,,Pennsylvania,Unknown,Select Drug List Drug list — Four Tier Drug Plan,drug_list,https://fm.formularynavigator.com/FBO/143/2027_Select_4_Tier_MO_IND.pdf,https://www.anthem.com/mo/pharmacy-information/drug-list-formulary,https://www.anthem.com/sitemap.xml > https://www.anthem.com/mo/pharmacy-information/drug-list-formulary > https://fm.formularynavigator.com/FBO/143/2027_Select_4_Tier_MO_IND.pdf,pdf,,,,200,4fe81bbea98bf1b391d85ab50e6940e7b7030c408357ab1820c074d0d5bff5fc,1081845,N,static,sitemap|css_selector|url_pattern,0.9,2026-10-06T17:57:30Z,
Elevance / Anthem,,Alabama,Unknown,Lista de medicamentos seleccionados Lista de medicamentos — Plan de medicamentos de cuatro niveles,other,https://fm.formularynavigator.com/FBO/143/2027_Select_4_Tier_MO_SG_Split_SP.pdf,https://www.anthem.com/mo/pharmacy-information/drug-list-formulary,https://www.anthem.com/sitemap.xml > https://www.anthem.com/mo/pharmacy-information/drug-list-formulary > https://fm.formularynavigator.com/FBO/143/2027_Select_4_Tier_MO_SG_Split_SP.pdf,pdf,,,,200,4a5f026c7ad98f899c353ab9ccd0db447c0ff0bb08748aa2d5ccc3a7dd8690a8,1164177,N,static,sitemap|css_selector|url_pattern,0.8,2026-10-06T17:57:30Z,
Elevance / Anthem,,Pennsylvania,Unknown,Select Drug List Drug list — Four Tier Drug Plan,drug_list,https://fm.formularynavigator.com/FBO/143/2026_Select_4_Tier_MO_SG.pdf,https://www.anthem.com/mo/pharmacy-information/drug-list-formulary,https://www.anthem.com/sitemap.xml > https://www.anthem.com/mo/pharmacy-information/drug-list-formulary > https://fm.formularynavigator.com/FBO/143/2026_Select_4_Tier_MO_SG.pdf,pdf,,,,200,46d41881f940e22b6ae165ca2cad3d20bc98601d360390dce3d8c1992aff57f8,814918,N,static,sitemap|css_selector|url_pattern,0.9,2026-10-06T17:57:30Z,
Elevance / Anthem,,Pennsylvania,Unknown,Select Drug List Drug list — Four Tier Drug Plan,drug_list,https://fm.formularynavigator.com/FBO/143/2027_Select_4_Tier_MO_SG.pdf,https://www.anthem.com/mo/pharmacy-information/drug-list-formulary,https://www.anthem.com/sitemap.xml > https://www.anthem.com/mo/pharmacy-information/drug-list-formulary > https://fm.formularynavigator.com/FBO/143/2027_Select_4_Tier_MO_SG.pdf,pdf,,,,200,9a66f602028a225bb52aa00db2716958052c57af5ef9b911546b16cc41a474a4,1081481,N,static,sitemap|css_selector|url_pattern,0.9,2026-10-06T17:57:30Z,
Elevance / Anthem,,Pennsylvania,Unknown,Select Drug List Drug list — Four Tier Drug Plan,drug_list,https://fm.formularynavigator.com/FBO/143/2026_Select_4_Tier_MO_SG_Split.pdf,https://www.anthem.com/mo/pharmacy-information/drug-list-formulary,https://www.anthem.com/sitemap.xml > https://www.anthem.com/mo/pharmacy-information/drug-list-formulary > https://fm.formularynavigator.com/FBO/143/2026_Select_4_Tier_MO_SG_Split.pdf,pdf,,,,200,ea3463ba18ff855a82dd243806907bcabe3f0395d049eee9f478ecf60b34a94a,836408,N,static,sitemap|css_selector|url_pattern,0.9,2026-10-06T17:57:31Z,
Elevance / Anthem,,Alabama,Unknown,Lista de medicamentos seleccionados Lista de medicamentos — Plan de medicamentos de cuatro niveles,other,https://fm.formularynavigator.com/FBO/143/2025_Select_4_Tier_MO_IND_SP.pdf,https://www.anthem.com/mo/pharmacy-information/drug-list-formulary,https://www.anthem.com/sitemap.xml > https://www.anthem.com/mo/pharmacy-information/drug-list-formulary > https://fm.formularynavigator.com/FBO/143/2025_Select_4_Tier_MO_IND_SP.pdf,pdf,,,,200,89a4c8f2f36eec277aa4921cb6a0066c58f08674de754c75f9e617a676095d03,770699,N,static,sitemap|css_selector|url_pattern,0.8,2026-10-06T17:57:31Z,
Elevance / Anthem,,Alabama,Unknown,Lista de medicamentos seleccionados Lista de medicamentos — Plan de medicamentos de cuatro niveles,other,https://fm.formularynavigator.com/FBO/143/2026_Select_4_Tier_MO_IND_SP.pdf,https://www.anthem.com/mo/pharmacy-information/drug-list-formulary,https://www.anthem.com/sitemap.xml > https://www.anthem.com/mo/pharmacy-information/drug-list-formulary > https://fm.formularynavigator.com/FBO/143/2026_Select_4_Tier_MO_IND_SP.pdf,pdf,,,,200,dd2840a4beb8b967df3965c2cc2da303b5aa1c006f18dd55f64a55087752a3a7,759513,N,static,sitemap|css_selector|url_pattern,0.8,2026-10-06T17:57:31Z,
Elevance / Anthem,,Alabama,Unknown,Lista de medicamentos seleccionados Lista de medicamentos — Plan de medicamentos de cuatro niveles,other,https://fm.formularynavigator.com/FBO/143/2026_Select_4_Tier_MO_SG_Split_SP.pdf,https://www.anthem.com/mo/pharmacy-information/drug-list-formulary,https://www.anthem.com/sitemap.xml > https://www.anthem.com/mo/pharmacy-information/drug-list-formulary > https://fm.formularynavigator.com/FBO/143/2026_Select_4_Tier_MO_SG_Split_SP.pdf,pdf,,,,200,04ccf82d951a5a74e9aab9424211f25a0eb5cd7540ec7247893b16a2be0bca56,766433,N,static,sitemap|css_selector|url_pattern,0.8,2026-10-06T17:57:31Z,
Elevance / Anthem,,Pennsylvania,Unknown,Select Drug List Drug list — Four Tier Drug Plan,drug_list,https://fm.formularynavigator.com/FBO/143/2025_Select_4_Tier_MO_IND.pdf,https://www.anthem.com/mo/pharmacy-information/drug-list-formulary,https://www.anthem.com/sitemap.xml > https://www.anthem.com/mo/pharmacy-information/drug-list-formulary > https://fm.formularynavigator.com/FBO/143/2025_Select_4_Tier_MO_IND.pdf,pdf,,,,200,e5e95a36df7af14736c6f7a865ae250dab59384c35c97694afa3139c57d69a35,849789,N,static,sitemap|css_selector|url_pattern,0.9,2026-10-06T17:57:31Z,
Elevance / Anthem,,Pennsylvania,Unknown,Select Drug List Drug list — Four Tier Drug Plan,drug_list,https://fm.formularynavigator.com/FBO/143/2025_Select_4_Tier_MO_SG.pdf,https://www.anthem.com/mo/pharmacy-information/drug-list-formulary,https://www.anthem.com/sitemap.xml > https://www.anthem.com/mo/pharmacy-information/drug-list-formulary > https://fm.formularynavigator.com/FBO/143/2025_Select_4_Tier_MO_SG.pdf,pdf,,,,200,d426632e5f44ba7be477be642090d14b0b131ee215d89555989e3c701bd683aa,823959,N,static,sitemap|css_selector|url_pattern,0.9,2026-10-06T17:57:31Z,
Elevance / Anthem,,Alabama,Unknown,Lista de medicamentos Seleccionados Lista de medicamentos — Plan de medicamentos de cuatro niveles,other,https://fm.formularynavigator.com/FBO/143/2026_Select_4_Tier_MO_SG_SP.pdf,https://www.anthem.com/mo/pharmacy-information/drug-list-formulary,https://www.anthem.com/sitemap.xml > https://www.anthem.com/mo/pharmacy-information/drug-list-formulary > https://fm.formularynavigator.com/FBO/143/2026_Select_4_Tier_MO_SG_SP.pdf,pdf,,,,200,39f529ca53495626a6fd61bd66c328df318f84018051d30dc0edf36f53b2778d,759843,N,static,sitemap|css_selector|url_pattern,0.8,2026-10-06T17:57:31Z,
Elevance / Anthem,,Alabama,Unknown,Lista de medicamentos Seleccionados Lista de medicamentos — Plan de medicamentos de cuatro niveles,other,https://fm.formularynavigator.com/FBO/143/2025_Select_4_Tier_MO_SG_SP.pdf,https://www.anthem.com/mo/pharmacy-information/drug-list-formulary,https://www.anthem.com/sitemap.xml > https://www.anthem.com/mo/pharmacy-information/drug-list-formulary > https://fm.formularynavigator.com/FBO/143/2025_Select_4_Tier_MO_SG_SP.pdf,pdf,,,,200,6c939213ec43442402722570ce952dbbca01d4f64faceb3ab63d5dcd845101f2,768696,N,static,sitemap|css_selector|url_pattern,0.8,2026-10-06T17:57:31Z,
Elevance / Anthem,,Alabama,Unknown,Lista de medicamentos seleccionados Lista de medicamentos — Plan de medicamentos de cuatro niveles,other,https://fm.formularynavigator.com/FBO/143/2025_Select_4_Tier_MO_SG_Split_SP.pdf,https://www.anthem.com/mo/pharmacy-information/drug-list-formulary,https://www.anthem.com/sitemap.xml > https://www.anthem.com/mo/pharmacy-information/drug-list-formulary > https://fm.formularynavigator.com/FBO/143/2025_Select_4_Tier_MO_SG_Split_SP.pdf,pdf,,,,200,03b2f2b0ee3e3420ca81f2d9ef16cbd5cc18582a3c18dd78854ff586d97a9352,777560,N,static,sitemap|css_selector|url_pattern,0.8,2026-10-06T17:57:32Z,
Elevance / Anthem,,Alabama,Unknown,Lista de medicamentos Seleccionados Lista de medicamentos — Plan de medicamentos de cuatro niveles,other,https://fm.formularynavigator.com/FBO/143/2027_Select_4_Tier_MO_SG_SP.pdf,https://www.anthem.com/mo/pharmacy-information/drug-list-formulary,https://www.anthem.com/sitemap.xml > https://www.anthem.com/mo/pharmacy-information/drug-list-formulary > https://fm.formularynavigator.com/FBO/143/2027_Select_4_Tier_MO_SG_SP.pdf,pdf,,,,200,36b675bafb10f315831df4a05bf9a65bbdab3dee7a9a8635b9d02e1258476339,1159124,N,static,sitemap|css_selector|url_pattern,0.8,2026-10-06T17:57:32Z,
Elevance / Anthem,,Unknown,Unknown,PreventiveRx Plus Drug List PreventiveRx Plus Plan (MO Select),drug_list,https://file.anthem.com/04680MOMENABS-HN1.1.pdf,https://www.anthem.com/mo/pharmacy-information/drug-list-formulary,https://www.anthem.com/sitemap.xml > https://www.anthem.com/mo/pharmacy-information/drug-list-formulary > http://file.anthem.com/04680MOMENABS-HN1.1.pdf > https://file.anthem.com/04680MOMENABS-HN1.1.pdf,pdf,,,2026-06-18,200,d374f879b626942d5910c1cea0c13fce85cbbd9662b0674eb895f2d11c960a2f,79238,N,static,sitemap|css_selector|url_pattern,0.95,2026-10-06T17:57:32Z,
Elevance / Anthem,,Unknown,Unknown,PreventiveRx Plus Drug List PreventiveRx Plus Plan (MO Select),drug_list,https://file.anthem.com/04680MOMENABS-1.1.pdf,https://www.anthem.com/mo/pharmacy-information/drug-list-formulary,https://www.anthem.com/sitemap.xml > https://www.anthem.com/mo/pharmacy-information/drug-list-formulary > http://file.anthem.com/04680MOMENABS-1.1.pdf > https://file.anthem.com/04680MOMENABS-1.1.pdf,pdf,,,2026-05-03,200,b66ab5824595bb5fdaa01a98f06547c400b2cd1ef2ca45bfea12f1670f0bb5f5,429859,N,static,sitemap|css_selector|url_pattern,0.95,2026-10-06T17:57:33Z,
Elevance / Anthem,,Alabama,Unknown,PreventiveRx Plus Lista de medicamentos Plan PreventiveRx Plan (MO Select),other,https://file.anthem.com/04680MOMSPABS-1.1.pdf,https://www.anthem.com/mo/pharmacy-information/drug-list-formulary,https://www.anthem.com/sitemap.xml > https://www.anthem.com/mo/pharmacy-information/drug-list-formulary > http://file.anthem.com/04680MOMSPABS-1.1.pdf > https://file.anthem.com/04680MOMSPABS-1.1.pdf,pdf,,,2026-05-03,200,1043744f5a00ee74ff7cbf4eb973a08207e3df36301da7ef59a4ea308167de0a,431527,N,static,sitemap|css_selector|url_pattern,0.85,2026-10-06T17:57:33Z,
Elevance / Anthem,,Unknown,Unknown,PreventiveRx Lista de medicamentos Plan Legacy PreventiveRx Plus (MO Select),other,https://file.anthem.com/04680MOMSPABS-HN1.1.pdf,https://www.anthem.com/mo/pharmacy-information/drug-list-formulary,https://www.anthem.com/sitemap.xml > https://www.anthem.com/mo/pharmacy-information/drug-list-formulary > http://file.anthem.com/04680MOMSPABS-HN1.1.pdf > https://file.anthem.com/04680MOMSPABS-HN1.1.pdf,pdf,,,2026-05-27,200,aaf3b2b9fb0decc44e00487f841119530681046f072d16382638526db6a636c2,438667,N,static,sitemap|css_selector|url_pattern,0.85,2026-10-06T17:57:33Z,
Elevance / Anthem,,Unknown,Unknown,PreventiveRx Enhanced Drug List Enhanced Plan (Missouri Select Drug List),drug_list,https://file.anthem.com/A00530MOMENABS.1.pdf,https://www.anthem.com/mo/pharmacy-information/drug-list-formulary,https://www.anthem.com/sitemap.xml > https://www.anthem.com/mo/pharmacy-information/drug-list-formulary > http://file.anthem.com/A00530MOMENABS.1.pdf > https://file.anthem.com/A00530MOMENABS.1.pdf,pdf,,,2026-05-06,200,fe27b8ca700658c86c13d90dfaa9e73f8f23ed0609430a66a27c1bf7399a78d5,439749,N,static,sitemap|css_selector|url_pattern,0.95,2026-10-06T17:57:33Z,
Elevance / Anthem,,Unknown,Unknown,PreventiveRx Enhanced Lista de medicamentos Enhanced Plan (Missouri Select Drug List),drug_list,https://file.anthem.com/A00530MOMSPABS.1.pdf,https://www.anthem.com/mo/pharmacy-information/drug-list-formulary,https://www.anthem.com/sitemap.xml > https://www.anthem.com/mo/pharmacy-information/drug-list-formulary > http://file.anthem.com/A00530MOMSPABS.1.pdf > https://file.anthem.com/A00530MOMSPABS.1.pdf,pdf,,,2026-05-06,200,228b2e256e7e7a62814a1ca702270832935483725bcb4fa1224a73ccf16c5a29,442527,N,static,sitemap|css_selector|url_pattern,0.95,2026-10-06T17:57:33Z,
Elevance / Anthem,,Alabama,Unknown,Lista de medicamentos seleccionados Lista de medicamentos — Plan de medicamentos de cuatro niveles,other,https://fm.formularynavigator.com/FBO/143/2027_Select_4_Tier_MO_IND_SP.pdf,https://www.anthem.com/mo/pharmacy-information/drug-list-formulary,https://www.anthem.com/sitemap.xml > https://www.anthem.com/mo/pharmacy-information/drug-list-formulary > https://fm.formularynavigator.com/FBO/143/2027_Select_4_Tier_MO_IND_SP.pdf,pdf,,,,200,80e6c006023c361dbd7078d8eea8a8fd034570b256d074b177e8ccee93eca243,1164397,N,static,sitemap|css_selector|url_pattern,0.8,2026-10-06T17:57:33Z,
Elevance / Anthem,,Pennsylvania,Unknown,Select Drug List Drug list — Four Tier Drug Plan,drug_list,https://fm.formularynavigator.com/FBO/143/2025_Select_4_Tier_MO_SG_Split.pdf,https://www.anthem.com/mo/pharmacy-information/drug-list-formulary,https://www.anthem.com/sitemap.xml > https://www.anthem.com/mo/pharmacy-information/drug-list-formulary > https://fm.formularynavigator.com/FBO/143/2025_Select_4_Tier_MO_SG_Split.pdf,pdf,,,,200,83f9c548e8edd7c8aaaa16abbcb25e5a290528244937e1877bc633ad4de6c281,845359,N,static,sitemap|css_selector|url_pattern,0.9,2026-10-06T17:57:34Z,
Elevance / Anthem,,Alabama,Unknown,Lista de medicamentos seleccionados Lista de medicamentos — Plan de medicamentos de cuatro niveles,other,https://fm.formularynavigator.com/FBO/143/2027_Select_4_Tier_NH_IND_SP.pdf,https://www.anthem.com/nh/pharmacy-information/drug-list-formulary,https://www.anthem.com/sitemap.xml > https://www.anthem.com/nh/pharmacy-information/drug-list-formulary > https://fm.formularynavigator.com/FBO/143/2027_Select_4_Tier_NH_IND_SP.pdf,pdf,,,,200,2fdbf0750b4c720d988cc41d375aa409734a8ee551abf62cc8aad1de0d52f85b,1154182,N,static,sitemap|css_selector|url_pattern,0.8,2026-10-06T17:57:35Z,
Elevance / Anthem,,Pennsylvania,Unknown,Select Drug List Drug list — Four Tier Drug Plan,drug_list,https://fm.formularynavigator.com/FBO/143/2027_Select_4_Tier_MO_SG_Split.pdf,https://www.anthem.com/mo/pharmacy-information/drug-list-formulary,https://www.anthem.com/sitemap.xml > https://www.anthem.com/mo/pharmacy-information/drug-list-formulary > https://fm.formularynavigator.com/FBO/143/2027_Select_4_Tier_MO_SG_Split.pdf,pdf,,,,200,258b91b854e469ee10795499601b49c261079b135331cece1f9521dcadcc6148,1086700,N,static,sitemap|css_selector|url_pattern,0.9,2026-10-06T17:57:35Z,
Elevance / Anthem,,Alabama,Unknown,Lista de medicamentos seleccionados Lista de medicamentos — Plan de medicamentos de cuatro niveles,other,https://fm.formularynavigator.com/FBO/143/2026_Select_4_Tier_NH_IND_SP.pdf,https://www.anthem.com/nh/pharmacy-information/drug-list-formulary,https://www.anthem.com/sitemap.xml > https://www.anthem.com/nh/pharmacy-information/drug-list-formulary > https://fm.formularynavigator.com/FBO/143/2026_Select_4_Tier_NH_IND_SP.pdf,pdf,,,,200,3019d135acda193e9b9d5ed567e443c4c04f5720e292c36614fe09f10fe333f2,755776,N,static,sitemap|css_selector|url_pattern,0.8,2026-10-06T17:57:35Z,
Elevance / Anthem,,Pennsylvania,Unknown,Select Drug List Drug list — Four Tier Drug Plan,drug_list,https://fm.formularynavigator.com/FBO/143/2025_Select_4_Tier_NH_IND.pdf,https://www.anthem.com/nh/pharmacy-information/drug-list-formulary,https://www.anthem.com/sitemap.xml > https://www.anthem.com/nh/pharmacy-information/drug-list-formulary > https://fm.formularynavigator.com/FBO/143/2025_Select_4_Tier_NH_IND.pdf,pdf,,,,200,30f84bb41995ea73b1d4c42cdec24bdbfbd4bceef43cadbc10f745970c8cf6d1,841566,N,static,sitemap|css_selector|url_pattern,0.9,2026-10-06T17:57:35Z,
Elevance / Anthem,,Pennsylvania,Unknown,Select Drug List Drug list — Four Tier Drug Plan,drug_list,https://fm.formularynavigator.com/FBO/143/2027_Select_4_Tier_NH_IND.pdf,https://www.anthem.com/nh/pharmacy-information/drug-list-formulary,https://www.anthem.com/sitemap.xml > https://www.anthem.com/nh/pharmacy-information/drug-list-formulary > https://fm.formularynavigator.com/FBO/143/2027_Select_4_Tier_NH_IND.pdf,pdf,,,,200,6876adf77bdbb4c1a3da28057fbc143cb4b76c38df2e93b78f6e2677bb73dd00,1066808,N,static,sitemap|css_selector|url_pattern,0.9,2026-10-06T17:57:36Z,
Elevance / Anthem,,Pennsylvania,Unknown,Select Drug List Drug list — Four Tier Drug Plan,drug_list,https://fm.formularynavigator.com/FBO/143/2026_Select_4_Tier_NH_IND.pdf,https://www.anthem.com/nh/pharmacy-information/drug-list-formulary,https://www.anthem.com/sitemap.xml > https://www.anthem.com/nh/pharmacy-information/drug-list-formulary > https://fm.formularynavigator.com/FBO/143/2026_Select_4_Tier_NH_IND.pdf,pdf,,,,200,588a564618e263bea8f81db2fd3be6a0f1492d6cc363b5c994c3d74142015669,704913,N,static,sitemap|css_selector|url_pattern,0.9,2026-10-06T17:57:36Z,
Elevance / Anthem,,Pennsylvania,Unknown,Select Drug List Drug list — Four Tier Drug Plan,drug_list,https://fm.formularynavigator.com/FBO/143/2027_Select_4_Tier_NH_SG_Split.pdf,https://www.anthem.com/nh/pharmacy-information/drug-list-formulary,https://www.anthem.com/sitemap.xml > https://www.anthem.com/nh/pharmacy-information/drug-list-formulary > https://fm.formularynavigator.com/FBO/143/2027_Select_4_Tier_NH_SG_Split.pdf,pdf,,,,200,fec0a3f139b3b01e6eba7c2618f2a7e24f3f5e8a0cb392f49a57becbf968aca2,1084159,N,static,sitemap|css_selector|url_pattern,0.9,2026-10-06T17:57:36Z,
Elevance / Anthem,,Alabama,Unknown,Lista de medicamentos seleccionados Lista de medicamentos — Plan de medicamentos de cuatro niveles,other,https://fm.formularynavigator.com/FBO/143/2025_Select_4_Tier_NH_IND_SP.pdf,https://www.anthem.com/nh/pharmacy-information/drug-list-formulary,https://www.anthem.com/sitemap.xml > https://www.anthem.com/nh/pharmacy-information/drug-list-formulary > https://fm.formularynavigator.com/FBO/143/2025_Select_4_Tier_NH_IND_SP.pdf,pdf,,,,200,8d2e57cd7e7a5ee28345a2b5f424d69d3f679dcff6bb7f14965ae1cafe7608cc,767753,N,static,sitemap|css_selector|url_pattern,0.8,2026-10-06T17:57:36Z,
Elevance / Anthem,,Pennsylvania,Unknown,Select Drug List Drug list — Four Tier Drug Plan,drug_list,https://fm.formularynavigator.com/FBO/143/2026_Select_4_Tier_NH_SG.pdf,https://www.anthem.com/nh/pharmacy-information/drug-list-formulary,https://www.anthem.com/sitemap.xml > https://www.anthem.com/nh/pharmacy-information/drug-list-formulary > https://fm.formularynavigator.com/FBO/143/2026_Select_4_Tier_NH_SG.pdf,pdf,,,,200,85f8a065e400c8775a1d824f9280ae1ae71d300032bfdf42c7edd5ef97523493,808548,N,static,sitemap|css_selector|url_pattern,0.9,2026-10-06T17:57:36Z,
Elevance / Anthem,,Pennsylvania,Unknown,Select Drug List Drug list — Four Tier Drug Plan,drug_list,https://fm.formularynavigator.com/FBO/143/2027_Select_4_Tier_NH_SG.pdf,https://www.anthem.com/nh/pharmacy-information/drug-list-formulary,https://www.anthem.com/sitemap.xml > https://www.anthem.com/nh/pharmacy-information/drug-list-formulary > https://fm.formularynavigator.com/FBO/143/2027_Select_4_Tier_NH_SG.pdf,pdf,,,,200,2b1d890b8dcacb538bf25402c37d73df4d8a19b32e9e7f55e31034450c387cf4,1077535,N,static,sitemap|css_selector|url_pattern,0.9,2026-10-06T17:57:36Z,
Elevance / Anthem,,Pennsylvania,Unknown,Select Drug List Drug list — Four Tier Drug Plan,drug_list,https://fm.formularynavigator.com/FBO/143/2026_Select_4_Tier_NH_SG_Split.pdf,https://www.anthem.com/nh/pharmacy-information/drug-list-formulary,https://www.anthem.com/sitemap.xml > https://www.anthem.com/nh/pharmacy-information/drug-list-formulary > https://fm.formularynavigator.com/FBO/143/2026_Select_4_Tier_NH_SG_Split.pdf,pdf,,,,200,7c7c8847090d744222964d3d1e1b04c921fd8c6c30330556e0694d4a62ce240d,828053,N,static,sitemap|css_selector|url_pattern,0.9,2026-10-06T17:57:36Z,
Elevance / Anthem,,Pennsylvania,Unknown,Select Drug List Drug list — Four Tier Drug Plan,drug_list,https://fm.formularynavigator.com/FBO/143/2025_Select_4_Tier_NH_SG.pdf,https://www.anthem.com/nh/pharmacy-information/drug-list-formulary,https://www.anthem.com/sitemap.xml > https://www.anthem.com/nh/pharmacy-information/drug-list-formulary > https://fm.formularynavigator.com/FBO/143/2025_Select_4_Tier_NH_SG.pdf,pdf,,,,200,c9f58b45893e54895956474156107aec31481e591908a1ddc55d030e5206d948,818217,N,static,sitemap|css_selector|url_pattern,0.9,2026-10-06T17:57:37Z,
Elevance / Anthem,,Alabama,Unknown,Lista de medicamentos seleccionados Lista de medicamentos — Plan de medicamentos de cuatro niveles,other,https://fm.formularynavigator.com/FBO/143/2026_Select_4_Tier_NH_SG_Split_SP.pdf,https://www.anthem.com/nh/pharmacy-information/drug-list-formulary,https://www.anthem.com/sitemap.xml > https://www.anthem.com/nh/pharmacy-information/drug-list-formulary > https://fm.formularynavigator.com/FBO/143/2026_Select_4_Tier_NH_SG_Split_SP.pdf,pdf,,,,200,90d297583fdabf5d27da9e962ec4485359981d30826b9bb49cd76c4aa3fa1069,759314,N,static,sitemap|css_selector|url_pattern,0.8,2026-10-06T17:57:37Z,
Elevance / Anthem,,Alabama,Unknown,Lista de medicamentos Seleccionados Lista de medicamentos — Plan de medicamentos de cuatro niveles,other,https://fm.formularynavigator.com/FBO/143/2025_Select_4_Tier_NH_SG_SP.pdf,https://www.anthem.com/nh/pharmacy-information/drug-list-formulary,https://www.anthem.com/sitemap.xml > https://www.anthem.com/nh/pharmacy-information/drug-list-formulary > https://fm.formularynavigator.com/FBO/143/2025_Select_4_Tier_NH_SG_SP.pdf,pdf,,,,200,16f40d02abc41edc75eb5a5183a391d4d131659b012851f76188436aaaad12e0,767681,N,static,sitemap|css_selector|url_pattern,0.8,2026-10-06T17:57:37Z,
Elevance / Anthem,,Alabama,Unknown,Lista de medicamentos Seleccionados Lista de medicamentos — Plan de medicamentos de cuatro niveles,other,https://fm.formularynavigator.com/FBO/143/2026_Select_4_Tier_NH_SG_SP.pdf,https://www.anthem.com/nh/pharmacy-information/drug-list-formulary,https://www.anthem.com/sitemap.xml > https://www.anthem.com/nh/pharmacy-information/drug-list-formulary > https://fm.formularynavigator.com/FBO/143/2026_Select_4_Tier_NH_SG_SP.pdf,pdf,,,,200,38a1d43ff53a412a9f099190c5e0365f451be9f971a98602d2cf0de0ff4958c1,755333,N,static,sitemap|css_selector|url_pattern,0.8,2026-10-06T17:57:37Z,
Elevance / Anthem,,Pennsylvania,Unknown,Select Drug List Drug list — Four Tier Drug Plan,drug_list,https://fm.formularynavigator.com/FBO/143/2025_Select_4_Tier_NH_SG_Split.pdf,https://www.anthem.com/nh/pharmacy-information/drug-list-formulary,https://www.anthem.com/sitemap.xml > https://www.anthem.com/nh/pharmacy-information/drug-list-formulary > https://fm.formularynavigator.com/FBO/143/2025_Select_4_Tier_NH_SG_Split.pdf,pdf,,,,200,b1679d4dac4178548c1fed7d398459faca9724f38e132d22415efced7e392247,837209,N,static,sitemap|css_selector|url_pattern,0.9,2026-10-06T17:57:37Z,
Elevance / Anthem,,Alabama,Unknown,Lista de medicamentos Seleccionados Lista de medicamentos — Plan de medicamentos de cuatro niveles,other,https://fm.formularynavigator.com/FBO/143/2027_Select_4_Tier_NH_SG_SP.pdf,https://www.anthem.com/nh/pharmacy-information/drug-list-formulary,https://www.anthem.com/sitemap.xml > https://www.anthem.com/nh/pharmacy-information/drug-list-formulary > https://fm.formularynavigator.com/FBO/143/2027_Select_4_Tier_NH_SG_SP.pdf,pdf,,,,200,bb55751f9d7a4be7edac22b991d9c5cde9866dfb60a7d259883b989a2528fba0,1153447,N,static,sitemap|css_selector|url_pattern,0.8,2026-10-06T17:57:38Z,
Elevance / Anthem,,Alabama,Unknown,Lista de medicamentos seleccionados Lista de medicamentos — Plan de medicamentos de cuatro niveles,other,https://fm.formularynavigator.com/FBO/143/2025_Select_4_Tier_NH_SG_Split_SP.pdf,https://www.anthem.com/nh/pharmacy-information/drug-list-formulary,https://www.anthem.com/sitemap.xml > https://www.anthem.com/nh/pharmacy-information/drug-list-formulary > https://fm.formularynavigator.com/FBO/143/2025_Select_4_Tier_NH_SG_Split_SP.pdf,pdf,,,,200,c7b759ae3570a958bf77ccf8c6dd9b0009b9ab201530ced6222f0163b2421c38,771737,N,static,sitemap|css_selector|url_pattern,0.8,2026-10-06T17:57:38Z,
Elevance / Anthem,,Colorado,Unknown,PreventiveRx Drug List Basic Plan (New Hampshire Drug List),drug_list,https://file.anthem.com/13019NHMENABS.pdf,https://www.anthem.com/nh/pharmacy-information/drug-list-formulary,https://www.anthem.com/sitemap.xml > https://www.anthem.com/nh/pharmacy-information/drug-list-formulary > http://file.anthem.com/13019NHMENABS.pdf > https://file.anthem.com/13019NHMENABS.pdf,pdf,,,2026-06-30,200,c5c8a19e753ad96ddb8d23f2db940126806af38f8c673ba7577a93cdbc9cb8da,471716,N,static,sitemap|css_selector|url_pattern,0.95,2026-10-06T17:57:38Z,
Elevance / Anthem,,Alabama,Unknown,PreventiveRx Lista de medicamentos Plan Básico (Lista de Medicamentos de New Hampshire),other,https://file.anthem.com/13019NHMSPABS.pdf,https://www.anthem.com/nh/pharmacy-information/drug-list-formulary,https://www.anthem.com/sitemap.xml > https://www.anthem.com/nh/pharmacy-information/drug-list-formulary > http://file.anthem.com/13019NHMSPABS.pdf > https://file.anthem.com/13019NHMSPABS.pdf,pdf,,,2026-06-29,200,c4d17aacb9d8b2d66388b0f7edf7713ceca962180b7299777145b9e1982d41d1,473586,N,static,sitemap|css_selector|url_pattern,0.85,2026-10-06T17:57:38Z,
Elevance / Anthem,,Unknown,Unknown,PreventiveRx Drug List Legacy PreventiveRx Plus Plan (National Direct),drug_list,https://file.anthem.com/A00444MUMENABS-HN1.1.pdf,https://www.anthem.com/nh/pharmacy-information/drug-list-formulary,https://www.anthem.com/sitemap.xml > https://www.anthem.com/nh/pharmacy-information/drug-list-formulary > http://file.anthem.com/A00444MUMENABS-HN1.1.pdf > https://file.anthem.com/A00444MUMENABS-HN1.1.pdf,pdf,,,2026-05-14,200,392b1ed83231aa521fb7c0cf10c5a651d7203c59e37d103ceec024c45cd86b72,443258,N,static,sitemap|css_selector|url_pattern,0.95,2026-10-06T17:57:38Z,
Elevance / Anthem,,New York,Unknown,NOTICE OF NON-DISCRIMINATION Anthem Blue Cross and Blue Shield HP (Anthem) complies with Federal civil rights laws. Anthem,other,https://www.anthembluecross.com/content/dam/digital/docs/anthembluecross/medicaid/new-york/Notice-of-Non-Discrimination-(English).pdf,https://www.anthembluecross.com/ny/medicaid/referrals-preapprovals-prior-authorizations,https://www.anthem.com/sitemap.xml > https://www.anthem.com/ny/medicaid/referrals-preapprovals-prior-authorizations > https://www.anthembluecross.com/content/dam/digital/docs/anthembluecross/medicaid/new-york/Notice-of-Non-Discrimination-(English).pdf,pdf,,,2026-05-01,200,ff643bfc757059d35b86ad473486ecd1fca22f8e660566813ae200cff46fbc0e,181060,N,static,sitemap|css_selector|url_pattern,0.85,2026-10-06T17:57:38Z,
Elevance / Anthem,,Alabama,Unknown,AVISO DE NO DISCRIMINACIÓN Anthem Blue Cross and Blue Shield HP (Anthem) cumple con las leyes federales de derechos,other,https://www.anthembluecross.com/content/dam/digital/docs/anthembluecross/medicaid/new-york/Notice-of-Non-Discrimination-(Spanish).pdf,https://www.anthembluecross.com/ny/medicaid/referrals-preapprovals-prior-authorizations,https://www.anthem.com/sitemap.xml > https://www.anthem.com/ny/medicaid/referrals-preapprovals-prior-authorizations > https://www.anthembluecross.com/content/dam/digital/docs/anthembluecross/medicaid/new-york/Notice-of-Non-Discrimination-(Spanish).pdf,pdf,,,2026-05-01,200,7a0942c2cc44fc6a2a5e92f0c950fe22fc474459a4485c27b9d7f861b27b948c,183573,N,static,sitemap|css_selector|url_pattern,0.85,2026-10-06T17:57:38Z,
Elevance / Anthem,,New York,Unknown,"비차별 고지 Anthem Blue Cross and Blue Shield HP (Anthem) 는 연방 민권법을 준수합니다. Anthem 은 인종,",other,https://www.anthembluecross.com/content/dam/digital/docs/anthembluecross/medicaid/new-york/Notice-of-Non-Discrimination-KO.pdf,https://www.anthembluecross.com/ny/medicaid/referrals-preapprovals-prior-authorizations,https://www.anthem.com/sitemap.xml > https://www.anthem.com/ny/medicaid/referrals-preapprovals-prior-authorizations > https://www.anthembluecross.com/content/dam/digital/docs/anthembluecross/medicaid/new-york/Notice-of-Non-Discrimination-KO.pdf,pdf,,,2026-05-01,200,e4428d5c0c0671aa0bed3e832d03c234b13148efeecb5ef8dc6114aac5206924,296290,N,static,sitemap|css_selector|url_pattern,0.85,2026-10-06T17:57:39Z,
Elevance / Anthem,,New York,Unknown,非歧視聲明 Anthem Blue Cross and Blue Shield HP (Anthem) 遵守聯邦民權法。 Anthem 不因種族、膚色、,other,https://www.anthembluecross.com/content/dam/digital/docs/anthembluecross/medicaid/new-york/Notice-of-Non-Discrimination-CT.pdf,https://www.anthembluecross.com/ny/medicaid/referrals-preapprovals-prior-authorizations,https://www.anthem.com/sitemap.xml > https://www.anthem.com/ny/medicaid/referrals-preapprovals-prior-authorizations > https://www.anthembluecross.com/content/dam/digital/docs/anthembluecross/medicaid/new-york/Notice-of-Non-Discrimination-CT.pdf,pdf,,,2026-05-01,200,9ffe5b1b7574174133536bff255c39320d4da78812b788f38047cbaa020ae54d,290046,N,static,sitemap|css_selector|url_pattern,0.85,2026-10-06T17:57:39Z,
Elevance / Anthem,,Alabama,Unknown,"LANGUAGE ASSISTANCE ATTENTION: Language assistance services and other aids, free of charge, are",other,https://www.anthembluecross.com/content/dam/digital/docs/anthembluecross/medicaid/new-york/Multi-language-interpreter-services.pdf,https://www.anthembluecross.com/ny/medicaid/referrals-preapprovals-prior-authorizations,https://www.anthem.com/sitemap.xml > https://www.anthem.com/ny/medicaid/referrals-preapprovals-prior-authorizations > https://www.anthembluecross.com/content/dam/digital/docs/anthembluecross/medicaid/new-york/Multi-language-interpreter-services.pdf,pdf,,,2026-06-05,200,d1d87a1afb2a4edc90e468f3a1bd707c3b28ff92e0fb233c99c533c37470b4d2,321849,N,static,sitemap|css_selector|url_pattern,0.85,2026-10-06T17:57:39Z,
Elevance / Anthem,,Alabama,Medicaid,Ficha de puntuación: del 1/1/2025 al 12/31/2025. Línea de negocios (LOB): Medicaid. Nombre del plan: todos. Estados de comercialización: NY.,other,https://www.anthembluecross.com/content/dam/digital/docs/anthembluecross/medicaid/new-york/ny_medicaid_priorauthsmetrics_SP.pdf,https://www.anthembluecross.com/ny/medicaid/referrals-preapprovals-prior-authorizations,https://www.anthem.com/sitemap.xml > https://www.anthem.com/ny/medicaid/referrals-preapprovals-prior-authorizations > https://www.anthembluecross.com/content/dam/digital/docs/anthembluecross/medicaid/new-york/ny_medicaid_priorauthsmetrics_SP.pdf,pdf,,,2026-03-25,200,592584677349e5ac72979c3d3f026bc87639e27d63935302ddd093fad4c418b2,117385,N,static,sitemap|css_selector|url_pattern,0.85,2026-10-06T17:57:39Z,
Elevance / Anthem,,New York,Medicaid,"Scorecard: 1/1/2025 to 12/31/2025, LOB: Medicaid, Plan Name: All, Market States: NY, Issuer Name: G0606 Anthem HP, LLC, Contracts: All",pa_list,https://www.anthembluecross.com/content/dam/digital/docs/anthembluecross/medicaid/new-york/ny_medicaid_priorauthsmetrics.pdf,https://www.anthembluecross.com/ny/medicaid/referrals-preapprovals-prior-authorizations,https://www.anthem.com/sitemap.xml > https://www.anthem.com/ny/medicaid/referrals-preapprovals-prior-authorizations > https://www.anthembluecross.com/content/dam/digital/docs/anthembluecross/medicaid/new-york/ny_medicaid_priorauthsmetrics.pdf,pdf,,,2026-03-23,200,3c5d27793f3bff10f33de61a7c93e3380724064ea26123971d40cf9c942c7648,884132,N,static,sitemap|css_selector|url_pattern,0.95,2026-10-06T17:57:39Z,
Elevance / Anthem,,New York,Medicaid,List of items and service that require Prior Authorization Updated : 2/11/2026,pa_list,https://www.anthembluecross.com/content/dam/digital/docs/anthembluecross/medicaid/new-york/ny_medicaid_priorauthservices.pdf,https://www.anthembluecross.com/ny/medicaid/referrals-preapprovals-prior-authorizations,https://www.anthem.com/sitemap.xml > https://www.anthem.com/ny/medicaid/referrals-preapprovals-prior-authorizations > https://www.anthembluecross.com/content/dam/digital/docs/anthembluecross/medicaid/new-york/ny_medicaid_priorauthservices.pdf,pdf,,,2026-03-09,200,80f51d86f8150ab5e61dccdceff51c4ae2c2289ede67bb915f05396563c4076d,1067891,N,static,sitemap|css_selector|url_pattern,0.95,2026-10-06T17:57:39Z,
Elevance / Anthem,,New York,Unknown,"Scorecard: 1/1/2025 to 12/31/2025, LOB: CHIP, Plan Name: All, Market States: NY, Issuer Name: G0606 Anthem HP, LLC, Contracts: All",pa_list,https://www.anthembluecross.com/content/dam/digital/docs/anthembluecross/medicaid/new-york/ny_chip_priorauthsmetrics.pdf,https://www.anthembluecross.com/ny/medicaid/referrals-preapprovals-prior-authorizations,https://www.anthem.com/sitemap.xml > https://www.anthem.com/ny/medicaid/referrals-preapprovals-prior-authorizations > https://www.anthembluecross.com/content/dam/digital/docs/anthembluecross/medicaid/new-york/ny_chip_priorauthsmetrics.pdf,pdf,,,2026-03-23,200,c2209601a0abab80a1bf50fc66596911f1744d622224338ace1c0fceec3f67e3,37538,N,static,sitemap|css_selector|url_pattern,0.95,2026-10-06T17:57:39Z,
Elevance / Anthem,,Unknown,Unknown,PreventiveRx Drug List Legacy PreventiveRx Plus Plan (NH Select),drug_list,https://file.anthem.com/04680NHMENABS-HN1.1.pdf,https://www.anthem.com/nh/pharmacy-information/drug-list-formulary,https://www.anthem.com/sitemap.xml > https://www.anthem.com/nh/pharmacy-information/drug-list-formulary > http://file.anthem.com/04680NHMENABS-HN1.1.pdf > https://file.anthem.com/04680NHMENABS-HN1.1.pdf,pdf,,,2026-05-27,200,e6c3905d4f16e89e086acaf00b40b94e36fb2595741eb0490d0546fa63f60357,103151,N,static,sitemap|css_selector|url_pattern,0.95,2026-10-06T17:57:39Z,
Elevance / Anthem,,Alabama,Unknown,Ficha de puntuación: del 1/1/2025 al 12/31/2025. Línea de negocios (LOB): CHIP. Nombre del plan: todos. Estados de comercialización: NY.,other,https://www.anthembluecross.com/content/dam/digital/docs/anthembluecross/medicaid/new-york/ny_chip_priorauthsmetrics_SP.pdf,https://www.anthembluecross.com/ny/medicaid/referrals-preapprovals-prior-authorizations,https://www.anthem.com/sitemap.xml > https://www.anthem.com/ny/medicaid/referrals-preapprovals-prior-authorizations > https://www.anthembluecross.com/content/dam/digital/docs/anthembluecross/medicaid/new-york/ny_chip_priorauthsmetrics_SP.pdf,pdf,,,2026-03-25,200,837170978fb079d7366b4ce55703e11276c9c6c68272b50efccfd0a457930f30,82024,N,static,sitemap|css_selector|url_pattern,0.85,2026-10-06T17:57:39Z,
Elevance / Anthem,,New York,Medicaid,List of items and service that require Prior Authorization Updated : 2/11/2026,pa_list,https://www.anthembluecross.com/content/dam/digital/docs/anthembluecross/medicaid/new-york/ny_chip_priorauthservices.pdf,https://www.anthembluecross.com/ny/medicaid/referrals-preapprovals-prior-authorizations,https://www.anthem.com/sitemap.xml > https://www.anthem.com/ny/medicaid/referrals-preapprovals-prior-authorizations > https://www.anthembluecross.com/content/dam/digital/docs/anthembluecross/medicaid/new-york/ny_chip_priorauthservices.pdf,pdf,,,2026-03-30,200,80f51d86f8150ab5e61dccdceff51c4ae2c2289ede67bb915f05396563c4076d,1067891,N,static,sitemap|css_selector|url_pattern,0.95,2026-10-06T17:57:39Z,
Elevance / Anthem,,Unknown,Unknown,PreventiveRx Lista de medicamentos Plan Legacy PreventiveRx Plus (NH Select),other,https://file.anthem.com/04680NHMSPABS-HN1.1.pdf,https://www.anthem.com/nh/pharmacy-information/drug-list-formulary,https://www.anthem.com/sitemap.xml > https://www.anthem.com/nh/pharmacy-information/drug-list-formulary > http://file.anthem.com/04680NHMSPABS-HN1.1.pdf > https://file.anthem.com/04680NHMSPABS-HN1.1.pdf,pdf,,,2026-05-27,200,e97ea0f4c80ddc83e0716433575737007f05f666e3f78bcecaba807e518483bd,109359,N,static,sitemap|css_selector|url_pattern,0.85,2026-10-06T17:57:39Z,
Elevance / Anthem,,Colorado,Unknown,PreventiveRx Plus Drug List PreventiveRx Plus Plan (NH Select),drug_list,https://file.anthem.com/04680NHMENABS-1.1.pdf,https://www.anthem.com/nh/pharmacy-information/drug-list-formulary,https://www.anthem.com/sitemap.xml > https://www.anthem.com/nh/pharmacy-information/drug-list-formulary > http://file.anthem.com/04680NHMENABS-1.1.pdf > https://file.anthem.com/04680NHMENABS-1.1.pdf,pdf,,,2026-05-03,200,5d7abbf99cda8e6748cad20700f4ac42633351a77ef4e33dd092949ad9b2ec3b,435368,N,static,sitemap|css_selector|url_pattern,0.95,2026-10-06T17:57:39Z,
Elevance / Anthem,,Alabama,Unknown,PreventiveRx Plus Lista de medicamentos Plan PreventiveRx Plan (NH Select),other,https://file.anthem.com/04680NHMSPABS-1.1.pdf,https://www.anthem.com/nh/pharmacy-information/drug-list-formulary,https://www.anthem.com/sitemap.xml > https://www.anthem.com/nh/pharmacy-information/drug-list-formulary > http://file.anthem.com/04680NHMSPABS-1.1.pdf > https://file.anthem.com/04680NHMSPABS-1.1.pdf,pdf,,,2026-05-03,200,981dfa67ce36ec9ab26314e4a3f24fa8b4064560f9668a170990d17d37d35acb,437995,N,static,sitemap|css_selector|url_pattern,0.85,2026-10-06T17:57:40Z,
Elevance / Anthem,,Unknown,Unknown,PreventiveRx Enhanced Drug List Enhanced Plan (New Hampshire Select Drug List),drug_list,https://file.anthem.com/A00530NHMENABS.1.pdf,https://www.anthem.com/nh/pharmacy-information/drug-list-formulary,https://www.anthem.com/sitemap.xml > https://www.anthem.com/nh/pharmacy-information/drug-list-formulary > http://file.anthem.com/A00530NHMENABS.1.pdf > https://file.anthem.com/A00530NHMENABS.1.pdf,pdf,,,2026-05-06,200,fa4149edeaecf2739d1f39060263ff436fe40220a277ca39cdac2536bb129408,445381,N,static,sitemap|css_selector|url_pattern,0.95,2026-10-06T17:57:40Z,
Elevance / Anthem,,Unknown,Unknown,PreventiveRx Enhanced Lista de medicamentos Enhanced Plan (New Hampshire Select Drug List),drug_list,https://file.anthem.com/A00530NHMSPABS.1.pdf,https://www.anthem.com/nh/pharmacy-information/drug-list-formulary,https://www.anthem.com/sitemap.xml > https://www.anthem.com/nh/pharmacy-information/drug-list-formulary > http://file.anthem.com/A00530NHMSPABS.1.pdf > https://file.anthem.com/A00530NHMSPABS.1.pdf,pdf,,,2026-05-06,200,0f3e64aba3c196d71dac07a9b173fd565949f285271c59d07c2e9dba429e6afc,449032,N,static,sitemap|css_selector|url_pattern,0.95,2026-10-06T17:57:40Z,
Elevance / Anthem,,Unknown,Unknown,Essential Drug List Medication Alternatives,drug_list,https://file.anthem.com/64147NYEENABS.1.pdf,https://www.anthem.com/ny/pharmacy-information/drug-list-formulary,https://www.anthem.com/sitemap.xml > https://www.anthem.com/ny/pharmacy-information/drug-list-formulary > http://file.anthem.com/64147NYEENABS.1.pdf > https://file.anthem.com/64147NYEENABS.1.pdf,pdf,,,2026-06-30,200,ce74c485d8191958636cd0f4fc123583fe40123673b1ceb9342fb51815c77532,965774,N,static,sitemap|css_selector|url_pattern,0.95,2026-10-06T17:57:41Z,
Elevance / Anthem,,New York,Unknown,2025 Essential-NY Drug List Medication Alternatives,drug_list,https://file.anthem.com/A02152NYEENABS-7.1.pdf,https://www.anthem.com/ny/pharmacy-information/drug-list-formulary,https://www.anthem.com/sitemap.xml > https://www.anthem.com/ny/pharmacy-information/drug-list-formulary > http://file.anthem.com/A02152NYEENABS-7.1.pdf > https://file.anthem.com/A02152NYEENABS-7.1.pdf,pdf,,,2024-09-30,200,9678056e08fc5a8a8caecf868a9401d1ace557e28419a261bb6dfdc3381c71f4,496127,N,static,sitemap|css_selector|url_pattern,0.95,2026-10-06T17:57:41Z,
Elevance / Anthem,,Alabama,Unknown,Lista de medicamentos esenciales Medicamentos alternativos,other,https://file.anthem.com/64147NYESPABS.1.pdf,https://www.anthem.com/ny/pharmacy-information/drug-list-formulary,https://www.anthem.com/sitemap.xml > https://www.anthem.com/ny/pharmacy-information/drug-list-formulary > http://file.anthem.com/64147NYESPABS.1.pdf > https://file.anthem.com/64147NYESPABS.1.pdf,pdf,,,2026-06-30,200,2ee0b7121c132c6e7519cc44e82aef5fd3889d9d1283f7829143c1c743ce73fb,972170,N,static,sitemap|css_selector|url_pattern,0.85,2026-10-06T17:57:41Z,
Elevance / Anthem,,Alabama,Unknown,Lista de medicamentos esenciales de Nueva York para 2025 Medicamentos alternativos,other,https://file.anthem.com/A02152NYESPABS-7.1.pdf,https://www.anthem.com/ny/pharmacy-information/drug-list-formulary,https://www.anthem.com/sitemap.xml > https://www.anthem.com/ny/pharmacy-information/drug-list-formulary > http://file.anthem.com/A02152NYESPABS-7.1.pdf > https://file.anthem.com/A02152NYESPABS-7.1.pdf,pdf,,,2024-09-30,200,7cc30414b3fd402e15887dd8a31e1ed2244ba2f404133a700368ca8768fd72f9,505006,N,static,sitemap|css_selector|url_pattern,0.85,2026-10-06T17:57:41Z,
Elevance / Anthem,,Alabama,Unknown,Lista de Medicamentos Esenciales Lista de medicamentos — Plan de medicamentos de tres niveles,other,https://fm.formularynavigator.com/FBO/143/Essential_Drug_List_3_Tier_ABCBSNY_SP.pdf,https://www.anthem.com/ny/pharmacy-information/drug-list-formulary,https://www.anthem.com/sitemap.xml > https://www.anthem.com/ny/pharmacy-information/drug-list-formulary > https://fm.formularynavigator.com/FBO/143/Essential_Drug_List_3_Tier_ABCBSNY_SP.pdf,pdf,,,,200,c6337eff9a271dab5eb39ab7485fc2ec1f56c70c867a02dc08eea18ac93405dc,782131,N,static,sitemap|css_selector|url_pattern,0.8,2026-10-06T17:57:42Z,
Elevance / Anthem,,Alabama,Unknown,Lista de medicamentos seleccionados Lista de medicamentos — Plan de medicamentos de cuatro niveles,other,https://fm.formularynavigator.com/FBO/143/2027_Select_4_Tier_NH_SG_Split_SP.pdf,https://www.anthem.com/nh/pharmacy-information/drug-list-formulary,https://www.anthem.com/sitemap.xml > https://www.anthem.com/nh/pharmacy-information/drug-list-formulary > https://fm.formularynavigator.com/FBO/143/2027_Select_4_Tier_NH_SG_Split_SP.pdf,pdf,,,,200,5c0bba1539dca0d1a9dc9457b9f6bdb3920aef9051941a6abf69a39cdd83f609,1159132,N,static,sitemap|css_selector|url_pattern,0.8,2026-10-06T17:57:42Z,
Elevance / Anthem,,New York,Unknown,2026 Essential-NY Drug List Medication Alternatives,drug_list,https://file.anthem.com/A03139NYEENABS.pdf,https://www.anthem.com/ny/pharmacy-information/drug-list-formulary,https://www.anthem.com/sitemap.xml > https://www.anthem.com/ny/pharmacy-information/drug-list-formulary > http://file.anthem.com/A03139NYEENABS.pdf > https://file.anthem.com/A03139NYEENABS.pdf,pdf,,,2025-10-07,200,c8dd4cbe230f2a8ced1fb9d94ee2e892e0d855c7e0a48271c2a4da38fc373b28,558593,N,static,sitemap|css_selector|url_pattern,0.95,2026-10-06T17:57:42Z,
Elevance / Anthem,,New York,Unknown,Essential Drug List Drug list — Three Tier Drug Plan,drug_list,https://fm.formularynavigator.com/FBO/143/Essential_Drug_List_3_Tier_ABCBSNY.pdf,https://www.anthem.com/ny/pharmacy-information/drug-list-formulary,https://www.anthem.com/sitemap.xml > https://www.anthem.com/ny/pharmacy-information/drug-list-formulary > https://fm.formularynavigator.com/FBO/143/Essential_Drug_List_3_Tier_ABCBSNY.pdf,pdf,,,,200,e098ebf20feaffd5f68d9c83dcc5b2e1feb923e45c57a379f53c15f1227fac89,1016606,N,static,sitemap|css_selector|url_pattern,0.9,2026-10-06T17:57:42Z,
Elevance / Anthem,,Alabama,Unknown,Lista de medicamentos esenciales de Nueva York para 2026 Medicamentos alternativos,drug_list,https://file.anthem.com/A03139NYESPABS.pdf,https://www.anthem.com/ny/pharmacy-information/drug-list-formulary,https://www.anthem.com/sitemap.xml > https://www.anthem.com/ny/pharmacy-information/drug-list-formulary > http://file.anthem.com/A03139NYESPABS.pdf > https://file.anthem.com/A03139NYESPABS.pdf,pdf,,,2025-10-07,200,0b9bc1f82dd40c1ee7339bc6d2ee70cb59d1d816dd160c6f88d25e4f1bc69170,557274,N,static,sitemap|css_selector|url_pattern,0.95,2026-10-06T17:57:42Z,
Elevance / Anthem,,New York,Unknown,2025 New York Essential Drug List - Negative Changes,drug_list,https://www.anthem.com/content/dam/digital/docs/pharmacy-information/ny-abs-essential-drug-list-changes.pdf,https://www.anthem.com/ny/pharmacy-information/drug-list-formulary,https://www.anthem.com/sitemap.xml > https://www.anthem.com/ny/pharmacy-information/drug-list-formulary > https://www.anthem.com/content/dam/digital/docs/pharmacy-information/ny-abs-essential-drug-list-changes.pdf,pdf,,,2024-11-04,200,8c7112ce969fd957fb8d975cddcdcc3f39e2f85705c2a7faa219f6515f1134b6,110831,N,static,sitemap|css_selector|url_pattern,0.95,2026-10-06T17:57:43Z,
Elevance / Anthem,,New York,Unknown,2027 New York Essential Drug List - Negative Changes,drug_list,https://www.anthem.com/content/dam/digital/docs/pharmacy-information/ny-abs-essential-drug-list-changes-27.pdf,https://www.anthem.com/ny/pharmacy-information/drug-list-formulary,https://www.anthem.com/sitemap.xml > https://www.anthem.com/ny/pharmacy-information/drug-list-formulary > https://www.anthem.com/content/dam/digital/docs/pharmacy-information/ny-abs-essential-drug-list-changes-27.pdf,pdf,,,2026-09-24,200,1a843822c9c13a83e0efad50578af621d4e723c0235af8de12a661aa254bcf63,147137,N,static,sitemap|css_selector|url_pattern,0.95,2026-10-06T17:57:43Z,
Elevance / Anthem,,New York,Unknown,2026 New York Essential Drug List - Negative Changes,drug_list,https://www.anthem.com/content/dam/digital/docs/pharmacy-information/ny-26-abs-essential-drug-list-changes.pdf,https://www.anthem.com/ny/pharmacy-information/drug-list-formulary,https://www.anthem.com/sitemap.xml > https://www.anthem.com/ny/pharmacy-information/drug-list-formulary > https://www.anthem.com/content/dam/digital/docs/pharmacy-information/ny-26-abs-essential-drug-list-changes.pdf,pdf,,,2025-10-03,200,c300c8b3cb3deee940ded1474da9469e28bb7854e08c6b91486a9607267d2814,162167,N,static,sitemap|css_selector|url_pattern,0.95,2026-10-06T17:57:43Z,
Elevance / Anthem,,New York,Unknown,2027 Essential Drug List Drug list — Three Tier Drug Plan,drug_list,https://fm.formularynavigator.com/FBO/143/NY_2027_Essential_3_Tier_ABS_NY_FI.pdf,https://www.anthem.com/ny/pharmacy-information/drug-list-formulary,https://www.anthem.com/sitemap.xml > https://www.anthem.com/ny/pharmacy-information/drug-list-formulary > https://fm.formularynavigator.com/FBO/143/NY_2027_Essential_3_Tier_ABS_NY_FI.pdf,pdf,,,,200,ea37c4cb8b6e688769b46887d90f060416b2f1434acfcb90cda02b6c26105a99,1087753,N,static,sitemap|css_selector|url_pattern,0.9,2026-10-06T17:57:43Z,
Elevance / Anthem,,Alabama,Unknown,Lista de Medicamentos Esenciales de 2025 Lista de medicamentos — Plan de medicamentos de tres niveles,other,https://fm.formularynavigator.com/FBO/143/NY_2025_Essential_3_Tier_ABS_NY_FI_Spanish.pdf,https://www.anthem.com/ny/pharmacy-information/drug-list-formulary,https://www.anthem.com/sitemap.xml > https://www.anthem.com/ny/pharmacy-information/drug-list-formulary > https://fm.formularynavigator.com/FBO/143/NY_2025_Essential_3_Tier_ABS_NY_FI_Spanish.pdf,pdf,,,,200,1b5e3bdc6b46eb25ce52526df170584c8e9a5f78dbd964c2a4d7f11ab247f08d,765595,N,static,sitemap|css_selector|url_pattern,0.8,2026-10-06T17:57:43Z,
Elevance / Anthem,,Alabama,Unknown,Lista de Medicamentos Esenciales de 2026 Lista de medicamentos — Plan de medicamentos de tres niveles,other,https://fm.formularynavigator.com/FBO/143/NY_2026_Essential_3_Tier_ABS_NY_FI_Spanish.pdf,https://www.anthem.com/ny/pharmacy-information/drug-list-formulary,https://www.anthem.com/sitemap.xml > https://www.anthem.com/ny/pharmacy-information/drug-list-formulary > https://fm.formularynavigator.com/FBO/143/NY_2026_Essential_3_Tier_ABS_NY_FI_Spanish.pdf,pdf,,,,200,dc6ce13f02397ace0e346969b72245ec1459d2922e5d3eb98ba828551554a878,741188,N,static,sitemap|css_selector|url_pattern,0.8,2026-10-06T17:57:44Z,
Elevance / Anthem,,Alabama,Unknown,Lista Nacional de Medicamentos Lista de medicamentos — Plan de medicamentos de tres niveles,other,https://fm.formularynavigator.com/FBO/143/National_Drug_List_3_Tier_ABCBSNY_SP.pdf,https://www.anthem.com/ny/pharmacy-information/drug-list-formulary,https://www.anthem.com/sitemap.xml > https://www.anthem.com/ny/pharmacy-information/drug-list-formulary > https://fm.formularynavigator.com/FBO/143/National_Drug_List_3_Tier_ABCBSNY_SP.pdf,pdf,,,,200,75b32e8a85f15f88077293f8499b5f9cdca7b251796e81468620bf25b150819a,1106308,N,static,sitemap|css_selector|url_pattern,0.8,2026-10-06T17:57:44Z,
Elevance / Anthem,,Unknown,Unknown,Essential Direct Drug List Medication Alternatives,drug_list,https://file.anthem.com/A03084NYEENABS.pdf,https://www.anthem.com/ny/pharmacy-information/drug-list-formulary,https://www.anthem.com/sitemap.xml > https://www.anthem.com/ny/pharmacy-information/drug-list-formulary > http://file.anthem.com/A03084NYEENABS.pdf > https://file.anthem.com/A03084NYEENABS.pdf,pdf,,,2026-06-30,200,c4b47fa733c9f4da783e79b66a845c9414f4a66576980f8ff50a87e55976526f,967031,N,static,sitemap|css_selector|url_pattern,0.95,2026-10-06T17:57:44Z,
Elevance / Anthem,,New York,Unknown,2026 Essential Drug List Drug list — Three Tier Drug Plan,drug_list,https://fm.formularynavigator.com/FBO/143/NY_2026_Essential_3_Tier_ABS_NY_FI.pdf,https://www.anthem.com/ny/pharmacy-information/drug-list-formulary,https://www.anthem.com/sitemap.xml > https://www.anthem.com/ny/pharmacy-information/drug-list-formulary > https://fm.formularynavigator.com/FBO/143/NY_2026_Essential_3_Tier_ABS_NY_FI.pdf,pdf,,,,200,223295d0161ff9bade6544e6744188ae1226b3453723f4034030300fc34a618d,961231,N,static,sitemap|css_selector|url_pattern,0.9,2026-10-06T17:57:44Z,
Elevance / Anthem,,Alabama,Unknown,Lista de medicamentos directos esenciales Medicamentos alternativos,other,https://file.anthem.com/A03084NYESPABS.pdf,https://www.anthem.com/ny/pharmacy-information/drug-list-formulary,https://www.anthem.com/sitemap.xml > https://www.anthem.com/ny/pharmacy-information/drug-list-formulary > http://file.anthem.com/A03084NYESPABS.pdf > https://file.anthem.com/A03084NYESPABS.pdf,pdf,,,2026-06-30,200,3f95ac4df474cfde09ac114e3a6242ebedbd932279da5cb00dbd05c60643a48c,973111,N,static,sitemap|css_selector|url_pattern,0.85,2026-10-06T17:57:44Z,
Elevance / Anthem,,New York,Unknown,2025 National Drug List Drug list — Three Tier Drug Plan,drug_list,https://fm.formularynavigator.com/FBO/143/NY_2025_National_3_Tier_ABS_NY_FI.pdf,https://www.anthem.com/ny/pharmacy-information/drug-list-formulary,https://www.anthem.com/sitemap.xml > https://www.anthem.com/ny/pharmacy-information/drug-list-formulary > https://fm.formularynavigator.com/FBO/143/NY_2025_National_3_Tier_ABS_NY_FI.pdf,pdf,,,,200,fb5bb1b6bd7d74db0597d7a1662330d12ca4cadabcb520c08659958f7ec93e81,1328415,N,static,sitemap|css_selector|url_pattern,0.9,2026-10-06T17:57:45Z,
Elevance / Anthem,,New York,Unknown,2025 National-NY Drug List Medication Alternatives,drug_list,https://file.anthem.com/A02150NYEENABS-7.1.pdf,https://www.anthem.com/ny/pharmacy-information/drug-list-formulary,https://www.anthem.com/sitemap.xml > https://www.anthem.com/ny/pharmacy-information/drug-list-formulary > http://file.anthem.com/A02150NYEENABS-7.1.pdf > https://file.anthem.com/A02150NYEENABS-7.1.pdf,pdf,,,2024-10-03,200,204353cfc0cc84d7d3e84937d7c8a501114f82bfd7d9128eede6ac7e6d47ed0a,573556,N,static,sitemap|css_selector|url_pattern,0.95,2026-10-06T17:57:45Z,
Elevance / Anthem,,New York,Unknown,National Drug List Drug list — Three Tier Drug Plan,drug_list,https://fm.formularynavigator.com/FBO/143/National_Drug_List_3_Tier_ABCBSNY.pdf,https://www.anthem.com/ny/pharmacy-information/drug-list-formulary,https://www.anthem.com/sitemap.xml > https://www.anthem.com/ny/pharmacy-information/drug-list-formulary > https://fm.formularynavigator.com/FBO/143/National_Drug_List_3_Tier_ABCBSNY.pdf,pdf,,,,200,c4237975c81a0073ba937bf28bca23a6253ef788d81672727f86e485e178205d,1340068,N,static,sitemap|css_selector|url_pattern,0.9,2026-10-06T17:57:45Z,
Elevance / Anthem,,Unknown,Unknown,o o,drug_list,https://fm.formularynavigator.com/FBO/143/NY_2026_National_3_Tier_ABS_NY_FI.pdf,https://www.anthem.com/ny/pharmacy-information/drug-list-formulary,https://www.anthem.com/sitemap.xml > https://www.anthem.com/ny/pharmacy-information/drug-list-formulary > https://fm.formularynavigator.com/FBO/143/NY_2026_National_3_Tier_ABS_NY_FI.pdf,pdf,,,,200,92255ecd0a0ac186e91b19e339a08d287c0170e36ed0eeb7bca82129e30602e1,2066418,N,static,sitemap|css_selector|url_pattern,0.9,2026-10-06T17:57:46Z,
Elevance / Anthem,,Alabama,Unknown,Lista Nacional de Medicamentos de Nueva York de 2025 Medicamentos alternativos,other,https://file.anthem.com/A02150NYESPABS-7.1.pdf,https://www.anthem.com/ny/pharmacy-information/drug-list-formulary,https://www.anthem.com/sitemap.xml > https://www.anthem.com/ny/pharmacy-information/drug-list-formulary > http://file.anthem.com/A02150NYESPABS-7.1.pdf > https://file.anthem.com/A02150NYESPABS-7.1.pdf,pdf,,,2024-10-03,200,844e4d5c62d5aa5c860c1bbdf3a0bda5907dfe27285dd7beacc5c1fd575583ff,579564,N,static,sitemap|css_selector|url_pattern,0.85,2026-10-06T17:57:46Z,
Elevance / Anthem,,Alabama,Unknown,Lista Nacional de Medicamentos de Nueva York de 2026 Medication Alternatives,drug_list,https://file.anthem.com/A03138NYESPABS.pdf,https://www.anthem.com/ny/pharmacy-information/drug-list-formulary,https://www.anthem.com/sitemap.xml > https://www.anthem.com/ny/pharmacy-information/drug-list-formulary > http://file.anthem.com/A03138NYESPABS.pdf > https://file.anthem.com/A03138NYESPABS.pdf,pdf,,,2025-10-07,200,3fb390c8c61bb07d4580fcc06256d5be92565db871292a10dbd742dde7c0a323,550656,N,static,sitemap|css_selector|url_pattern,0.95,2026-10-06T17:57:46Z,
Elevance / Anthem,,New York,Unknown,2026 National-NY Drug List Medication Alternatives,drug_list,https://file.anthem.com/A03138NYEENABS.pdf,https://www.anthem.com/ny/pharmacy-information/drug-list-formulary,https://www.anthem.com/sitemap.xml > https://www.anthem.com/ny/pharmacy-information/drug-list-formulary > http://file.anthem.com/A03138NYEENABS.pdf > https://file.anthem.com/A03138NYEENABS.pdf,pdf,,,2025-10-07,200,2bb87f0fa0ef9974fe9686280df72afc8929ffc019fe0d5cd9fe1251de3386c1,556280,N,static,sitemap|css_selector|url_pattern,0.95,2026-10-06T17:57:46Z,
Elevance / Anthem,,New York,Unknown,2025 New York National Drug List - Negative Changes,drug_list,https://www.anthem.com/content/dam/digital/docs/pharmacy-information/ny-abs-national-drug-list-changes.pdf,https://www.anthem.com/ny/pharmacy-information/drug-list-formulary,https://www.anthem.com/sitemap.xml > https://www.anthem.com/ny/pharmacy-information/drug-list-formulary > https://www.anthem.com/content/dam/digital/docs/pharmacy-information/ny-abs-national-drug-list-changes.pdf,pdf,,,2024-11-04,200,de38de8f155e4e6bbabf01503a3bd39ce28ca803c2eef9b7da8e3378693657a1,114801,N,static,sitemap|css_selector|url_pattern,0.95,2026-10-06T17:57:46Z,
Elevance / Anthem,,New York,Unknown,2026 New York National Drug List - Negative Changes,drug_list,https://www.anthem.com/content/dam/digital/docs/pharmacy-information/ny-26-abs-national-drug-list-changes.pdf,https://www.anthem.com/ny/pharmacy-information/drug-list-formulary,https://www.anthem.com/sitemap.xml > https://www.anthem.com/ny/pharmacy-information/drug-list-formulary > https://www.anthem.com/content/dam/digital/docs/pharmacy-information/ny-26-abs-national-drug-list-changes.pdf,pdf,,,2025-10-03,200,0d04a18318308a8d5ebc07b025946e12d0d61e81820d059c484ca3f9e32a1c2d,358642,N,static,sitemap|css_selector|url_pattern,0.95,2026-10-06T17:57:46Z,
Elevance / Anthem,,New York,Unknown,2027 New York National Drug List - Negative Changes,drug_list,https://www.anthem.com/content/dam/digital/docs/pharmacy-information/ny-abs-national-drug-list-changes-27.pdf,https://www.anthem.com/ny/pharmacy-information/drug-list-formulary,https://www.anthem.com/sitemap.xml > https://www.anthem.com/ny/pharmacy-information/drug-list-formulary > https://www.anthem.com/content/dam/digital/docs/pharmacy-information/ny-abs-national-drug-list-changes-27.pdf,pdf,,,2026-09-24,200,41746cf411af2d11bb8837ae0ca8bf7738236dfb0e83adeec0985f1537341498,181218,N,static,sitemap|css_selector|url_pattern,0.95,2026-10-06T17:57:46Z,
Elevance / Anthem,,New York,Unknown,2025 Essential Drug List Drug list — Three Tier Drug Plan,drug_list,https://fm.formularynavigator.com/FBO/143/NY_2025_Essential_3_Tier_ABS_NY_FI.pdf,https://www.anthem.com/ny/pharmacy-information/drug-list-formulary,https://www.anthem.com/sitemap.xml > https://www.anthem.com/ny/pharmacy-information/drug-list-formulary > https://fm.formularynavigator.com/FBO/143/NY_2025_Essential_3_Tier_ABS_NY_FI.pdf,pdf,,,,200,ebef72fd75e2a9fe5010079c81ef43bb839de0b0bbcd6d51c66b0ab061c526a7,985126,N,static,sitemap|css_selector|url_pattern,0.9,2026-10-06T17:57:46Z,
Elevance / Anthem,,New York,Unknown,2027 National Drug List Drug list — Three Tier Drug Plan,drug_list,https://fm.formularynavigator.com/FBO/143/NY_2027_National_3_Tier_ABS_NY_FI.pdf,https://www.anthem.com/ny/pharmacy-information/drug-list-formulary,https://www.anthem.com/sitemap.xml > https://www.anthem.com/ny/pharmacy-information/drug-list-formulary > https://fm.formularynavigator.com/FBO/143/NY_2027_National_3_Tier_ABS_NY_FI.pdf,pdf,,,,200,91147664927211c5e9e81b00b732adf876936906b11a467b603260802ee8751c,1393665,N,static,sitemap|css_selector|url_pattern,0.9,2026-10-06T17:57:46Z,
Elevance / Anthem,,Alabama,Unknown,Lista de Medicamentos Nacional de 2027 Lista de medicamentos — Plan de medicamentos de tres niveles,other,https://fm.formularynavigator.com/FBO/143/NY_2027_National_3_Tier_ABS_NY_FI_Spanish.pdf,https://www.anthem.com/ny/pharmacy-information/drug-list-formulary,https://www.anthem.com/sitemap.xml > https://www.anthem.com/ny/pharmacy-information/drug-list-formulary > https://fm.formularynavigator.com/FBO/143/NY_2027_National_3_Tier_ABS_NY_FI_Spanish.pdf,pdf,,,,200,d8ee9800eb2c8fb7751de2c93f32a0c1188b0724fdd8ced87757d5455b9adab3,1462854,N,static,sitemap|css_selector|url_pattern,0.8,2026-10-06T17:57:46Z,
Elevance / Anthem,,Alabama,Unknown,Lista Nacional Directa Más de Medicamentos Lista de medicamentos — Plan de medicamentos de tres niveles,other,https://fm.formularynavigator.com/FBO/143/National_Direct_Plus_3_Tier_ABCBSNY_SP.pdf,https://www.anthem.com/ny/pharmacy-information/drug-list-formulary,https://www.anthem.com/sitemap.xml > https://www.anthem.com/ny/pharmacy-information/drug-list-formulary > https://fm.formularynavigator.com/FBO/143/National_Direct_Plus_3_Tier_ABCBSNY_SP.pdf,pdf,,,,200,883a0aec62aabaea0d6f33413815fd6b95724334a0e8ab72519f060d94ccaddf,1097172,N,static,sitemap|css_selector|url_pattern,0.8,2026-10-06T17:57:47Z,
Elevance / Anthem,,Alabama,Unknown,Lista de Medicamentos Nacional de 2025 Lista de medicamentos — Plan de medicamentos de tres niveles,other,https://fm.formularynavigator.com/FBO/143/NY_2025_National_3_Tier_ABS_NY_FI_Spanish.pdf,https://www.anthem.com/ny/pharmacy-information/drug-list-formulary,https://www.anthem.com/sitemap.xml > https://www.anthem.com/ny/pharmacy-information/drug-list-formulary > https://fm.formularynavigator.com/FBO/143/NY_2025_National_3_Tier_ABS_NY_FI_Spanish.pdf,pdf,,,,200,eeb154db89ac4b3e45fdbca0fa045b23af41eb3a454eb7aa3078b22d0db240d0,1099407,N,static,sitemap|css_selector|url_pattern,0.8,2026-10-06T17:57:47Z,
Elevance / Anthem,,Unknown,Unknown,National Direct Plus Drug List Medication Alternatives,drug_list,https://file.anthem.com/A02818NYEENABS.1.pdf,https://www.anthem.com/ny/pharmacy-information/drug-list-formulary,https://www.anthem.com/sitemap.xml > https://www.anthem.com/ny/pharmacy-information/drug-list-formulary > http://file.anthem.com/A02818NYEENABS.1.pdf > https://file.anthem.com/A02818NYEENABS.1.pdf,pdf,,,2026-06-30,200,d2fb1f917c0dabf17f69ba00fbb191d441283163de412f3cd0cb66a40a1dc61b,975409,N,static,sitemap|css_selector|url_pattern,0.95,2026-10-06T17:57:48Z,
Elevance / Anthem,,Alabama,Unknown,Lista de Medicamentos Nacional de 2026 Lista de medicamentos — Plan de medicamentos de tres niveles,other,https://fm.formularynavigator.com/FBO/143/NY_2026_National_3_Tier_ABS_NY_FI_Spanish.pdf,https://www.anthem.com/ny/pharmacy-information/drug-list-formulary,https://www.anthem.com/sitemap.xml > https://www.anthem.com/ny/pharmacy-information/drug-list-formulary > https://fm.formularynavigator.com/FBO/143/NY_2026_National_3_Tier_ABS_NY_FI_Spanish.pdf,pdf,,,,200,a8db5c3eb0e885747256d3edaeb2ce7c6d11d31f4e834c18acd39616f446e395,1040821,N,static,sitemap|css_selector|url_pattern,0.8,2026-10-06T17:57:48Z,
Elevance / Anthem,,Alabama,Unknown,Lista de medicamentos Directo Nacional Plus Medicamentos alternativos,other,https://file.anthem.com/A02818NYESPABS.1.pdf,https://www.anthem.com/ny/pharmacy-information/drug-list-formulary,https://www.anthem.com/sitemap.xml > https://www.anthem.com/ny/pharmacy-information/drug-list-formulary > http://file.anthem.com/A02818NYESPABS.1.pdf > https://file.anthem.com/A02818NYESPABS.1.pdf,pdf,,,2026-06-30,200,6500ca70c52b950d32182a15a3929bc8bcddf96bd04b31d7d6fef3b27c52669d,983654,N,static,sitemap|css_selector|url_pattern,0.85,2026-10-06T17:57:48Z,
Elevance / Anthem,,Unknown,Unknown,Anthem $0 Select Drug List: Anthem Plan (for Individual ACA plans only),drug_list,https://file.anthem.com/A00772NYMENABS.pdf,https://www.anthem.com/ny/pharmacy-information/drug-list-formulary,https://www.anthem.com/sitemap.xml > https://www.anthem.com/ny/pharmacy-information/drug-list-formulary > https://file.anthem.com/A00772NYMENABS.pdf,pdf,,,2026-06-23,200,142e324f6a3b166f6c7dfe0f57ed1f168e619f26862b61303b048dba095a85b9,497554,N,static,sitemap|css_selector|url_pattern,0.95,2026-10-06T17:57:48Z,
Elevance / Anthem,,Alabama,Unknown,Lista de Medicamentos Esenciales de 2027 Lista de medicamentos — Plan de medicamentos de tres niveles,other,https://fm.formularynavigator.com/FBO/143/NY_2027_Essential_3_Tier_ABS_NY_FI_Spanish.pdf,https://www.anthem.com/ny/pharmacy-information/drug-list-formulary,https://www.anthem.com/sitemap.xml > https://www.anthem.com/ny/pharmacy-information/drug-list-formulary > https://fm.formularynavigator.com/FBO/143/NY_2027_Essential_3_Tier_ABS_NY_FI_Spanish.pdf,pdf,,,,200,faa0cb6bb618a9c0dde22aa0437b0a28e80b98880549beb4d5885005029a1d49,1158276,N,static,sitemap|css_selector|url_pattern,0.8,2026-10-06T17:57:48Z,
Elevance / Anthem,,Alabama,Unknown,Lista Nacional Directa de Medicamentos Lista de medicamentos — Plan de medicamentos de tres niveles,other,https://fm.formularynavigator.com/FBO/143/National_Direct_Drug_List_3_Tier_ABCBSNY_SP.pdf,https://www.anthem.com/ny/pharmacy-information/drug-list-formulary,https://www.anthem.com/sitemap.xml > https://www.anthem.com/ny/pharmacy-information/drug-list-formulary > https://fm.formularynavigator.com/FBO/143/National_Direct_Drug_List_3_Tier_ABCBSNY_SP.pdf,pdf,,,,200,ac5c2deeb4e3ecbd96829cdf11279ce5f3e5c32c2d13b168e300a8a717184276,1096029,N,static,sitemap|css_selector|url_pattern,0.8,2026-10-06T17:57:49Z,
Elevance / Anthem,,Alabama,Unknown,Lista Nacional de Medicamentos Preferidos Directos Medicamentos alternativos,other,https://file.anthem.com/A03085NYESPABS.pdf,https://www.anthem.com/ny/pharmacy-information/drug-list-formulary,https://www.anthem.com/sitemap.xml > https://www.anthem.com/ny/pharmacy-information/drug-list-formulary > http://file.anthem.com/A03085NYESPABS.pdf > https://file.anthem.com/A03085NYESPABS.pdf,pdf,,,2026-06-30,200,e37e61f86e4f58b04e8ceaca162d942473a0a6007fae7a6ce273c66151af0a5e,985286,N,static,sitemap|css_selector|url_pattern,0.85,2026-10-06T17:57:49Z,
Elevance / Anthem,,Unknown,Unknown,National Direct Preferred Drug List Medication Alternatives,drug_list,https://file.anthem.com/A03085NYEENABS.pdf,https://www.anthem.com/ny/pharmacy-information/drug-list-formulary,https://www.anthem.com/sitemap.xml > https://www.anthem.com/ny/pharmacy-information/drug-list-formulary > http://file.anthem.com/A03085NYEENABS.pdf > https://file.anthem.com/A03085NYEENABS.pdf,pdf,,,2026-06-30,200,a1a35be98a4e34fc2a44e09214c6fca4468f809923f3c45fe351a2402caa9446,976806,N,static,sitemap|css_selector|url_pattern,0.95,2026-10-06T17:57:49Z,
Elevance / Anthem,,California,Marketplace,Select Drug List Drug list — Three Tier Drug Plan,drug_list,https://fm.formularynavigator.com/FBO/143/2026_Select_3_Tier_NY_ABS_IND.pdf,https://www.anthem.com/ny/pharmacy-information/drug-list-formulary,https://www.anthem.com/sitemap.xml > https://www.anthem.com/ny/pharmacy-information/drug-list-formulary > https://fm.formularynavigator.com/FBO/143/2026_Select_3_Tier_NY_ABS_IND.pdf,pdf,,,,200,b5d6943f170654bfb48a9d78f417372bbdad38709a534284227c5bb9fd10e2fb,1068371,N,static,sitemap|css_selector|url_pattern,0.9,2026-10-06T17:57:49Z,
Elevance / Anthem,,Pennsylvania,Unknown,National Direct Plus Drug List Drug list — Three Tier Drug Plan,drug_list,https://fm.formularynavigator.com/FBO/143/National_Direct_Plus_3_Tier_ABCBSNY.pdf,https://www.anthem.com/ny/pharmacy-information/drug-list-formulary,https://www.anthem.com/sitemap.xml > https://www.anthem.com/ny/pharmacy-information/drug-list-formulary > https://fm.formularynavigator.com/FBO/143/National_Direct_Plus_3_Tier_ABCBSNY.pdf,pdf,,,,200,357e9e0a86e086334ceb0d7904ae12a8d0e53f2746099d9f2d63ab7c182eb71d,1312217,N,static,sitemap|css_selector|url_pattern,0.9,2026-10-06T17:57:49Z,
Elevance / Anthem,,Alabama,Marketplace,Lista de medicamentos seleccionados Lista de medicamentos — Plan de medicamentos de tres niveles,other,https://fm.formularynavigator.com/FBO/143/2026_Select_3_Tier_NY_ABS_IND_No_BC_SP.pdf,https://www.anthem.com/ny/pharmacy-information/drug-list-formulary,https://www.anthem.com/sitemap.xml > https://www.anthem.com/ny/pharmacy-information/drug-list-formulary > https://fm.formularynavigator.com/FBO/143/2026_Select_3_Tier_NY_ABS_IND_No_BC_SP.pdf,pdf,,,,200,dd673dfdca1a8dfcef74a60fee411b26e67e4a920fbb9a4223b773c171e1b292,772719,N,static,sitemap|css_selector|url_pattern,0.8,2026-10-06T17:57:50Z,
Elevance / Anthem,,New York,Unknown,National Direct Drug List Drug list — Three Tier Drug Plan,drug_list,https://fm.formularynavigator.com/FBO/143/National_Direct_Drug_List_3_Tier_ABCBSNY.pdf,https://www.anthem.com/ny/pharmacy-information/drug-list-formulary,https://www.anthem.com/sitemap.xml > https://www.anthem.com/ny/pharmacy-information/drug-list-formulary > https://fm.formularynavigator.com/FBO/143/National_Direct_Drug_List_3_Tier_ABCBSNY.pdf,pdf,,,,200,0e11dd2feb292d2db542f2a62374d2b986131dd8a990fc496f2c53b2a2526a85,1336483,N,static,sitemap|css_selector|url_pattern,0.9,2026-10-06T17:57:50Z,
Elevance / Anthem,,California,Marketplace,Select Drug List Drug list — Three Tier Drug Plan,drug_list,https://fm.formularynavigator.com/FBO/143/2025_Select_3_Tier_NY_ABS_IND.pdf,https://www.anthem.com/ny/pharmacy-information/drug-list-formulary,https://www.anthem.com/sitemap.xml > https://www.anthem.com/ny/pharmacy-information/drug-list-formulary > https://fm.formularynavigator.com/FBO/143/2025_Select_3_Tier_NY_ABS_IND.pdf,pdf,,,,200,7641c69815b595d4e83eb071258ad166375dfeaac23b6e81d6b8a3049f924f81,1094504,N,static,sitemap|css_selector|url_pattern,0.9,2026-10-06T17:57:50Z,
Elevance / Anthem,,Pennsylvania,Unknown,Select Drug List Drug list — Three Tier Drug Plan,drug_list,https://fm.formularynavigator.com/FBO/143/2027_Select_3_Tier_NY_ABS_IND.pdf,https://www.anthem.com/ny/pharmacy-information/drug-list-formulary,https://www.anthem.com/sitemap.xml > https://www.anthem.com/ny/pharmacy-information/drug-list-formulary > https://fm.formularynavigator.com/FBO/143/2027_Select_3_Tier_NY_ABS_IND.pdf,pdf,,,,200,77a6cb53c3b7b37f5840105df9fecbfcafd4377db868b4b19cc92fb5f7ecae6e,1057851,N,static,sitemap|css_selector|url_pattern,0.9,2026-10-06T17:57:51Z,
Elevance / Anthem,,New York,Marketplace,Select Drug List Drug list — Three Tier Drug Plan,drug_list,https://fm.formularynavigator.com/FBO/143/2027_Select_3_Tier_NY_ABS_IND_No_BC.pdf,https://www.anthem.com/ny/pharmacy-information/drug-list-formulary,https://www.anthem.com/sitemap.xml > https://www.anthem.com/ny/pharmacy-information/drug-list-formulary > https://fm.formularynavigator.com/FBO/143/2027_Select_3_Tier_NY_ABS_IND_No_BC.pdf,pdf,,,,200,bde2a1c1d6cdc7cd167859f9d2190fc3d104be266e8bb382154f9b92141d64ca,1097182,N,static,sitemap|css_selector|url_pattern,0.9,2026-10-06T17:57:51Z,
Elevance / Anthem,,Alabama,Marketplace,Lista de medicamentos seleccionados Lista de medicamentos — Plan de medicamentos de tres niveles,other,https://fm.formularynavigator.com/FBO/143/2025_Select_3_Tier_NY_ABS_IND_SP.pdf,https://www.anthem.com/ny/pharmacy-information/drug-list-formulary,https://www.anthem.com/sitemap.xml > https://www.anthem.com/ny/pharmacy-information/drug-list-formulary > https://fm.formularynavigator.com/FBO/143/2025_Select_3_Tier_NY_ABS_IND_SP.pdf,pdf,,,,200,bae7c24b4161df9f017b157d10642b909fcde89ab7c9c7323fa12413ec3d5c0d,830939,N,static,sitemap|css_selector|url_pattern,0.8,2026-10-06T17:57:51Z,
Elevance / Anthem,,Alabama,Marketplace,Lista de medicamentos seleccionados Lista de medicamentos — Plan de medicamentos de tres niveles,other,https://fm.formularynavigator.com/FBO/143/2025_Select_3_Tier_NY_ABS_IND_no_BC_SP.pdf,https://www.anthem.com/ny/pharmacy-information/drug-list-formulary,https://www.anthem.com/sitemap.xml > https://www.anthem.com/ny/pharmacy-information/drug-list-formulary > https://fm.formularynavigator.com/FBO/143/2025_Select_3_Tier_NY_ABS_IND_no_BC_SP.pdf,pdf,,,,200,903bf79d483ecc70269ae1d733b328d1206a74d04b38ca8e9fcee38377dc0dae,800094,N,static,sitemap|css_selector|url_pattern,0.8,2026-10-06T17:57:51Z,
Elevance / Anthem,,California,Marketplace,Select Drug List Drug list — Three Tier Drug Plan,drug_list,https://fm.formularynavigator.com/FBO/143/2025_Select_3_Tier_NY_ABS_IND_no_BC.pdf,https://www.anthem.com/ny/pharmacy-information/drug-list-formulary,https://www.anthem.com/sitemap.xml > https://www.anthem.com/ny/pharmacy-information/drug-list-formulary > https://fm.formularynavigator.com/FBO/143/2025_Select_3_Tier_NY_ABS_IND_no_BC.pdf,pdf,,,,200,5315504b0223ffd813879f1ffce2919d6ce59b3ff3fcb5e21c186869ea1c0ee2,1073490,N,static,sitemap|css_selector|url_pattern,0.9,2026-10-06T17:57:51Z,
Elevance / Anthem,,New York,Unknown,Select Drug List Drug list — Three Tier Drug Plan,drug_list,https://fm.formularynavigator.com/FBO/143/2025_Select_3_Tier_NY_ABS_SG_no_BC.pdf,https://www.anthem.com/ny/pharmacy-information/drug-list-formulary,https://www.anthem.com/sitemap.xml > https://www.anthem.com/ny/pharmacy-information/drug-list-formulary > https://fm.formularynavigator.com/FBO/143/2025_Select_3_Tier_NY_ABS_SG_no_BC.pdf,pdf,,,,200,1cb9fb17b0f14e3159eb5910c927daec49b471f75f95eb72aead7440851e7de6,1065774,N,static,sitemap|css_selector|url_pattern,0.9,2026-10-06T17:57:51Z,
Elevance / Anthem,,California,Marketplace,Select Drug List Drug list — Three Tier Drug Plan,drug_list,https://fm.formularynavigator.com/FBO/143/2026_Select_3_Tier_NY_ABS_IND_SP.pdf,https://www.anthem.com/ny/pharmacy-information/drug-list-formulary,https://www.anthem.com/sitemap.xml > https://www.anthem.com/ny/pharmacy-information/drug-list-formulary > https://fm.formularynavigator.com/FBO/143/2026_Select_3_Tier_NY_ABS_IND_SP.pdf,pdf,,,,200,a19a167088059635ed7534722cea853bb529258ae7afe8a27a5095b3a777e1fc,830370,N,static,sitemap|css_selector|url_pattern,0.9,2026-10-06T17:57:52Z,
Elevance / Anthem,,New York,Unknown,Select Drug List Drug list — Three Tier Drug Plan,drug_list,https://fm.formularynavigator.com/FBO/143/2026_Select_3_Tier_NY_ABS_SG.pdf,https://www.anthem.com/ny/pharmacy-information/drug-list-formulary,https://www.anthem.com/sitemap.xml > https://www.anthem.com/ny/pharmacy-information/drug-list-formulary > https://fm.formularynavigator.com/FBO/143/2026_Select_3_Tier_NY_ABS_SG.pdf,pdf,,,,200,384d560c5662ca24003a1d5eeec3bcc13858ca2c312139dac7f96def05c4d1c2,1069889,N,static,sitemap|css_selector|url_pattern,0.9,2026-10-06T17:57:52Z,
Elevance / Anthem,,New York,Unknown,Select Drug List Drug list — Three Tier Drug Plan,drug_list,https://fm.formularynavigator.com/FBO/143/2026_Select_3_Tier_NY_ABS_SG_No_BC.pdf,https://www.anthem.com/ny/pharmacy-information/drug-list-formulary,https://www.anthem.com/sitemap.xml > https://www.anthem.com/ny/pharmacy-information/drug-list-formulary > https://fm.formularynavigator.com/FBO/143/2026_Select_3_Tier_NY_ABS_SG_No_BC.pdf,pdf,,,,200,5dc823e3a63e27a5056a9ab7900bab1c8632657bdef6106f02fb2147edeeaff1,1036769,N,static,sitemap|css_selector|url_pattern,0.9,2026-10-06T17:57:53Z,
Elevance / Anthem,,Alabama,Unknown,Lista de medicamentos seleccionados Lista de medicamentos — Plan de medicamentos de tres niveles,other,https://fm.formularynavigator.com/FBO/143/2027_Select_3_Tier_NY_ABS_IND_SP.pdf,https://www.anthem.com/ny/pharmacy-information/drug-list-formulary,https://www.anthem.com/sitemap.xml > https://www.anthem.com/ny/pharmacy-information/drug-list-formulary > https://fm.formularynavigator.com/FBO/143/2027_Select_3_Tier_NY_ABS_IND_SP.pdf,pdf,,,,200,168ef0b343f2dcf0b771b65466b37cf7756a55a5545e3d2d2929dd5d97bc1a64,1208435,N,static,sitemap|css_selector|url_pattern,0.8,2026-10-06T17:57:53Z,
Elevance / Anthem,,New York,Unknown,Select Drug List Drug list — Three Tier Drug Plan,drug_list,https://fm.formularynavigator.com/FBO/143/2025_Select_3_Tier_NY_ABS_SG.pdf,https://www.anthem.com/ny/pharmacy-information/drug-list-formulary,https://www.anthem.com/sitemap.xml > https://www.anthem.com/ny/pharmacy-information/drug-list-formulary > https://fm.formularynavigator.com/FBO/143/2025_Select_3_Tier_NY_ABS_SG.pdf,pdf,,,,200,0558fe10626ec74c272c622c8fb0f59e63b4fa0e6f1191a3c0658986bf0f0d9b,1098721,N,static,sitemap|css_selector|url_pattern,0.9,2026-10-06T17:57:53Z,
Elevance / Anthem,,Alabama,Unknown,Lista de medicamentos Seleccionados Lista de medicamentos — Plan de medicamentos de tres niveles,other,https://fm.formularynavigator.com/FBO/143/2025_Select_3_Tier_NY_ABS_SG_SP.pdf,https://www.anthem.com/ny/pharmacy-information/drug-list-formulary,https://www.anthem.com/sitemap.xml > https://www.anthem.com/ny/pharmacy-information/drug-list-formulary > https://fm.formularynavigator.com/FBO/143/2025_Select_3_Tier_NY_ABS_SG_SP.pdf,pdf,,,,200,e8762317e5e98b6e5266c66aa2d35ae732620b2bef1670e43d067bb25cdb7eca,856069,N,static,sitemap|css_selector|url_pattern,0.8,2026-10-06T17:57:53Z,
Elevance / Anthem,,California,Marketplace,Select Drug List Drug list — Three Tier Drug Plan,drug_list,https://fm.formularynavigator.com/FBO/143/2026_Select_3_Tier_NY_ABS_IND_No_BC.pdf,https://www.anthem.com/ny/pharmacy-information/drug-list-formulary,https://www.anthem.com/sitemap.xml > https://www.anthem.com/ny/pharmacy-information/drug-list-formulary > https://fm.formularynavigator.com/FBO/143/2026_Select_3_Tier_NY_ABS_IND_No_BC.pdf,pdf,,,,200,c09e99d6934e115a6b24a33a3e46d9d749f7b0a49aec19d6866e3d2c394e43bc,1044472,N,static,sitemap|css_selector|url_pattern,0.9,2026-10-06T17:57:53Z,
Elevance / Anthem,,Alabama,Unknown,Lista de medicamentos seleccionados Lista de medicamentos — Plan de medicamentos de tres niveles,other,https://fm.formularynavigator.com/FBO/143/2027_Select_3_Tier_NY_ABS_IND_No_BC_SP.pdf,https://www.anthem.com/ny/pharmacy-information/drug-list-formulary,https://www.anthem.com/sitemap.xml > https://www.anthem.com/ny/pharmacy-information/drug-list-formulary > https://fm.formularynavigator.com/FBO/143/2027_Select_3_Tier_NY_ABS_IND_No_BC_SP.pdf,pdf,,,,200,793770488055abfca66ab9cb8e8d0d0a990d2531bb7ac08a13d9163cb68a3f40,1178769,N,static,sitemap|css_selector|url_pattern,0.8,2026-10-06T17:57:53Z,
Elevance / Anthem,,New York,Unknown,2025 New York Select Drug List - Negative Changes,drug_list,https://www.anthem.com/content/dam/digital/docs/pharmacy-information/ny-abs-select-drug-list-changes.pdf,https://www.anthem.com/ny/pharmacy-information/drug-list-formulary,https://www.anthem.com/sitemap.xml > https://www.anthem.com/ny/pharmacy-information/drug-list-formulary > https://www.anthem.com/content/dam/digital/docs/pharmacy-information/ny-abs-select-drug-list-changes.pdf,pdf,,,2024-09-23,200,6f15acf5027c5b1f76b3ef8a179221a04331e2d6c0a3c1d36a09f7f2ade38556,94748,N,static,sitemap|css_selector|url_pattern,0.95,2026-10-06T17:57:53Z,
Elevance / Anthem,,Michigan,Unknown,2026 New York Select Drug List - Negative Changes,drug_list,https://www.anthem.com/content/dam/digital/docs/pharmacy-information/ny-26-abs-select-drug-list-changes.pdf,https://www.anthem.com/ny/pharmacy-information/drug-list-formulary,https://www.anthem.com/sitemap.xml > https://www.anthem.com/ny/pharmacy-information/drug-list-formulary > https://www.anthem.com/content/dam/digital/docs/pharmacy-information/ny-26-abs-select-drug-list-changes.pdf,pdf,,,2025-11-06,200,3db699501092f9b70239a381278a8d772ccd5d3fab81b78dc7339965219f7890,145937,N,static,sitemap|css_selector|url_pattern,0.95,2026-10-06T17:57:53Z,
Elevance / Anthem,,New York,Unknown,2027 New York Select Drug List - Negative Changes,drug_list,https://www.anthem.com/content/dam/digital/docs/pharmacy-information/ny-abs-select-drug-list-changes-27.pdf,https://www.anthem.com/ny/pharmacy-information/drug-list-formulary,https://www.anthem.com/sitemap.xml > https://www.anthem.com/ny/pharmacy-information/drug-list-formulary > https://www.anthem.com/content/dam/digital/docs/pharmacy-information/ny-abs-select-drug-list-changes-27.pdf,pdf,,,2026-09-24,200,867db8a4a512c37eb753e9b37bba0f341dc73117a7b67dbce37c55eb8a821158,96517,N,static,sitemap|css_selector|url_pattern,0.95,2026-10-06T17:57:53Z,
Elevance / Anthem,,New York,Unknown,Select Drug List Drug list — Three Tier Drug Plan,drug_list,https://fm.formularynavigator.com/FBO/143/2027_Select_3_Tier_NY_ABS_SG.pdf,https://www.anthem.com/ny/pharmacy-information/drug-list-formulary,https://www.anthem.com/sitemap.xml > https://www.anthem.com/ny/pharmacy-information/drug-list-formulary > https://fm.formularynavigator.com/FBO/143/2027_Select_3_Tier_NY_ABS_SG.pdf,pdf,,,,200,eddbd05dcdf8b74844996f07d7cb5f2e127b5c551aa4b48bb14bf9ac803b596a,1129296,N,static,sitemap|css_selector|url_pattern,0.9,2026-10-06T17:57:54Z,
Elevance / Anthem,,Alabama,Unknown,Lista de medicamentos seleccionados Lista de medicamentos — Plan de medicamentos de tres niveles,other,https://fm.formularynavigator.com/FBO/143/2026_Select_3_Tier_NY_ABS_SG_No_BC_SP.pdf,https://www.anthem.com/ny/pharmacy-information/drug-list-formulary,https://www.anthem.com/sitemap.xml > https://www.anthem.com/ny/pharmacy-information/drug-list-formulary > https://fm.formularynavigator.com/FBO/143/2026_Select_3_Tier_NY_ABS_SG_No_BC_SP.pdf,pdf,,,,200,c5037aaf09dcd23e6f7302f929f15ee8f88c4c9be7ff5a805c0897383fac14c2,1060272,N,static,sitemap|css_selector|url_pattern,0.8,2026-10-06T17:57:54Z,
Elevance / Anthem,,Alabama,Unknown,Lista abierta de medicamentos tradicional Lista de medicamentos — Plan de medicamentos de tres niveles,other,https://fm.formularynavigator.com/FBO/143/Traditional_Drug_List_3_Tier_ABS_NoBC_SP.pdf,https://www.anthem.com/ny/pharmacy-information/drug-list-formulary,https://www.anthem.com/sitemap.xml > https://www.anthem.com/ny/pharmacy-information/drug-list-formulary > https://fm.formularynavigator.com/FBO/143/Traditional_Drug_List_3_Tier_ABS_NoBC_SP.pdf,pdf,,,,200,179ceb71719308013205c9145884dd8fd252f8374c5effab89995b01d9a9938d,1271243,N,static,sitemap|css_selector|url_pattern,0.8,2026-10-06T17:57:55Z,
Elevance / Anthem,,Alabama,Unknown,Lista de medicamentos seleccionados Lista de medicamentos — Plan de medicamentos de tres niveles,other,https://fm.formularynavigator.com/FBO/143/2027_Select_3_Tier_NY_ABS_SG_SP.pdf,https://www.anthem.com/ny/pharmacy-information/drug-list-formulary,https://www.anthem.com/sitemap.xml > https://www.anthem.com/ny/pharmacy-information/drug-list-formulary > https://fm.formularynavigator.com/FBO/143/2027_Select_3_Tier_NY_ABS_SG_SP.pdf,pdf,,,,200,4cab47b7b3d4d7a319662d76a2046e71bde13e5664a0da55369db804cacfab20,1216413,N,static,sitemap|css_selector|url_pattern,0.8,2026-10-06T17:57:55Z,
Elevance / Anthem,,Alabama,Unknown,Lista de medicamentos seleccionados Lista de medicamentos — Plan de medicamentos de tres niveles,other,https://fm.formularynavigator.com/FBO/143/2025_Select_3_Tier_NY_ABS_SG_no_BC_SP.pdf,https://www.anthem.com/ny/pharmacy-information/drug-list-formulary,https://www.anthem.com/sitemap.xml > https://www.anthem.com/ny/pharmacy-information/drug-list-formulary > https://fm.formularynavigator.com/FBO/143/2025_Select_3_Tier_NY_ABS_SG_no_BC_SP.pdf,pdf,,,,200,e0483a87389e6e5cdc278048cf22499314b5994ba7720c305559476cf5a23caf,796089,N,static,sitemap|css_selector|url_pattern,0.8,2026-10-06T17:57:55Z,
Elevance / Anthem,,Alabama,Unknown,Lista de medicamentos seleccionados Lista de medicamentos — Plan de medicamentos de tres niveles,other,https://fm.formularynavigator.com/FBO/143/2026_Select_3_Tier_NY_ABS_SG_SP.pdf,https://www.anthem.com/ny/pharmacy-information/drug-list-formulary,https://www.anthem.com/sitemap.xml > https://www.anthem.com/ny/pharmacy-information/drug-list-formulary > https://fm.formularynavigator.com/FBO/143/2026_Select_3_Tier_NY_ABS_SG_SP.pdf,pdf,,,,200,15868c7b26712b8dfd93a70b7ddc4ac406ca61223a71a82ffa65c75a4b46b9fb,1083990,N,static,sitemap|css_selector|url_pattern,0.8,2026-10-06T17:57:55Z,
Elevance / Anthem,,Alabama,Unknown,Lista abierta de medicamentos tradicional Lista de medicamentos — Plan de medicamentos de tres niveles,other,https://fm.formularynavigator.com/FBO/143/Traditional_Open_Drug_List_3_Tier_ABCBSNY_SP.pdf,https://www.anthem.com/ny/pharmacy-information/drug-list-formulary,https://www.anthem.com/sitemap.xml > https://www.anthem.com/ny/pharmacy-information/drug-list-formulary > https://fm.formularynavigator.com/FBO/143/Traditional_Open_Drug_List_3_Tier_ABCBSNY_SP.pdf,pdf,,,,200,631c01c598332e49f08b36361a2060f0cfac944d54f2384ced90f5df6bb09882,1355682,N,static,sitemap|css_selector|url_pattern,0.8,2026-10-06T17:57:55Z,
Elevance / Anthem,,Alabama,Unknown,Lista de medicamentos seleccionados Lista de medicamentos — Plan de medicamentos de tres niveles,other,https://fm.formularynavigator.com/FBO/143/2027_Select_3_Tier_NY_ABS_SG_No_BC_SP.pdf,https://www.anthem.com/ny/pharmacy-information/drug-list-formulary,https://www.anthem.com/sitemap.xml > https://www.anthem.com/ny/pharmacy-information/drug-list-formulary > https://fm.formularynavigator.com/FBO/143/2027_Select_3_Tier_NY_ABS_SG_No_BC_SP.pdf,pdf,,,,200,cfed16ece96d11ce5fdae40a494dc00bac8887a90dd80eab2facf0a4628c47e9,1181278,N,static,sitemap|css_selector|url_pattern,0.8,2026-10-06T17:57:55Z,
Elevance / Anthem,,New York,Unknown,Select Drug List Drug list — Three Tier Drug Plan,drug_list,https://fm.formularynavigator.com/FBO/143/2027_Select_3_Tier_NY_ABS_SG_No_BC.pdf,https://www.anthem.com/ny/pharmacy-information/drug-list-formulary,https://www.anthem.com/sitemap.xml > https://www.anthem.com/ny/pharmacy-information/drug-list-formulary > https://fm.formularynavigator.com/FBO/143/2027_Select_3_Tier_NY_ABS_SG_No_BC.pdf,pdf,,,,200,3800a03bc6325a5ac11e7e9e0119ac9f353501c8f079f7964e9c493eb2e74708,1108849,N,static,sitemap|css_selector|url_pattern,0.9,2026-10-06T17:57:56Z,
Elevance / Anthem,,New York,Unknown,2025 Traditional Drug List Drug list — Three Tier Drug Plan,drug_list,https://fm.formularynavigator.com/FBO/143/NY_2025_Traditional_3_Tier_ABS_NY_FI.pdf,https://www.anthem.com/ny/pharmacy-information/drug-list-formulary,https://www.anthem.com/sitemap.xml > https://www.anthem.com/ny/pharmacy-information/drug-list-formulary > https://fm.formularynavigator.com/FBO/143/NY_2025_Traditional_3_Tier_ABS_NY_FI.pdf,pdf,,,,200,67b777c48097baf3dc339a2270f38fff0128266ad5d608db4e8005c0375c92df,1502531,N,static,sitemap|css_selector|url_pattern,0.9,2026-10-06T17:57:56Z,
Elevance / Anthem,,New York,Unknown,Traditional Drug List Drug list — Three Tier Drug Plan,drug_list,https://fm.formularynavigator.com/FBO/143/Traditional_Drug_List_3_Tier_ABS_NoBC.pdf,https://www.anthem.com/ny/pharmacy-information/drug-list-formulary,https://www.anthem.com/sitemap.xml > https://www.anthem.com/ny/pharmacy-information/drug-list-formulary > https://fm.formularynavigator.com/FBO/143/Traditional_Drug_List_3_Tier_ABS_NoBC.pdf,pdf,,,,200,a23f219a88525d00ffbbf0aa7dc081c6eafba6783a8210279a0e7bb1bd802a4c,1495280,N,static,sitemap|css_selector|url_pattern,0.9,2026-10-06T17:57:56Z,
Elevance / Anthem,,New York,Unknown,2026 Traditional Drug List Drug list — Three Tier Drug Plan,drug_list,https://fm.formularynavigator.com/FBO/143/NY_2026_Traditional_3_Tier_ABS_NY_FI.pdf,https://www.anthem.com/ny/pharmacy-information/drug-list-formulary,https://www.anthem.com/sitemap.xml > https://www.anthem.com/ny/pharmacy-information/drug-list-formulary > https://fm.formularynavigator.com/FBO/143/NY_2026_Traditional_3_Tier_ABS_NY_FI.pdf,pdf,,,,200,92fbf138867d915b4d9d9566a32509e7c9c4088201b33a787ef6a2f2f2c89646,1568907,N,static,sitemap|css_selector|url_pattern,0.9,2026-10-06T17:57:57Z,
Elevance / Anthem,,New York,Unknown,Traditional Drug List Drug list — Three Tier Drug Plan,drug_list,https://fm.formularynavigator.com/FBO/143/Traditional_Open_Drug_List_3_Tier_ABCBSNY.pdf,https://www.anthem.com/ny/pharmacy-information/drug-list-formulary,https://www.anthem.com/sitemap.xml > https://www.anthem.com/ny/pharmacy-information/drug-list-formulary > https://fm.formularynavigator.com/FBO/143/Traditional_Open_Drug_List_3_Tier_ABCBSNY.pdf,pdf,,,,200,78fb613cc665cec5dc5dfd4103c6e1f9b739d8bc13cabed0b74665fed91ddfd5,1581432,N,static,sitemap|css_selector|url_pattern,0.9,2026-10-06T17:57:57Z,
Elevance / Anthem,,Alabama,Unknown,Lista abierta de medicamentos tradicional de Lista de medicamentos — Plan de medicamentos de tres niveles,other,https://fm.formularynavigator.com/FBO/143/NY_2025_Traditional_3_Tier_ABS_NY_FI_Spanish.pdf,https://www.anthem.com/ny/pharmacy-information/drug-list-formulary,https://www.anthem.com/sitemap.xml > https://www.anthem.com/ny/pharmacy-information/drug-list-formulary > https://fm.formularynavigator.com/FBO/143/NY_2025_Traditional_3_Tier_ABS_NY_FI_Spanish.pdf,pdf,,,,200,78e9280d8e287c6b6ecc2080d76e007e69187376e06d1dc49902306c07ef6500,1296245,N,static,sitemap|css_selector|url_pattern,0.8,2026-10-06T17:57:58Z,
Elevance / Anthem,,Alabama,Unknown,Lista abierta de medicamentos tradicional de Lista de medicamentos — Plan de medicamentos de tres niveles,other,https://fm.formularynavigator.com/FBO/143/NY_2026_Traditional_3_Tier_ABS_NY_FI_No_Contraceptive_Spanish.pdf,https://www.anthem.com/ny/pharmacy-information/drug-list-formulary,https://www.anthem.com/sitemap.xml > https://www.anthem.com/ny/pharmacy-information/drug-list-formulary > https://fm.formularynavigator.com/FBO/143/NY_2026_Traditional_3_Tier_ABS_NY_FI_No_Contraceptive_Spanish.pdf,pdf,,,,200,4d0617d39fdde6d27b0a09c0212b80ca0545e794fc2763d4d40d8aa65103e920,1247970,N,static,sitemap|css_selector|url_pattern,0.8,2026-10-06T17:57:58Z,
Elevance / Anthem,,New York,Unknown,2027 Traditional Drug List Drug list — Three Tier Drug Plan,drug_list,https://fm.formularynavigator.com/FBO/143/NY_2027_Traditional_3_Tier_ABS_NY_FI.pdf,https://www.anthem.com/ny/pharmacy-information/drug-list-formulary,https://www.anthem.com/sitemap.xml > https://www.anthem.com/ny/pharmacy-information/drug-list-formulary > https://fm.formularynavigator.com/FBO/143/NY_2027_Traditional_3_Tier_ABS_NY_FI.pdf,pdf,,,,200,ff6c760ef8750c085fa64fd1994b0f6e710428191dd35e62646b64589c847226,1623772,N,static,sitemap|css_selector|url_pattern,0.9,2026-10-06T17:57:58Z,
Elevance / Anthem,,New York,Unknown,2025 New York Traditional Drug List - Negative Changes,drug_list,https://www.anthem.com/content/dam/digital/docs/pharmacy-information/ny-abs-traditional-drug-list-changes.pdf,https://www.anthem.com/ny/pharmacy-information/drug-list-formulary,https://www.anthem.com/sitemap.xml > https://www.anthem.com/ny/pharmacy-information/drug-list-formulary > https://www.anthem.com/content/dam/digital/docs/pharmacy-information/ny-abs-traditional-drug-list-changes.pdf,pdf,,,2024-09-23,200,fb870b224629ea28bece35aa247855c5972e8e8e7f83bd17f4c4a3578428c2ae,119951,N,static,sitemap|css_selector|url_pattern,0.95,2026-10-06T17:57:58Z,
Elevance / Anthem,,New York,Unknown,2027 New York Traditional Drug List - Negative Changes,drug_list,https://www.anthem.com/content/dam/digital/docs/pharmacy-information/ny-abs-traditional-drug-list-changes-27.pdf,https://www.anthem.com/ny/pharmacy-information/drug-list-formulary,https://www.anthem.com/sitemap.xml > https://www.anthem.com/ny/pharmacy-information/drug-list-formulary > https://www.anthem.com/content/dam/digital/docs/pharmacy-information/ny-abs-traditional-drug-list-changes-27.pdf,pdf,,,2026-09-24,200,918f182aec7371129ce53ac5fdd8c4eed50b081d1387b22e9f6c37cd796c5c8f,158596,N,static,sitemap|css_selector|url_pattern,0.95,2026-10-06T17:57:58Z,
Elevance / Anthem,,New York,Unknown,2026 New York Traditional Drug List - Negative Changes,drug_list,https://www.anthem.com/content/dam/digital/docs/pharmacy-information/ny-26-abs-traditional-drug-list-changes.pdf,https://www.anthem.com/ny/pharmacy-information/drug-list-formulary,https://www.anthem.com/sitemap.xml > https://www.anthem.com/ny/pharmacy-information/drug-list-formulary > https://www.anthem.com/content/dam/digital/docs/pharmacy-information/ny-26-abs-traditional-drug-list-changes.pdf,pdf,,,2025-10-03,200,7ccd8ef75fb9f304c75aa5a0bc9887eab1260a7ad3fab33c2bfd4f52e8d92bf7,162491,N,static,sitemap|css_selector|url_pattern,0.95,2026-10-06T17:57:58Z,
Elevance / Anthem,,New York,Unknown,2027 Traditional Drug List Drug list — Three Tier Drug Plan,drug_list,https://fm.formularynavigator.com/FBO/143/NY_2027_Traditional_3_Tier_ABS_NY_FI_No_Contraceptive.pdf,https://www.anthem.com/ny/pharmacy-information/drug-list-formulary,https://www.anthem.com/sitemap.xml > https://www.anthem.com/ny/pharmacy-information/drug-list-formulary > https://fm.formularynavigator.com/FBO/143/NY_2027_Traditional_3_Tier_ABS_NY_FI_No_Contraceptive.pdf,pdf,,,,200,3280863641ea76b2a7a3a56d86ae071b997163c6e24ebb909a30f21b893e6915,1456160,N,static,sitemap|css_selector|url_pattern,0.9,2026-10-06T17:57:59Z,
Elevance / Anthem,,Unknown,Unknown,PreventiveRx Lista de medicamentos Plan Legacy PreventiveRx Plus (Esencial),other,https://file.anthem.com/04386NYMSPABS-HN1.1.pdf,https://www.anthem.com/ny/pharmacy-information/drug-list-formulary,https://www.anthem.com/sitemap.xml > https://www.anthem.com/ny/pharmacy-information/drug-list-formulary > https://file.anthem.com/04386NYMSPABS-HN1.1.pdf,pdf,,,2026-05-14,200,a23900a1e77895056eb1cf52f74bc47a627b8b9233823a7cf5a9fb7171a24004,474673,N,static,sitemap|css_selector|url_pattern,0.85,2026-10-06T17:57:59Z,
Elevance / Anthem,,Unknown,Unknown,PreventiveRx Drug List Legacy PreventiveRx Plus Plan (Essential),drug_list,https://file.anthem.com/04386NYMENABS-HN1.1.pdf,https://www.anthem.com/ny/pharmacy-information/drug-list-formulary,https://www.anthem.com/sitemap.xml > https://www.anthem.com/ny/pharmacy-information/drug-list-formulary > https://file.anthem.com/04386NYMENABS-HN1.1.pdf,pdf,,,2026-05-14,200,30fe1be5e120e973f867ebfe4edcd2d8323023afcc48c214641b5cefc8eea9e4,470258,N,static,sitemap|css_selector|url_pattern,0.95,2026-10-06T17:57:59Z,
Elevance / Anthem,,Alabama,Unknown,Lista abierta de medicamentos tradicional de Lista de medicamentos — Plan de medicamentos de tres niveles,other,https://fm.formularynavigator.com/FBO/143/NY_2025_Traditional_3_Tier_ABS_NY_FI_No_Contraceptive_Spanish.pdf,https://www.anthem.com/ny/pharmacy-information/drug-list-formulary,https://www.anthem.com/sitemap.xml > https://www.anthem.com/ny/pharmacy-information/drug-list-formulary > https://fm.formularynavigator.com/FBO/143/NY_2025_Traditional_3_Tier_ABS_NY_FI_No_Contraceptive_Spanish.pdf,pdf,,,,200,213a099cb8b1ab7b2fe075adec7b6060fc9a81ad88b84eff9fff60208c1b1f93,1265035,N,static,sitemap|css_selector|url_pattern,0.8,2026-10-06T17:58:00Z,
Elevance / Anthem,,Alabama,Unknown,Lista abierta de medicamentos tradicional de Lista de medicamentos — Plan de medicamentos de tres niveles,other,https://fm.formularynavigator.com/FBO/143/NY_2027_Traditional_3_Tier_ABS_NY_FI_Spanish.pdf,https://www.anthem.com/ny/pharmacy-information/drug-list-formulary,https://www.anthem.com/sitemap.xml > https://www.anthem.com/ny/pharmacy-information/drug-list-formulary > https://fm.formularynavigator.com/FBO/143/NY_2027_Traditional_3_Tier_ABS_NY_FI_Spanish.pdf,pdf,,,,200,dd9df7da50dade64b59767e665a27b614a157a0b8d082538868c0a5ff750d073,1702870,N,static,sitemap|css_selector|url_pattern,0.8,2026-10-06T17:58:00Z,
Elevance / Anthem,,New York,Unknown,2026 Traditional Drug List Drug list — Three Tier Drug Plan,drug_list,https://fm.formularynavigator.com/FBO/143/NY_2026_Traditional_3_Tier_ABS_NY_FI_No_Contraceptive.pdf,https://www.anthem.com/ny/pharmacy-information/drug-list-formulary,https://www.anthem.com/sitemap.xml > https://www.anthem.com/ny/pharmacy-information/drug-list-formulary > https://fm.formularynavigator.com/FBO/143/NY_2026_Traditional_3_Tier_ABS_NY_FI_No_Contraceptive.pdf,pdf,,,,200,836b47af0e69f75fcede7f1a4f6e5e26bb7f9b660f42f9e0777328287f46e4f5,1552931,N,static,sitemap|css_selector|url_pattern,0.9,2026-10-06T17:58:00Z,
Elevance / Anthem,,Alabama,Unknown,Lista abierta de medicamentos tradicional de Lista de medicamentos — Plan de medicamentos de tres niveles,other,https://fm.formularynavigator.com/FBO/143/NY_2026_Traditional_3_Tier_ABS_NY_FI_Spanish.pdf,https://www.anthem.com/ny/pharmacy-information/drug-list-formulary,https://www.anthem.com/sitemap.xml > https://www.anthem.com/ny/pharmacy-information/drug-list-formulary > https://fm.formularynavigator.com/FBO/143/NY_2026_Traditional_3_Tier_ABS_NY_FI_Spanish.pdf,pdf,,,,200,c8ab121bd3734eb420791811306e43ea690605371654d2d6714d700322bc7455,1274041,N,static,sitemap|css_selector|url_pattern,0.8,2026-10-06T17:58:01Z,
Elevance / Anthem,,New York,Unknown,2025 Traditional Drug List Drug list — Three Tier Drug Plan,drug_list,https://fm.formularynavigator.com/FBO/143/NY_2025_Traditional_3_Tier_ABS_NY_FI_No_Contraceptive.pdf,https://www.anthem.com/ny/pharmacy-information/drug-list-formulary,https://www.anthem.com/sitemap.xml > https://www.anthem.com/ny/pharmacy-information/drug-list-formulary > https://fm.formularynavigator.com/FBO/143/NY_2025_Traditional_3_Tier_ABS_NY_FI_No_Contraceptive.pdf,pdf,,,,200,4956264efb4bbb44bc0a8e27d70570ba2a252493a9f30f4aadab579b466944d8,1488781,N,static,sitemap|css_selector|url_pattern,0.9,2026-10-06T17:58:01Z,
Elevance / Anthem,,Unknown,Unknown,PreventiveRx Drug List Basic Plus Plan (Essential Drug List),drug_list,https://file.anthem.com/A03116NYMENABS.pdf,https://www.anthem.com/ny/pharmacy-information/drug-list-formulary,https://www.anthem.com/sitemap.xml > https://www.anthem.com/ny/pharmacy-information/drug-list-formulary > http://file.anthem.com/A03116NYMENABS.pdf > https://file.anthem.com/A03116NYMENABS.pdf,pdf,,,2026-06-29,200,67e748d2c4f0644dba831a6db5dc669d5933dfd5fa83b35cad8ba90ab5b29831,523707,N,static,sitemap|css_selector|url_pattern,0.95,2026-10-06T17:58:01Z,
Elevance / Anthem,,Unknown,Unknown,PreventiveRx Enhanced Drug List Basic Plus Plan (Essential Direct Drug List),drug_list,https://file.anthem.com/A03119NYMENABS.pdf,https://www.anthem.com/ny/pharmacy-information/drug-list-formulary,https://www.anthem.com/sitemap.xml > https://www.anthem.com/ny/pharmacy-information/drug-list-formulary > http://file.anthem.com/A03119NYMENABS.pdf > https://file.anthem.com/A03119NYMENABS.pdf,pdf,,,2026-06-29,200,8590f209ffee3eef8c236f5df4c0301af857444f0e8286e2205a192499ab6d7a,524016,N,static,sitemap|css_selector|url_pattern,0.95,2026-10-06T17:58:01Z,
Elevance / Anthem,,Unknown,Unknown,PreventiveRx Enhanced Drug List Enhanced Plan (Essential Drug List),drug_list,https://file.anthem.com/A00527NYMENABS.1.pdf,https://www.anthem.com/ny/pharmacy-information/drug-list-formulary,https://www.anthem.com/sitemap.xml > https://www.anthem.com/ny/pharmacy-information/drug-list-formulary > http://file.anthem.com/A00527NYMENABS.1.pdf > https://file.anthem.com/A00527NYMENABS.1.pdf,pdf,,,2026-04-17,200,4d3a0e70e26ae76ecf608b0a77c3f856a430df079fcbe9558a965f61b11d6f77,475692,N,static,sitemap|css_selector|url_pattern,0.95,2026-10-06T17:58:01Z,
Elevance / Anthem,,Alabama,Unknown,PreventiveRx Lista de medicamentos Plan Básico Plus (Lista de medicamentos esenciales),other,https://file.anthem.com/A03116NYMSPABS.pdf,https://www.anthem.com/ny/pharmacy-information/drug-list-formulary,https://www.anthem.com/sitemap.xml > https://www.anthem.com/ny/pharmacy-information/drug-list-formulary > http://file.anthem.com/A03116NYMSPABS.pdf > https://file.anthem.com/A03116NYMSPABS.pdf,pdf,,,2026-06-29,200,dd1fe4b6109c788bccd3ececfb81a907e30162a30ee6b7de010b80fc5082b43d,525424,N,static,sitemap|css_selector|url_pattern,0.85,2026-10-06T17:58:01Z,
Elevance / Anthem,,Unknown,Unknown,PreventiveRx Lista de medicamentos Plan Legacy PreventiveRx Plus (Nacional),other,https://file.anthem.com/05509NYMSPABS-HN1.1.pdf,https://www.anthem.com/ny/pharmacy-information/drug-list-formulary,https://www.anthem.com/sitemap.xml > https://www.anthem.com/ny/pharmacy-information/drug-list-formulary > https://file.anthem.com/05509NYMSPABS-HN1.1.pdf,pdf,,,2026-05-14,200,66ee8bd9d437e294bb855316d6160cf0f624cb3b80c2c54deebe1d4f8c9e29c0,471960,N,static,sitemap|css_selector|url_pattern,0.85,2026-10-06T17:58:01Z,
Elevance / Anthem,,Unknown,Unknown,PreventiveRx Drug List Legacy PreventiveRx Plus Plan (National),drug_list,https://file.anthem.com/05509NYMENABS-HN1.1.pdf,https://www.anthem.com/ny/pharmacy-information/drug-list-formulary,https://www.anthem.com/sitemap.xml > https://www.anthem.com/ny/pharmacy-information/drug-list-formulary > https://file.anthem.com/05509NYMENABS-HN1.1.pdf,pdf,,,2026-05-14,200,eca5244fc14d35d8b6da3eb27e88859581cea2c38c6a97895899e34994e79461,468459,N,static,sitemap|css_selector|url_pattern,0.95,2026-10-06T17:58:01Z,
Elevance / Anthem,,Unknown,Unknown,PreventiveRx Enhanced Lista de medicamentos Plan mejorado (Lista de medicamentos esenciales),other,https://file.anthem.com/A00527NYMSPABS.1.pdf,https://www.anthem.com/ny/pharmacy-information/drug-list-formulary,https://www.anthem.com/sitemap.xml > https://www.anthem.com/ny/pharmacy-information/drug-list-formulary > http://file.anthem.com/A00527NYMSPABS.1.pdf > https://file.anthem.com/A00527NYMSPABS.1.pdf,pdf,,,2026-04-17,200,45952dcf10f86c6515fe697756341a3fec34aa14246d248d9f35f4f5e9837424,479047,N,static,sitemap|css_selector|url_pattern,0.85,2026-10-06T17:58:02Z,
Elevance / Anthem,,Alabama,Unknown,PreventiveRx Enhanced Lista de medicamentos Plan Básico Plus (Lista de medicamentos directos esenciales),other,https://file.anthem.com/A03119NYMSPABS.pdf,https://www.anthem.com/ny/pharmacy-information/drug-list-formulary,https://www.anthem.com/sitemap.xml > https://www.anthem.com/ny/pharmacy-information/drug-list-formulary > http://file.anthem.com/A03119NYMSPABS.pdf > https://file.anthem.com/A03119NYMSPABS.pdf,pdf,,,2026-06-29,200,8c0dd59d70e97bebd9b4dae3f620d5604289cc8320d64dffa2f05c2d787ce3b3,525060,N,static,sitemap|css_selector|url_pattern,0.85,2026-10-06T17:58:02Z,
Elevance / Anthem,,Alabama,Unknown,Lista abierta de medicamentos tradicional de Lista de medicamentos — Plan de medicamentos de tres niveles,other,https://fm.formularynavigator.com/FBO/143/NY_2027_Traditional_3_Tier_ABS_NY_FI_No_Contraceptive_Spanish.pdf,https://www.anthem.com/ny/pharmacy-information/drug-list-formulary,https://www.anthem.com/sitemap.xml > https://www.anthem.com/ny/pharmacy-information/drug-list-formulary > https://fm.formularynavigator.com/FBO/143/NY_2027_Traditional_3_Tier_ABS_NY_FI_No_Contraceptive_Spanish.pdf,pdf,,,,200,1d7ee725dcd7fa7c3c78a0883292db7b70a2bad174e0073571c876de621802db,1674305,N,static,sitemap|css_selector|url_pattern,0.8,2026-10-06T17:58:02Z,
Elevance / Anthem,,Unknown,Unknown,PreventiveRx Plus Drug List PreventiveRx Plus Plan (Essential Direct),drug_list,https://file.anthem.com/A03087NYMENABC.pdf,https://www.anthem.com/ny/pharmacy-information/drug-list-formulary,https://www.anthem.com/sitemap.xml > https://www.anthem.com/ny/pharmacy-information/drug-list-formulary > http://file.anthem.com/A03087NYMENABC.pdf > https://file.anthem.com/A03087NYMENABC.pdf,pdf,,,2026-06-30,200,46c5b3fc6f75e07b128d419faf3b99a7846526b0e220b499f8e337fc4dd16a27,504069,N,static,sitemap|css_selector|url_pattern,0.95,2026-10-06T17:58:02Z,
Elevance / Anthem,,Unknown,Unknown,PreventiveRx Enhanced Drug List Enhanced Plan (Essential Direct Drug List),drug_list,https://file.anthem.com/A03093NYMENABS.pdf,https://www.anthem.com/ny/pharmacy-information/drug-list-formulary,https://www.anthem.com/sitemap.xml > https://www.anthem.com/ny/pharmacy-information/drug-list-formulary > http://file.anthem.com/A03093NYMENABS.pdf > https://file.anthem.com/A03093NYMENABS.pdf,pdf,,,2026-04-16,200,e8b090515433410d7b7968552e6d344bff3945baae273eaa25fd7268ade52f72,473996,N,static,sitemap|css_selector|url_pattern,0.95,2026-10-06T17:58:02Z,
Elevance / Anthem,,Unknown,Unknown,PreventiveRx Plus Lista de medicamentos Plan PreventiveRx Plus (Esencial Directo),other,https://file.anthem.com/A03087NYMSPABC.pdf,https://www.anthem.com/ny/pharmacy-information/drug-list-formulary,https://www.anthem.com/sitemap.xml > https://www.anthem.com/ny/pharmacy-information/drug-list-formulary > http://file.anthem.com/A03087NYMSPABC.pdf > https://file.anthem.com/A03087NYMSPABC.pdf,pdf,,,2026-06-30,200,b1a8ef8569ed35df6dc4e3b7753955970fc7a7f7cb5ec25e2e6d3087cd258dde,505674,N,static,sitemap|css_selector|url_pattern,0.85,2026-10-06T17:58:02Z,
Elevance / Anthem,,Unknown,Unknown,PreventiveRx Lista de medicamentos Plan Legacy PreventiveRx Plus (Directo Nacional),other,https://file.anthem.com/A00444NYMSPABS-HN1.1.pdf,https://www.anthem.com/ny/pharmacy-information/drug-list-formulary,https://www.anthem.com/sitemap.xml > https://www.anthem.com/ny/pharmacy-information/drug-list-formulary > https://file.anthem.com/A00444NYMSPABS-HN1.1.pdf,pdf,,,2026-05-14,200,0df31e588eacade610f0cec9432059b118ea84bbb727dcb5f2b0c825f7923e2e,469149,N,static,sitemap|css_selector|url_pattern,0.85,2026-10-06T17:58:02Z,
Elevance / Anthem,,Unknown,Unknown,PreventiveRx Enhanced Lista de medicamentos Plan mejorado (Lista de medicamentos directos esenciales),other,https://file.anthem.com/A03093NYMSPABS.pdf,https://www.anthem.com/ny/pharmacy-information/drug-list-formulary,https://www.anthem.com/sitemap.xml > https://www.anthem.com/ny/pharmacy-information/drug-list-formulary > http://file.anthem.com/A03093NYMSPABS.pdf > https://file.anthem.com/A03093NYMSPABS.pdf,pdf,,,2026-04-16,200,99c5aaa96ba5829b237d468311f37d0757a2373769d148256edbcb9d8b3b292f,476136,N,static,sitemap|css_selector|url_pattern,0.85,2026-10-06T17:58:03Z,
Elevance / Anthem,,Alabama,Unknown,PreventiveRx Lista de medicamentos Plan Básico Plus (Lista Nacional de Medicamentos),other,https://file.anthem.com/A03117NYMSPABS.pdf,https://www.anthem.com/ny/pharmacy-information/drug-list-formulary,https://www.anthem.com/sitemap.xml > https://www.anthem.com/ny/pharmacy-information/drug-list-formulary > http://file.anthem.com/A03117NYMSPABS.pdf > https://file.anthem.com/A03117NYMSPABS.pdf,pdf,,,2026-06-30,200,04f35938b0a57bb34c6e14db925e486a3a28b52d661064a443ba0f0631408a68,525389,N,static,sitemap|css_selector|url_pattern,0.85,2026-10-06T17:58:03Z,
Elevance / Anthem,,Unknown,Unknown,PreventiveRx Drug List Legacy PreventiveRx Plus Plan (National Direct),drug_list,https://file.anthem.com/A00444NYMENABS-HN1.1.pdf,https://www.anthem.com/ny/pharmacy-information/drug-list-formulary,https://www.anthem.com/sitemap.xml > https://www.anthem.com/ny/pharmacy-information/drug-list-formulary > https://file.anthem.com/A00444NYMENABS-HN1.1.pdf,pdf,,,2026-05-14,200,bab7cce9e27315cd755839299b9b80090310500164b131117973b17d4792d644,465850,N,static,sitemap|css_selector|url_pattern,0.95,2026-10-06T17:58:03Z,
Elevance / Anthem,,Unknown,Unknown,PreventiveRx Drug List Basic Plus Plan (National Drug List),drug_list,https://file.anthem.com/A03117NYMENABS.pdf,https://www.anthem.com/ny/pharmacy-information/drug-list-formulary,https://www.anthem.com/sitemap.xml > https://www.anthem.com/ny/pharmacy-information/drug-list-formulary > http://file.anthem.com/A03117NYMENABS.pdf > https://file.anthem.com/A03117NYMENABS.pdf,pdf,,,2026-06-30,200,5e86d18359385be84374ab1acc83bcc50fb64471537d445a497d743e209cbaa6,523709,N,static,sitemap|css_selector|url_pattern,0.95,2026-10-06T17:58:03Z,
Elevance / Anthem,,Unknown,Unknown,PreventiveRx Drug List Enhanced Plan (National Drug List),drug_list,https://file.anthem.com/A00526NYMENABS.1.pdf,https://www.anthem.com/ny/pharmacy-information/drug-list-formulary,https://www.anthem.com/sitemap.xml > https://www.anthem.com/ny/pharmacy-information/drug-list-formulary > http://file.anthem.com/A00526NYMENABS.1.pdf > https://file.anthem.com/A00526NYMENABS.1.pdf,pdf,,,2026-04-17,200,ffa4c442fc43884a7d7282ef84dcdf7ff5d24ea75eb5557a0020b86d445778cd,474240,N,static,sitemap|css_selector|url_pattern,0.95,2026-10-06T17:58:03Z,
Elevance / Anthem,,Unknown,Unknown,PreventiveRx Lista de medicamentos Plan mejorado (Lista nacional de medicamentos),other,https://file.anthem.com/A00526NYMSPABS.1.pdf,https://www.anthem.com/ny/pharmacy-information/drug-list-formulary,https://www.anthem.com/sitemap.xml > https://www.anthem.com/ny/pharmacy-information/drug-list-formulary > http://file.anthem.com/A00526NYMSPABS.1.pdf > https://file.anthem.com/A00526NYMSPABS.1.pdf,pdf,,,2026-04-17,200,5c630f5c8dd0f44161ba35c0bb5b9d739cacc9826dab783f06ab809eb564a06f,476617,N,static,sitemap|css_selector|url_pattern,0.85,2026-10-06T17:58:03Z,
Elevance / Anthem,,Unknown,Unknown,PreventiveRx Drug List Basic Plus Plan (National Direct Drug List),drug_list,https://file.anthem.com/A03114NYMENABS.pdf,https://www.anthem.com/ny/pharmacy-information/drug-list-formulary,https://www.anthem.com/sitemap.xml > https://www.anthem.com/ny/pharmacy-information/drug-list-formulary > http://file.anthem.com/A03114NYMENABS.pdf > https://file.anthem.com/A03114NYMENABS.pdf,pdf,,,2026-04-27,200,3fd2ed28c6627ffcd160b9841664f48f9ef9b1b765e335e560db96fad9a2f8e9,119673,N,static,sitemap|css_selector|url_pattern,0.95,2026-10-06T17:58:03Z,
Elevance / Anthem,,Alabama,Unknown,PreventiveRx Lista de medicamentos Plan Básico Básico (Lista Nacional de Medicamentos Directos),other,https://file.anthem.com/A03114NYMSPABS.pdf,https://www.anthem.com/ny/pharmacy-information/drug-list-formulary,https://www.anthem.com/sitemap.xml > https://www.anthem.com/ny/pharmacy-information/drug-list-formulary > http://file.anthem.com/A03114NYMSPABS.pdf > https://file.anthem.com/A03114NYMSPABS.pdf,pdf,,,2026-04-27,200,939147e26b76cbfa7cb20e5028faa1ad6c045c206c2bfaffe6d1973f6153b0be,457150,N,static,sitemap|css_selector|url_pattern,0.85,2026-10-06T17:58:04Z,
Elevance / Anthem,,Unknown,Unknown,PreventiveRx Enhanced Drug List Enhanced Plan (National Direct Drug List),drug_list,https://file.anthem.com/A00529NYMENABS.1.pdf,https://www.anthem.com/ny/pharmacy-information/drug-list-formulary,https://www.anthem.com/sitemap.xml > https://www.anthem.com/ny/pharmacy-information/drug-list-formulary > http://file.anthem.com/A00529NYMENABS.1.pdf > https://file.anthem.com/A00529NYMENABS.1.pdf,pdf,,,2026-04-16,200,04b2c52fb5e7c2a56a9b630746b27b062fd5a1935bf6ac4e61978579ab500417,473498,N,static,sitemap|css_selector|url_pattern,0.95,2026-10-06T17:58:04Z,
Elevance / Anthem,,Unknown,Unknown,PreventiveRx Enhanced Lista de medicamentos Plan Mejorado (Lista Nacional Directa de Medicamentos),other,https://file.anthem.com/A00529NYMSPABS.1.pdf,https://www.anthem.com/ny/pharmacy-information/drug-list-formulary,https://www.anthem.com/sitemap.xml > https://www.anthem.com/ny/pharmacy-information/drug-list-formulary > http://file.anthem.com/A00529NYMSPABS.1.pdf > https://file.anthem.com/A00529NYMSPABS.1.pdf,pdf,,,2026-04-16,200,af2229f6b114a90e2d134386c028dcb97418e3cabab80f4367c36a7cc2aff499,475438,N,static,sitemap|css_selector|url_pattern,0.85,2026-10-06T17:58:04Z,
Elevance / Anthem,,Unknown,Unknown,PreventiveRx Plus Lista de medicamentos Plan Legacy PreventiveRx Plus (Directo Nacional Plus),other,https://file.anthem.com/A02819NYMSPABS-HN4.1.pdf,https://www.anthem.com/ny/pharmacy-information/drug-list-formulary,https://www.anthem.com/sitemap.xml > https://www.anthem.com/ny/pharmacy-information/drug-list-formulary > http://file.anthem.com/A02819NYMSPABS-HN4.1.pdf > https://file.anthem.com/A02819NYMSPABS-HN4.1.pdf,pdf,,,2026-05-15,200,4609e3335322ffc01fed4f28a9178143902641788157d4bfe78658125fa8d46d,471997,N,static,sitemap|css_selector|url_pattern,0.85,2026-10-06T17:58:04Z,
Elevance / Anthem,,Unknown,Unknown,PreventiveRx Plus Drug List Legacy PreventiveRx Plus Plan (National Direct Plus),drug_list,https://file.anthem.com/A02819NYMENABS-HN4.1.pdf,https://www.anthem.com/ny/pharmacy-information/drug-list-formulary,https://www.anthem.com/sitemap.xml > https://www.anthem.com/ny/pharmacy-information/drug-list-formulary > http://file.anthem.com/A02819NYMENABS-HN4.1.pdf > https://file.anthem.com/A02819NYMENABS-HN4.1.pdf,pdf,,,2026-05-15,200,157da4249f2dac11aa27a663a7a67b4f5f04eb9507db134c8be072d153a32213,468637,N,static,sitemap|css_selector|url_pattern,0.95,2026-10-06T17:58:04Z,
Elevance / Anthem,,Unknown,Unknown,PreventiveRx Drug List Basic Plus Plan (National Direct Plus Drug List),drug_list,https://file.anthem.com/A03113NYMENABS.pdf,https://www.anthem.com/ny/pharmacy-information/drug-list-formulary,https://www.anthem.com/sitemap.xml > https://www.anthem.com/ny/pharmacy-information/drug-list-formulary > http://file.anthem.com/A03113NYMENABS.pdf > https://file.anthem.com/A03113NYMENABS.pdf,pdf,,,2026-04-28,200,5ec7cc06b7695027ed030344af87c0a42112db43bcee7ecacbddf0bee2e5824b,457888,N,static,sitemap|css_selector|url_pattern,0.95,2026-10-06T17:58:04Z,
Elevance / Anthem,,Alabama,Unknown,PreventiveRx Lista de medicamentos Plan Básico Plus (Lista Nacional de Medicamentos Direct Plus),other,https://file.anthem.com/A03113NYMSPABS.pdf,https://www.anthem.com/ny/pharmacy-information/drug-list-formulary,https://www.anthem.com/sitemap.xml > https://www.anthem.com/ny/pharmacy-information/drug-list-formulary > http://file.anthem.com/A03113NYMSPABS.pdf > https://file.anthem.com/A03113NYMSPABS.pdf,pdf,,,2026-04-28,200,d1bab35eaf81d933dcdc03af50d9f871a86da3043d2fcea26becc5cdaebad362,460541,N,static,sitemap|css_selector|url_pattern,0.85,2026-10-06T17:58:04Z,
Elevance / Anthem,,Unknown,Unknown,PreventiveRx Enhanced Drug List Enhanced Plan (National Direct Plus Drug List),drug_list,https://file.anthem.com/A02824NYMENABS.pdf,https://www.anthem.com/ny/pharmacy-information/drug-list-formulary,https://www.anthem.com/sitemap.xml > https://www.anthem.com/ny/pharmacy-information/drug-list-formulary > http://file.anthem.com/A02824NYMENABS.pdf > https://file.anthem.com/A02824NYMENABS.pdf,pdf,,,2026-06-30,200,c401b0443ea1e6b59c475109a5d81e5c826ead0d074984ae34f0193ac371e7c6,644441,N,static,sitemap|css_selector|url_pattern,0.95,2026-10-06T17:58:04Z,
Elevance / Anthem,,Unknown,Unknown,PreventiveRx Enhanced Lista de medicamentos Plan mejorado (Lista nacional de medicamentos Direct Plus),other,https://file.anthem.com/A02824NYMSPABS.pdf,https://www.anthem.com/ny/pharmacy-information/drug-list-formulary,https://www.anthem.com/sitemap.xml > https://www.anthem.com/ny/pharmacy-information/drug-list-formulary > http://file.anthem.com/A02824NYMSPABS.pdf > https://file.anthem.com/A02824NYMSPABS.pdf,pdf,,,2026-06-30,200,d86dd5a7c7a118ad8334052f0e34b9b91d1861486a4dc429f02c619898dc994c,645462,N,static,sitemap|css_selector|url_pattern,0.85,2026-10-06T17:58:05Z,
Elevance / Anthem,,Unknown,Unknown,PreventiveRx Drug List Basic Plus Plan (National Direct Preferred Drug List),drug_list,https://file.anthem.com/A03118NYMENABS.pdf,https://www.anthem.com/ny/pharmacy-information/drug-list-formulary,https://www.anthem.com/sitemap.xml > https://www.anthem.com/ny/pharmacy-information/drug-list-formulary > http://file.anthem.com/A03118NYMENABS.pdf > https://file.anthem.com/A03118NYMENABS.pdf,pdf,,,2026-04-28,200,93b4b2dba3b2b60c5712115a63d52b5c03d52c8ceb309778b2c3c7ae105d4ede,458193,N,static,sitemap|css_selector|url_pattern,0.95,2026-10-06T17:58:05Z,
Elevance / Anthem,,Alabama,Unknown,PreventiveRx Lista de medicamentos Plan Básico Plus (Lista Nacional Directa de Medicamentos Preferidos),other,https://file.anthem.com/A03118NYMSPABS.pdf,https://www.anthem.com/ny/pharmacy-information/drug-list-formulary,https://www.anthem.com/sitemap.xml > https://www.anthem.com/ny/pharmacy-information/drug-list-formulary > http://file.anthem.com/A03118NYMSPABS.pdf > https://file.anthem.com/A03118NYMSPABS.pdf,pdf,,,2026-04-28,200,53ff7ca88a840d9882f946304e9479d1ae476772c3acf27cb672f819151c4766,460770,N,static,sitemap|css_selector|url_pattern,0.85,2026-10-06T17:58:05Z,
Elevance / Anthem,,New York,Unknown,PreventiveRx Drug List Legacy PreventiveRx Plus Plan (NY Select),drug_list,https://file.anthem.com/04680NYMENABS-HN1.1.pdf,https://www.anthem.com/ny/pharmacy-information/drug-list-formulary,https://www.anthem.com/sitemap.xml > https://www.anthem.com/ny/pharmacy-information/drug-list-formulary > http://file.anthem.com/04680NYMENABS-HN1.1.pdf > https://file.anthem.com/04680NYMENABS-HN1.1.pdf,pdf,,,2026-05-27,200,076ed3c2b4805118192096922427f880f00ec8d430d1a1fb299d322c2730a210,128286,N,static,sitemap|css_selector|url_pattern,0.95,2026-10-06T17:58:05Z,
Elevance / Anthem,,Unknown,Unknown,PreventiveRx Plus Drug List PreventiveRx Plus Plan (National Direct Preferred),drug_list,https://file.anthem.com/A03086NYMENABS.pdf,https://www.anthem.com/ny/pharmacy-information/drug-list-formulary,https://www.anthem.com/sitemap.xml > https://www.anthem.com/ny/pharmacy-information/drug-list-formulary > http://file.anthem.com/A03086NYMENABS.pdf > https://file.anthem.com/A03086NYMENABS.pdf,pdf,,,2026-04-29,200,d6ed0e01314bc8b2a099c98d7f37b7066e403df731657be327c1e40a0597f52f,459432,N,static,sitemap|css_selector|url_pattern,0.95,2026-10-06T17:58:05Z,
Elevance / Anthem,,Alabama,Unknown,PreventiveRx Plus Lista de medicamentos Plan PreventiveRx Plus (Preferido Nacional Directo),other,https://file.anthem.com/A03086NYMSPABS.pdf,https://www.anthem.com/ny/pharmacy-information/drug-list-formulary,https://www.anthem.com/sitemap.xml > https://www.anthem.com/ny/pharmacy-information/drug-list-formulary > http://file.anthem.com/A03086NYMSPABS.pdf > https://file.anthem.com/A03086NYMSPABS.pdf,pdf,,,2026-04-29,200,48d4488b7e4d9344b30d0c226a609bbcfebea81920379c670e498ad3111c77ac,461652,N,static,sitemap|css_selector|url_pattern,0.85,2026-10-06T17:58:05Z,
Elevance / Anthem,,Unknown,Unknown,PreventiveRx Enhanced Drug List Enhanced Plan (National Direct Preferred Drug List),drug_list,https://file.anthem.com/A03094NYMENABS.pdf,https://www.anthem.com/ny/pharmacy-information/drug-list-formulary,https://www.anthem.com/sitemap.xml > https://www.anthem.com/ny/pharmacy-information/drug-list-formulary > http://file.anthem.com/A03094NYMENABS.pdf > https://file.anthem.com/A03094NYMENABS.pdf,pdf,,,2026-04-16,200,053dba8b5e243dd2c554105fddab3952f9324b6fe93fcd984fc336c7836500ba,473989,N,static,sitemap|css_selector|url_pattern,0.95,2026-10-06T17:58:05Z,
Elevance / Anthem,,Unknown,Unknown,PreventiveRx Enhanced Lista de medicamentos Plan mejorado (Lista nacional directa de medicamentos preferidos),other,https://file.anthem.com/A03094NYMSPABS.pdf,https://www.anthem.com/ny/pharmacy-information/drug-list-formulary,https://www.anthem.com/sitemap.xml > https://www.anthem.com/ny/pharmacy-information/drug-list-formulary > http://file.anthem.com/A03094NYMSPABS.pdf > https://file.anthem.com/A03094NYMSPABS.pdf,pdf,,,2026-04-16,200,d208231263e0db3b7db78c9407eac07babc765459b55ffd0912d16400c6123cd,475980,N,static,sitemap|css_selector|url_pattern,0.85,2026-10-06T17:58:05Z,
Elevance / Anthem,,New York,Unknown,PreventiveRx Lista de medicamentos Plan Legacy PreventiveRx Plus (NY Select),other,https://file.anthem.com/04680NYMSPABS-HN1.1.pdf,https://www.anthem.com/ny/pharmacy-information/drug-list-formulary,https://www.anthem.com/sitemap.xml > https://www.anthem.com/ny/pharmacy-information/drug-list-formulary > http://file.anthem.com/04680NYMSPABS-HN1.1.pdf > https://file.anthem.com/04680NYMSPABS-HN1.1.pdf,pdf,,,2026-05-27,200,7785b5836a53e4c79e57d47373d1fc569070c959241343ad8352907ba4f45c20,463156,N,static,sitemap|css_selector|url_pattern,0.85,2026-10-06T17:58:06Z,
Elevance / Anthem,,New York,Unknown,PreventiveRx Plus Drug List PreventiveRx Plus Plan (NY Select),drug_list,https://file.anthem.com/04680NYMENABS-1.1.pdf,https://www.anthem.com/ny/pharmacy-information/drug-list-formulary,https://www.anthem.com/sitemap.xml > https://www.anthem.com/ny/pharmacy-information/drug-list-formulary > http://file.anthem.com/04680NYMENABS-1.1.pdf > https://file.anthem.com/04680NYMENABS-1.1.pdf,pdf,,,2026-05-03,200,23937a1ae28f94259f155a0417a67c2958f52fec785136eb9a9962642886942e,457958,N,static,sitemap|css_selector|url_pattern,0.95,2026-10-06T17:58:06Z,
Elevance / Anthem,,Unknown,Unknown,PreventiveRx Drug List Legacy PreventiveRx Plus Plan (Traditional Open),drug_list,https://file.anthem.com/04320NYMENABS-HN1.1.pdf,https://www.anthem.com/ny/pharmacy-information/drug-list-formulary,https://www.anthem.com/sitemap.xml > https://www.anthem.com/ny/pharmacy-information/drug-list-formulary > http://file.anthem.com/04320NYMENABS-HN1.1.pdf > https://file.anthem.com/04320NYMENABS-HN1.1.pdf,pdf,,,2026-05-19,200,7379cbda2d7c7ef78c5c41b21cdcae641d47bdaebc0351eb8f3acc374a171306,132799,N,static,sitemap|css_selector|url_pattern,0.95,2026-10-06T17:58:06Z,
Elevance / Anthem,,Alabama,Unknown,PreventiveRx Plus Lista de medicamentos Plan PreventiveRx Plan (NY Select),other,https://file.anthem.com/04680NYMSPABS-1.1.pdf,https://www.anthem.com/ny/pharmacy-information/drug-list-formulary,https://www.anthem.com/sitemap.xml > https://www.anthem.com/ny/pharmacy-information/drug-list-formulary > http://file.anthem.com/04680NYMSPABS-1.1.pdf > https://file.anthem.com/04680NYMSPABS-1.1.pdf,pdf,,,2026-05-03,200,178ab30f27565bc4219528aae65f6458cac2d3d5f3bf8b5fd9686230512e7cd3,459944,N,static,sitemap|css_selector|url_pattern,0.85,2026-10-06T17:58:06Z,
Elevance / Anthem,,New York,Unknown,PreventiveRx Enhanced Drug List Enhanced Plan (New York Select Drug List),drug_list,https://file.anthem.com/A00530NYMENABS.1.pdf,https://www.anthem.com/ny/pharmacy-information/drug-list-formulary,https://www.anthem.com/sitemap.xml > https://www.anthem.com/ny/pharmacy-information/drug-list-formulary > http://file.anthem.com/A00530NYMENABS.1.pdf > https://file.anthem.com/A00530NYMENABS.1.pdf,pdf,,,2026-05-06,200,4664937d6dd2ca6c44e8fea0018f77914b95c7401ee24a8bfa95ed052359bec4,470042,N,static,sitemap|css_selector|url_pattern,0.95,2026-10-06T17:58:06Z,
Elevance / Anthem,,New York,Unknown,PreventiveRx Enhanced Lista de medicamentos Enhanced Plan (New York Select Drug List),drug_list,https://file.anthem.com/A00530NYMSPABS.1.pdf,https://www.anthem.com/ny/pharmacy-information/drug-list-formulary,https://www.anthem.com/sitemap.xml > https://www.anthem.com/ny/pharmacy-information/drug-list-formulary > http://file.anthem.com/A00530NYMSPABS.1.pdf > https://file.anthem.com/A00530NYMSPABS.1.pdf,pdf,,,2026-05-06,200,304718339a44445674dc63984fbda2f7a923c7da3ccd26a35a017b7da47e2f49,473217,N,static,sitemap|css_selector|url_pattern,0.95,2026-10-06T17:58:06Z,
Elevance / Anthem,,Unknown,Unknown,"CarelonRx Exclusive Network Drug List If covered by your plan's drug list, the drugs below will require you to go to a network specialty pharmacy to fill your prescription. For an up-to-date list of drugs covered by your plan, log in at",drug_list,https://file.anthem.com/44150NYMENABS.pdf,https://www.anthem.com/ny/pharmacy-information/drug-list-formulary,https://www.anthem.com/sitemap.xml > https://www.anthem.com/ny/pharmacy-information/drug-list-formulary > https://file.anthem.com/44150NYMENABS.pdf,pdf,,,2026-04-23,200,5433af7b75c959f53ac4a2eea60532778e9e1516d11fdddb24441d819c48154b,461661,N,static,sitemap|css_selector|url_pattern,0.95,2026-10-06T17:58:07Z,
Elevance / Anthem,,Alabama,Unknown,PreventiveRx Lista de medicamentos Plan Básico Plus (Lista de medicamentos tradicionales),other,https://file.anthem.com/A03115NYMSPABS.pdf,https://www.anthem.com/ny/pharmacy-information/drug-list-formulary,https://www.anthem.com/sitemap.xml > https://www.anthem.com/ny/pharmacy-information/drug-list-formulary > http://file.anthem.com/A03115NYMSPABS.pdf > https://file.anthem.com/A03115NYMSPABS.pdf,pdf,,,2026-06-29,200,3944252e9d50b103d39931bb7952270fcbaafdfb3ed7b6b260a33ba21ef831f5,524676,N,static,sitemap|css_selector|url_pattern,0.85,2026-10-06T17:58:07Z,
Elevance / Anthem,,Unknown,Unknown,PreventiveRx Lista de medicamentos Plan Legacy PreventiveRx Plus (Abierto Tradicional),other,https://file.anthem.com/04320NYMSPABS-HN1.1.pdf,https://www.anthem.com/ny/pharmacy-information/drug-list-formulary,https://www.anthem.com/sitemap.xml > https://www.anthem.com/ny/pharmacy-information/drug-list-formulary > http://file.anthem.com/04320NYMSPABS-HN1.1.pdf > https://file.anthem.com/04320NYMSPABS-HN1.1.pdf,pdf,,,2026-05-15,200,f2111eaa3511cfefc81fa389fad7bfe9356b93c79e077400044b6942a8e9d32f,471918,N,static,sitemap|css_selector|url_pattern,0.85,2026-10-06T17:58:07Z,
Elevance / Anthem,,Unknown,Unknown,PreventiveRx Drug List Basic Plus Plan (Traditional Drug List),drug_list,https://file.anthem.com/A03115NYMENABS.pdf,https://www.anthem.com/ny/pharmacy-information/drug-list-formulary,https://www.anthem.com/sitemap.xml > https://www.anthem.com/ny/pharmacy-information/drug-list-formulary > http://file.anthem.com/A03115NYMENABS.pdf > https://file.anthem.com/A03115NYMENABS.pdf,pdf,,,2026-06-29,200,2b08a0e7156af274b7c0e3612567fb69692cbb79483598ca867f26a5b852a13d,523813,N,static,sitemap|css_selector|url_pattern,0.95,2026-10-06T17:58:07Z,
Elevance / Anthem,,Unknown,Unknown,PreventiveRx Enhanced Drug List Enhanced Plan (Traditional Drug List),drug_list,https://file.anthem.com/A00528NYMENABS.1.pdf,https://www.anthem.com/ny/pharmacy-information/drug-list-formulary,https://www.anthem.com/sitemap.xml > https://www.anthem.com/ny/pharmacy-information/drug-list-formulary > http://file.anthem.com/A00528NYMENABS.1.pdf > https://file.anthem.com/A00528NYMENABS.1.pdf,pdf,,,2026-04-22,200,0a87164a9882b4a108197ac63fb1b98026f0ed23be802ce606397640317ccfad,474394,N,static,sitemap|css_selector|url_pattern,0.95,2026-10-06T17:58:07Z,
Elevance / Anthem,,Unknown,Unknown,"BioPlus Exclusive Network Drug List If covered by your plan's drug list, the drugs below will require you to go to a network specialty pharmacy to fill your prescription. For an up-to-date list of drugs covered by your plan, log in at",drug_list,https://file.anthem.com/A02871NYMENABS.pdf,https://www.anthem.com/ny/pharmacy-information/drug-list-formulary,https://www.anthem.com/sitemap.xml > https://www.anthem.com/ny/pharmacy-information/drug-list-formulary > http://file.anthem.com/A02871NYMENABS.pdf > https://file.anthem.com/A02871NYMENABS.pdf,pdf,,,2026-04-23,200,0aeea9d61856b1c0ead6e64f0bb567094a4411c4c54ff8738349f61e4f65b003,452355,N,static,sitemap|css_selector|url_pattern,0.95,2026-10-06T17:58:07Z,
Elevance / Anthem,,Unknown,Unknown,PreventiveRx Plus Drug List PreventiveRx Plus Plan (Traditional Open),drug_list,https://file.anthem.com/04320NYMENABS-1.1.pdf,https://www.anthem.com/ny/pharmacy-information/drug-list-formulary,https://www.anthem.com/sitemap.xml > https://www.anthem.com/ny/pharmacy-information/drug-list-formulary > http://file.anthem.com/04320NYMENABS-1.1.pdf > https://file.anthem.com/04320NYMENABS-1.1.pdf,pdf,,,2026-04-28,200,c23a2fb8a3df6eb8fec4ac40074ed46813c2a724b7060b9256724c5cf521b952,460776,N,static,sitemap|css_selector|url_pattern,0.95,2026-10-06T17:58:07Z,
Elevance / Anthem,,Colorado,Unknown,Page 1 Rev. 061522,pa_list,https://www.anthem.com/content/dam/digital/docs/pharmacy-information/designated-medical-specialty-pharmacy-drug-list-anthem-bcbs.pdf,https://www.anthem.com/ny/pharmacy-information/drug-list-formulary,https://www.anthem.com/sitemap.xml > https://www.anthem.com/ny/pharmacy-information/drug-list-formulary > https://www.anthem.com/content/dam/digital/docs/pharmacy-information/designated-medical-specialty-pharmacy-drug-list-anthem-bcbs.pdf,pdf,,,2023-12-18,200,edf3795af1d95b62ccc284b232ab7150228cc49cd10645af567300dddc405c63,294704,N,static,sitemap|css_selector|url_pattern,0.95,2026-10-06T17:58:07Z,
Elevance / Anthem,,Alabama,Unknown,"Lista de medicamentos de mantenimiento Según qué plan de salud nuestro tengas, es posible que debas obtener los medicamentos de mantenimiento por medio de una entrega",other,https://file.anthem.com/24804NYMSPABS.pdf,https://www.anthem.com/ny/pharmacy-information/drug-list-formulary,https://www.anthem.com/sitemap.xml > https://www.anthem.com/ny/pharmacy-information/drug-list-formulary > https://file.anthem.com/24804NYMSPABS.pdf,pdf,,,2026-06-08,200,da1da859dd5fe1237ad63a26a9e1567333842933010378e7cc6c926a81615691,515785,N,static,sitemap|css_selector|url_pattern,0.85,2026-10-06T17:58:07Z,
Elevance / Anthem,,Alabama,Unknown,PreventiveRx Plus Lista de medicamentos Plan PreventiveRx Plus (Abierto Tradicional),other,https://file.anthem.com/04320NYMSPABS-1.1.pdf,https://www.anthem.com/ny/pharmacy-information/drug-list-formulary,https://www.anthem.com/sitemap.xml > https://www.anthem.com/ny/pharmacy-information/drug-list-formulary > http://file.anthem.com/04320NYMSPABS-1.1.pdf > https://file.anthem.com/04320NYMSPABS-1.1.pdf,pdf,,,2026-04-28,200,749c3477a577d12fe44760eb1266b1a1d04ac4b4649ed7252596d7cc4bd333dd,462936,N,static,sitemap|css_selector|url_pattern,0.85,2026-10-06T17:58:07Z,
Elevance / Anthem,,Unknown,Unknown,ACA Contraceptive for Religious Affiliate Group Drug List Preventive care can help keep you healthy and may even save your life. Getting routine health exams and screenings can,drug_list,https://file.anthem.com/A00898NYMENABS.pdf,https://www.anthem.com/ny/pharmacy-information/drug-list-formulary,https://www.anthem.com/sitemap.xml > https://www.anthem.com/ny/pharmacy-information/drug-list-formulary > https://file.anthem.com/A00898NYMENABS.pdf,pdf,,,2025-02-27,200,6b4c941dca4ad781ddfab986a9c892d6c1f142b007633456e9028473d5d70e72,467196,N,static,sitemap|css_selector|url_pattern,0.95,2026-10-06T17:58:07Z,
Elevance / Anthem,,Unknown,Unknown,"Home Delivery and Rx Maintenance 90 Drug List Depending on your home delivery coverage, the drugs listed below must be obtained through your home delivery benefit to obtain a",drug_list,https://file.anthem.com/24804NYMENABS.pdf,https://www.anthem.com/ny/pharmacy-information/drug-list-formulary,https://www.anthem.com/sitemap.xml > https://www.anthem.com/ny/pharmacy-information/drug-list-formulary > http://file.anthem.com/24804NYMENABS.pdf > https://file.anthem.com/24804NYMENABS.pdf,pdf,,,2026-06-08,200,94bfdf525cf731ac2d066fabac069e84f1e05e4125f83dfba9a6dbe979bbe6e9,508365,N,static,sitemap|css_selector|url_pattern,0.95,2026-10-06T17:58:07Z,
Elevance / Anthem,,Virginia,Medicaid,Anthem Blue Cross and Blue Shield Healthcare Solutions follows Federal civil rights laws. We don’t discriminate against people because of their:,other,https://www.anthem.com/content/dam/digital/docs/anthem/medicaid/nv/nvnv_caid_non-discrimpolicy_eng.pdf,https://www.anthem.com/nv/medicaid/referrals-preapprovals-prior-authorizations,https://www.anthem.com/sitemap.xml > https://www.anthem.com/nv/medicaid/referrals-preapprovals-prior-authorizations > https://www.anthem.com/content/dam/digital/docs/anthem/medicaid/nv/nvnv_caid_non-discrimpolicy_eng.pdf,pdf,,,2026-03-19,200,68eeb7df7c0a755537d7bee59951a09907d1c2816d95383b84a8c047725322f2,56370,N,static,sitemap|css_selector|url_pattern,0.85,2026-10-06T17:58:07Z,
Elevance / Anthem,,Unknown,Medicaid,"HIPAA Notice of Privacy Practices The original effective date of this notice was April 14, 2003. This notice was most",other,https://www.anthem.com/content/dam/digital/docs/anthem/medicaid/nv/nvnv_caid_NOPP.pdf,https://www.anthem.com/nv/medicaid/referrals-preapprovals-prior-authorizations,https://www.anthem.com/sitemap.xml > https://www.anthem.com/nv/medicaid/referrals-preapprovals-prior-authorizations > https://www.anthem.com/content/dam/digital/docs/anthem/medicaid/nv/nvnv_caid_NOPP.pdf,pdf,,,2025-12-19,200,ebde47adaeb7ed65b9c895ecbe37f05d44e31188780f30f03dd367dacc4cf1de,153519,N,static,sitemap|css_selector|url_pattern,0.85,2026-10-06T17:58:07Z,
Elevance / Anthem,,Unknown,Medicaid,Aviso de Prácticas de Privacidad de la HIPAA La fecha de entrada en vigencia original de este aviso fue el 14 de abril de 2003. Este,other,https://www.anthem.com/content/dam/digital/docs/anthem/medicaid/nv/nvnv_caid_NOPP_SP.pdf,https://www.anthem.com/nv/medicaid/referrals-preapprovals-prior-authorizations,https://www.anthem.com/sitemap.xml > https://www.anthem.com/nv/medicaid/referrals-preapprovals-prior-authorizations > https://www.anthem.com/content/dam/digital/docs/anthem/medicaid/nv/nvnv_caid_NOPP_SP.pdf,pdf,,,2025-12-19,200,8167f8c520635015dc37245a777bfadc79c7eda296414de0cefb483534bc82ae,158265,N,static,sitemap|css_selector|url_pattern,0.85,2026-10-06T17:58:07Z,
Elevance / Anthem,,Alabama,Medicaid,Anthem Blue Cross and Blue Shield Healthcare Solutions cumple con las leyes federales de derechos civiles. No discriminamos a las personas por ninguno de estos motivos:,other,https://www.anthem.com/content/dam/digital/docs/anthem/medicaid/nv/nvnv_caid_non-discrimpolicy_spa.pdf,https://www.anthem.com/nv/medicaid/referrals-preapprovals-prior-authorizations,https://www.anthem.com/sitemap.xml > https://www.anthem.com/nv/medicaid/referrals-preapprovals-prior-authorizations > https://www.anthem.com/content/dam/digital/docs/anthem/medicaid/nv/nvnv_caid_non-discrimpolicy_spa.pdf,pdf,,,2026-03-19,200,ca4dafa5a8021f96dc7f13171d2c7e76b20931e3e7c9d130f08bbc54b6300be9,125391,N,static,sitemap|css_selector|url_pattern,0.85,2026-10-06T17:58:07Z,
Elevance / Anthem,,Unknown,Medicaid,"Scorecard: 1/1/2025 to 12/31/2025, LOB: Medicaid & Medicaid - CHIP, Plan Name: All, Market States: NV, Issuer Name: All, Contracts: All",pa_list,https://www.anthem.com/content/dam/digital/docs/anthem/medicaid/nv/nv_medicaid_chip_priorauthsmetrics.pdf,https://www.anthem.com/nv/medicaid/referrals-preapprovals-prior-authorizations,https://www.anthem.com/sitemap.xml > https://www.anthem.com/nv/medicaid/referrals-preapprovals-prior-authorizations > https://www.anthem.com/content/dam/digital/docs/anthem/medicaid/nv/nv_medicaid_chip_priorauthsmetrics.pdf,pdf,,,2026-03-23,200,72829b21348478203972f7818e0e5ff70c49ef0770b677072b24d4c33e6eba83,40626,N,static,sitemap|css_selector|url_pattern,0.95,2026-10-06T17:58:07Z,
Elevance / Anthem,,Illinois,Unknown,"Our health plans offer all the preventive care services and immunizations below at no cost to you1. You won’t have to pay anything when you use a doctor, pharmacy, or lab in your plan’s network. If you go to doctors or facilities outside",other,https://file.anthem.com/43199NYMENABS.pdf,https://www.anthem.com/ny/pharmacy-information/drug-list-formulary,https://www.anthem.com/sitemap.xml > https://www.anthem.com/ny/pharmacy-information/drug-list-formulary > https://file.anthem.com/43199NYMENABS.pdf,pdf,,,2025-08-14,200,59e00c53d81b470a50ec40cbdfe2723a5d65c85f6dd892cf8271e7cc04d973ad,579538,N,static,sitemap|css_selector|url_pattern,0.85,2026-10-06T17:58:08Z,
Elevance / Anthem,,Alabama,Medicaid,Ficha de puntuación: del 1/1/2025 al 12/31/2025. Línea de negocios (LOB): Medicaid & Medicaid - CHIP. Nombre del plan: todos.,other,https://www.anthem.com/content/dam/digital/docs/anthem/medicaid/nv/nv_medicaid_chip_priorauthsmetrics_sp.pdf,https://www.anthem.com/nv/medicaid/referrals-preapprovals-prior-authorizations,https://www.anthem.com/sitemap.xml > https://www.anthem.com/nv/medicaid/referrals-preapprovals-prior-authorizations > https://www.anthem.com/content/dam/digital/docs/anthem/medicaid/nv/nv_medicaid_chip_priorauthsmetrics_sp.pdf,pdf,,,2026-03-24,200,6db5b2d494292767273e93f00751f29fc48e2fffbf3bec72b1731e7bc91f562c,82703,N,static,sitemap|css_selector|url_pattern,0.85,2026-10-06T17:58:08Z,
Elevance / Anthem,,Unknown,Unknown,PreventiveRx Enhanced Lista de medicamentos Plan mejorado (Lista de medicamentos tradicional),other,https://file.anthem.com/A00528NYMSPABS.1.pdf,https://www.anthem.com/ny/pharmacy-information/drug-list-formulary,https://www.anthem.com/sitemap.xml > https://www.anthem.com/ny/pharmacy-information/drug-list-formulary > http://file.anthem.com/A00528NYMSPABS.1.pdf > https://file.anthem.com/A00528NYMSPABS.1.pdf,pdf,,,2026-04-22,200,b9327fedd6103727e648a0fe920f7bc66e573f25fc15222699ca9ef3171a3480,476526,N,static,sitemap|css_selector|url_pattern,0.85,2026-10-06T17:58:08Z,
Elevance / Anthem,,Unknown,Unknown,ACA Preventive Care Drug List Preventive care can help keep you healthy and may even save your life. Getting routine health exams and screenings can,drug_list,https://file.anthem.com/61088NYMENABS.pdf,https://www.anthem.com/ny/pharmacy-information/drug-list-formulary,https://www.anthem.com/sitemap.xml > https://www.anthem.com/ny/pharmacy-information/drug-list-formulary > https://file.anthem.com/61088NYMENABS.pdf,pdf,,,2025-12-12,200,44036a7e68bad3d041b02291bdedb622a2031f015d058a45b5f39204d96d6025,1405545,N,static,sitemap|css_selector|url_pattern,0.95,2026-10-06T17:58:08Z,
Elevance / Anthem,,Unknown,Medicaid,List of items and service that require Prior Authorization Updated : 2/11/2026,pa_list,https://www.anthem.com/content/dam/digital/docs/anthem/medicaid/nv/nv_medicaid_chip_priorauthservices.pdf,https://www.anthem.com/nv/medicaid/referrals-preapprovals-prior-authorizations,https://www.anthem.com/sitemap.xml > https://www.anthem.com/nv/medicaid/referrals-preapprovals-prior-authorizations > https://www.anthem.com/content/dam/digital/docs/anthem/medicaid/nv/nv_medicaid_chip_priorauthservices.pdf,pdf,,,2026-03-05,200,03ad486364283592f62ed1d6d90a71357618a5395438c4f430e71d9e2d5a09fa,824424,N,static,sitemap|css_selector|url_pattern,0.95,2026-10-06T17:58:08Z,
Elevance / Anthem,,Alabama,Unknown,We can translate this at no cost. Call the customer service number on your member ID card.,other,https://www.anthem.com/content/dam/digital/docs/anthem/medicaid/nv/nvnv_caid_babelsheet.pdf,https://www.anthem.com/nv/medicaid/referrals-preapprovals-prior-authorizations,https://www.anthem.com/sitemap.xml > https://www.anthem.com/nv/medicaid/referrals-preapprovals-prior-authorizations > https://www.anthem.com/content/dam/digital/docs/anthem/medicaid/nv/nvnv_caid_babelsheet.pdf,pdf,,,2024-10-07,200,02af439da1519a5094e2819d3faf04338e5208f6ecb5b89c83a4352747431d81,359970,N,static,sitemap|css_selector|url_pattern,0.85,2026-10-06T17:58:08Z,
Elevance / Anthem,,Pennsylvania,Medicaid,Anthem Blue Cross and Blue Shield Healthcare Solutions Medicaid Managed Care,pa_list,https://www.anthem.com/content/dam/digital/docs/provider/government/nevada/policies-guidelines-manuals/NV_CAID_BHtherapySessionLimitations.pdf,https://www.anthem.com/nv/provider/state-federal/resources/precertification-requirements,https://www.anthem.com/sitemap.xml > https://www.anthem.com/nv/provider/state-federal/resources/precertification-requirements > https://www.anthem.com/content/dam/digital/docs/provider/government/nevada/policies-guidelines-manuals/NV_CAID_BHtherapySessionLimitations.pdf,pdf,,,2025-10-24,200,d35a87cec03df9546bb0a5d36b007c2842b871f8996330407f2443c1dabc4ced,248924,N,static,sitemap|css_selector|url_pattern,0.95,2026-10-06T17:58:08Z,
Elevance / Anthem,,Unknown,Medicaid,Anthem Blue Cross and Blue Shield Healthcare Solutions Medicaid Managed Care,pa_list,https://www.anthem.com/content/dam/digital/docs/provider/government/nevada/precertification/NV_CAID_PriorAuthreq006648-22.pdf,https://www.anthem.com/nv/provider/state-federal/resources/precertification-requirements/lookup-tool,https://www.anthem.com/sitemap.xml > https://www.anthem.com/nv/provider/state-federal/resources/precertification-requirements/lookup-tool > https://www.anthem.com/content/dam/digital/docs/provider/government/nevada/precertification/NV_CAID_PriorAuthreq006648-22.pdf,pdf,,,2025-11-06,200,8fd2149938b5545397a76b754bef12690f01b8a6a1fd0b0478781439cb39e45f,242446,N,static,sitemap|css_selector|url_pattern,0.95,2026-10-06T17:58:08Z,
Elevance / Anthem,,Unknown,Medicaid,Anthem Blue Cross and Blue Shield Healthcare Solutions Medicaid Managed Care,pa_list,https://www.anthem.com/content/dam/digital/docs/provider/government/nevada/policies-guidelines-manuals/NV_CAID_PriorAuthreq006648-22.pdf,https://www.anthem.com/nv/provider/state-federal/resources/precertification-requirements,https://www.anthem.com/sitemap.xml > https://www.anthem.com/nv/provider/state-federal/resources/precertification-requirements > https://www.anthem.com/content/dam/digital/docs/provider/government/nevada/policies-guidelines-manuals/NV_CAID_PriorAuthreq006648-22.pdf,pdf,,,2025-10-24,200,8fd2149938b5545397a76b754bef12690f01b8a6a1fd0b0478781439cb39e45f,242446,N,static,sitemap|css_selector|url_pattern,0.95,2026-10-06T17:58:08Z,
Elevance / Anthem,,Virginia,Medicaid,Anthem Blue Cross and Blue Shield Healthcare Solutions Medicaid Managed Care,provider_manual,https://www.anthem.com/content/dam/digital/docs/provider/government/nevada/policies-guidelines-manuals/NV_CAID_AppealRightsasaProvider.pdf,https://www.anthem.com/nv/provider/state-federal/resources/precertification-requirements,https://www.anthem.com/sitemap.xml > https://www.anthem.com/nv/provider/state-federal/resources/precertification-requirements > https://www.anthem.com/content/dam/digital/docs/provider/government/nevada/policies-guidelines-manuals/NV_CAID_AppealRightsasaProvider.pdf,pdf,,,2025-11-06,200,59823057e7a41c7cf782f44922deb10bf2daf93b41783507c201b6cd2fd6f6c9,140167,N,static,sitemap|css_selector|url_pattern,0.95,2026-10-06T17:58:08Z,
Elevance / Anthem,,Alabama,Unknown,Right Drug Right Channel – Pharmacy Benefit This is a list of the drugs only covered under the pharmacy benefit. Members should talk with the prescribing physician about determination,drug_list,https://file.empireblue.com/05308NYMENABS.pdf,https://www.anthem.com/ny/pharmacy-information/drug-list-formulary,https://www.anthem.com/sitemap.xml > https://www.anthem.com/ny/pharmacy-information/drug-list-formulary > https://file.empireblue.com/05308NYMENABS.pdf,pdf,,,2025-08-21,200,af3ddb53a71f0a2a99b9abc5cafd872f84448df4b01bfb50e9c9805d2bd782a3,433994,N,static,sitemap|css_selector|url_pattern,0.95,2026-10-06T17:58:08Z,
Elevance / Anthem,,Unknown,Unknown,www.cms.gov/NPC ICD-10-CM Structure,other,https://www.cms.gov/Outreach-and-Education/Outreach/NPC/Downloads/Slides-from-the-011414-ICD10-Basics-Video.pdf,https://www.anthem.com/nv/provider/state-federal/resources/precertification-requirements/icd-10,https://www.anthem.com/sitemap.xml > https://www.anthem.com/nv/provider/state-federal/resources/precertification-requirements/icd-10 > https://www.cms.gov/Outreach-and-Education/Outreach/NPC/Downloads/Slides-from-the-011414-ICD10-Basics-Video.pdf,pdf,,,,200,0f3f6ad63afffd128acf1abb79b638f2d878e9de6e072aa96afde51eee1b781d,302933,N,static,sitemap|css_selector|url_pattern,0.8,2026-10-06T17:58:08Z,
Elevance / Anthem,,Georgia,Unknown,Right Drug Right Channel – Medical Benefit This is a list of clinician-administered drugs only covered under the medical benefit for certain groups. Members should talk with the,drug_list,https://file.anthem.com/03771NYMENABS.pdf,https://www.anthem.com/ny/pharmacy-information/drug-list-formulary,https://www.anthem.com/sitemap.xml > https://www.anthem.com/ny/pharmacy-information/drug-list-formulary > http://file.anthem.com/03771NYMENABS.pdf > https://file.anthem.com/03771NYMENABS.pdf,pdf,,,2026-04-25,200,16708b23e94b2b572a3c6f85fde8911aba41dea392a8b2ce4bdd76f9304fc979,457938,N,static,sitemap|css_selector|url_pattern,0.95,2026-10-06T17:58:08Z,
Elevance / Anthem,,Unknown,Unknown,Medical Benefit Drug List The drugs listed below are considered Medical Specialty Pharmacy (MSP) products and are typically covered under the member’s,drug_list,https://file.anthem.com/A00636NYPENABS.pdf,https://www.anthem.com/ny/pharmacy-information/drug-list-formulary,https://www.anthem.com/sitemap.xml > https://www.anthem.com/ny/pharmacy-information/drug-list-formulary > http://file.anthem.com/A00636NYPENABS.pdf > https://file.anthem.com/A00636NYPENABS.pdf,pdf,,,2026-07-21,200,5c3d59b71015415e4d79ce4dad873157f226713c229e12b9b24f43c3352a9850,1593390,N,static,sitemap|css_selector|url_pattern,0.95,2026-10-06T17:58:09Z,
Elevance / Anthem,,Alabama,Medicaid,www.anthem.com/nvmedicaid Nevada,pa_list,https://fm.formularynavigator.com/FBO/4/Nevada_PDL_English.pdf,https://www.anthem.com/nv/provider/state-federal/resources/precertification-requirements,https://www.anthem.com/sitemap.xml > https://www.anthem.com/nv/provider/state-federal/resources/precertification-requirements > https://fm.formularynavigator.com/FBO/4/Nevada_PDL_English.pdf,pdf,,2025-11-01,,200,7d602cb7698fa29c509a720f314f1063193b6d373b33984877433c97b987cf76,643525,N,static,sitemap|css_selector|url_pattern,0.95,2026-10-06T17:58:10Z,
Elevance / Anthem,,Pennsylvania,Unknown,Select Drug List Drug list — Four Tier Drug Plan,drug_list,https://fm.formularynavigator.com/FBO/143/2027_Select_4_Tier_NV_IND.pdf,https://www.anthem.com/nv/pharmacy-information/drug-list-formulary,https://www.anthem.com/sitemap.xml > https://www.anthem.com/nv/pharmacy-information/drug-list-formulary > https://fm.formularynavigator.com/FBO/143/2027_Select_4_Tier_NV_IND.pdf,pdf,,,,200,0df03795c89106c0c9d0be15cb78a97c3c333828fba3387e20434ddd6f157c5f,811858,N,static,sitemap|css_selector|url_pattern,0.9,2026-10-06T17:58:11Z,
Elevance / Anthem,,Alabama,Unknown,Lista de medicamentos seleccionados Lista de medicamentos — Plan de medicamentos de cuatro niveles,other,https://fm.formularynavigator.com/FBO/143/2027_Select_4_Tier_NV_IND_SP.pdf,https://www.anthem.com/nv/pharmacy-information/drug-list-formulary,https://www.anthem.com/sitemap.xml > https://www.anthem.com/nv/pharmacy-information/drug-list-formulary > https://fm.formularynavigator.com/FBO/143/2027_Select_4_Tier_NV_IND_SP.pdf,pdf,,,,200,a148398d1f645fcc66fa96abc204171c4c11eb45d380b291a52021b0699a6685,874861,N,static,sitemap|css_selector|url_pattern,0.8,2026-10-06T17:58:11Z,
Elevance / Anthem,,Alabama,Unknown,Lista de medicamentos seleccionados Lista de medicamentos — Plan de medicamentos de cuatro niveles,other,https://fm.formularynavigator.com/FBO/143/2026_Select_4_Tier_NV_IND_SP.pdf,https://www.anthem.com/nv/pharmacy-information/drug-list-formulary,https://www.anthem.com/sitemap.xml > https://www.anthem.com/nv/pharmacy-information/drug-list-formulary > https://fm.formularynavigator.com/FBO/143/2026_Select_4_Tier_NV_IND_SP.pdf,pdf,,,,200,f548210d5eac3018495185448e45393a42f52803c1a519a33ebdbc9a0862601a,870034,N,static,sitemap|css_selector|url_pattern,0.8,2026-10-06T17:58:11Z,
Elevance / Anthem,,Pennsylvania,Unknown,Select Drug List Drug list — Four Tier Drug Plan,drug_list,https://fm.formularynavigator.com/FBO/143/2025_Select_4_Tier_NV_IND.pdf,https://www.anthem.com/nv/pharmacy-information/drug-list-formulary,https://www.anthem.com/sitemap.xml > https://www.anthem.com/nv/pharmacy-information/drug-list-formulary > https://fm.formularynavigator.com/FBO/143/2025_Select_4_Tier_NV_IND.pdf,pdf,,,,200,d494dfaa632b9aa4f4faafd194f962da75ad5db4c89b5d97c949521b54434cfc,919738,N,static,sitemap|css_selector|url_pattern,0.9,2026-10-06T17:58:11Z,
Elevance / Anthem,,Pennsylvania,Unknown,Select Drug List Drug list — Four Tier Drug Plan,drug_list,https://fm.formularynavigator.com/FBO/143/2026_Select_4_Tier_NV_SG.pdf,https://www.anthem.com/nv/pharmacy-information/drug-list-formulary,https://www.anthem.com/sitemap.xml > https://www.anthem.com/nv/pharmacy-information/drug-list-formulary > https://fm.formularynavigator.com/FBO/143/2026_Select_4_Tier_NV_SG.pdf,pdf,,,,200,31ad85fd2469e8f9a2ba18e9cc552d69b8117fcd4bf90bd18f089ecda90682f4,884002,N,static,sitemap|css_selector|url_pattern,0.9,2026-10-06T17:58:11Z,
Elevance / Anthem,,Alabama,Unknown,Lista de medicamentos seleccionados Lista de medicamentos — Plan de medicamentos de cuatro niveles,other,https://fm.formularynavigator.com/FBO/143/2025_Select_4_Tier_NV_IND_SP.pdf,https://www.anthem.com/nv/pharmacy-information/drug-list-formulary,https://www.anthem.com/sitemap.xml > https://www.anthem.com/nv/pharmacy-information/drug-list-formulary > https://fm.formularynavigator.com/FBO/143/2025_Select_4_Tier_NV_IND_SP.pdf,pdf,,,,200,924706e0069d1ef6a15c1a8f1b51b80a3306c8dddd00ef080995f79b9577a403,885510,N,static,sitemap|css_selector|url_pattern,0.8,2026-10-06T17:58:11Z,
Elevance / Anthem,,Pennsylvania,Unknown,Select Drug List Drug list — Four Tier Drug Plan,drug_list,https://fm.formularynavigator.com/FBO/143/2026_Select_4_Tier_NV_IND.pdf,https://www.anthem.com/nv/pharmacy-information/drug-list-formulary,https://www.anthem.com/sitemap.xml > https://www.anthem.com/nv/pharmacy-information/drug-list-formulary > https://fm.formularynavigator.com/FBO/143/2026_Select_4_Tier_NV_IND.pdf,pdf,,,,200,7715a5e408a2ee484e073f971aff4af87686882a2a784b72e000d5388145fae1,780470,N,static,sitemap|css_selector|url_pattern,0.9,2026-10-06T17:58:11Z,
Elevance / Anthem,,Colorado,Unknown,"A Change to Some Diabetes Drugs For Nevada, notification is required for Individual and Family plan members when diabetes drugs",drug_list,https://www.anthem.com/content/dam/digital/docs/pharmacy-information/NV_Diabetes_Mandate_2027_Notification.pdf,https://www.anthem.com/nv/pharmacy-information/drug-list-formulary,https://www.anthem.com/sitemap.xml > https://www.anthem.com/nv/pharmacy-information/drug-list-formulary > https://www.anthem.com/content/dam/digital/docs/pharmacy-information/NV_Diabetes_Mandate_2027_Notification.pdf,pdf,,,2026-10-01,200,23586832bf090d482fb2c861f2caf0659c17a0b5e01c0e4845c38225ab8f05ff,80770,N,static,sitemap|css_selector|url_pattern,0.95,2026-10-06T17:58:11Z,
Elevance / Anthem,,Alabama,Unknown,Lista de medicamentos Seleccionados Lista de medicamentos — Plan de medicamentos de cuatro niveles,other,https://fm.formularynavigator.com/FBO/143/2025_Select_4_Tier_NV_SG_SP.pdf,https://www.anthem.com/nv/pharmacy-information/drug-list-formulary,https://www.anthem.com/sitemap.xml > https://www.anthem.com/nv/pharmacy-information/drug-list-formulary > https://fm.formularynavigator.com/FBO/143/2025_Select_4_Tier_NV_SG_SP.pdf,pdf,,,,200,9666ee1bcfebccf64af4c7d29b74f211c1644685eac72d24cf18819a3bd60140,885438,N,static,sitemap|css_selector|url_pattern,0.8,2026-10-06T17:58:11Z,
Elevance / Anthem,,Colorado,Unknown,"A Change to Some Diabetes Drugs For Nevada, Individual and Family plan members taking any of the following drugs for Diabetes,",drug_list,https://www.anthem.com/content/dam/digital/docs/pharmacy-information/nv-diabetes-mandate.pdf,https://www.anthem.com/nv/pharmacy-information/drug-list-formulary,https://www.anthem.com/sitemap.xml > https://www.anthem.com/nv/pharmacy-information/drug-list-formulary > https://www.anthem.com/content/dam/digital/docs/pharmacy-information/nv-diabetes-mandate.pdf,pdf,,,2025-11-06,200,d9332bd01393c512adc70378f431df1d145245948f78d23d820eef11938f1106,83206,N,static,sitemap|css_selector|url_pattern,0.95,2026-10-06T17:58:11Z,
Elevance / Anthem,,Alabama,Unknown,Lista de medicamentos Seleccionados Lista de medicamentos — Plan de medicamentos de cuatro niveles,other,https://fm.formularynavigator.com/FBO/143/2026_Select_4_Tier_NV_SG_SP_.pdf,https://www.anthem.com/nv/pharmacy-information/drug-list-formulary,https://www.anthem.com/sitemap.xml > https://www.anthem.com/nv/pharmacy-information/drug-list-formulary > https://fm.formularynavigator.com/FBO/143/2026_Select_4_Tier_NV_SG_SP_.pdf,pdf,,,,200,09016d8bf38bfff90cc105505bca8835ca0ea468ea5293dfb7edaad8d5060b9e,869883,N,static,sitemap|css_selector|url_pattern,0.8,2026-10-06T17:58:11Z,
Elevance / Anthem,,Ohio,Medicaid,"Carelon Medical Benefits Management, Inc. is an independent company providing utilization management services on behalf of the health plan. Anthem Blue Cross and Blue Shield Medicaid and Anthem Blue Cross and Blue Shield are trade names of Community Insurance Company. Independent licensees of the",pa_list,https://www.anthem.com/content/dam/digital/docs/provider/government/ohio/prior-authorization/OH_CAID_ServicesRequiringPriorAuthorization.pdf,https://www.anthem.com/oh/provider/state-federal/resources/prior-authorization-requirements,https://www.anthem.com/sitemap.xml > https://www.anthem.com/oh/provider/state-federal/resources/prior-authorization-requirements > https://www.anthem.com/content/dam/digital/docs/provider/government/ohio/prior-authorization/OH_CAID_ServicesRequiringPriorAuthorization.pdf,pdf,,,2026-02-17,200,37cd2d47c3158b35b18a254a14b7ad266ddd9a18ff9e01be29d3d237f46e0a95,149577,N,static,sitemap|css_selector|url_pattern,0.95,2026-10-06T17:58:11Z,
Elevance / Anthem,,Ohio,Medicaid,Ohio Medicaid Authorization Form - Community Behavioral Health,pa_list,https://www.anthem.com/content/dam/digital/docs/provider/government/ohio/prior-authorization/OH_CAID_UniformPArequest.pdf,https://www.anthem.com/oh/provider/state-federal/resources/prior-authorization-requirements,https://www.anthem.com/sitemap.xml > https://www.anthem.com/oh/provider/state-federal/resources/prior-authorization-requirements > https://www.anthem.com/content/dam/digital/docs/provider/government/ohio/prior-authorization/OH_CAID_UniformPArequest.pdf,pdf,,,2025-08-06,200,db3fa416fca31d98b02cdda8950d68d30017b2f24573ae3d59d979c64df8b28b,147822,N,static,sitemap|css_selector|url_pattern,0.95,2026-10-06T17:58:11Z,
Elevance / Anthem,,Ohio,Unknown,OHBCBS-CD-017781-23-SRS17781 January 2023 OHIO URINE DRUG TESTING PRIOR AUTHORIZATION (PA) REQUEST FORM,pa_list,https://www.anthem.com/content/dam/digital/docs/provider/government/ohio/prior-authorization/OH_CAID_UrineDrugTestPArequest.pdf,https://www.anthem.com/oh/provider/state-federal/resources/prior-authorization-requirements,https://www.anthem.com/sitemap.xml > https://www.anthem.com/oh/provider/state-federal/resources/prior-authorization-requirements > https://www.anthem.com/content/dam/digital/docs/provider/government/ohio/prior-authorization/OH_CAID_UrineDrugTestPArequest.pdf,pdf,,,2025-08-06,200,fb6c0220231645dcaf8340fe794beae1c27a2bfeb46ba8d6ca1870e4bb299bfa,195015,N,static,sitemap|css_selector|url_pattern,0.95,2026-10-06T17:58:12Z,
Elevance / Anthem,,Ohio,Medicaid,"Anthem Blue Cross and Blue Shield Medicaid and Anthem Blue Cross and Blue Shield are trade names of Community Insurance Company. Independent licensees of the Blue Cross Blue Shield Association. Anthem is a registered trademark of Anthem Insurance Companies, Inc.",pa_list,https://www.anthem.com/content/dam/digital/docs/provider/government/ohio/prior-authorization/OH_CAID_BHPASbmsnChcklst.pdf,https://www.anthem.com/oh/provider/state-federal/resources/prior-authorization-requirements,https://www.anthem.com/sitemap.xml > https://www.anthem.com/oh/provider/state-federal/resources/prior-authorization-requirements > https://www.anthem.com/content/dam/digital/docs/provider/government/ohio/prior-authorization/OH_CAID_BHPASbmsnChcklst.pdf,pdf,,,2026-09-03,200,9df0f155b8c07686689e4425678f00e68809f2d506116e1ddb9e8e1392a753c0,167810,N,static,sitemap|css_selector|url_pattern,0.95,2026-10-06T17:58:12Z,
Elevance / Anthem,,Ohio,Medicaid,Revised 1/2023 Ohio Medicaid Managed Care/MyCare Ohio,other,https://dam.assets.ohio.gov/image/upload/medicaid.ohio.gov/Providers/ManagedCare/PolicyGuidance/2021_12%20NF%20Request%20Form_Revised.pdf,https://www.anthem.com/oh/provider/state-federal/resources/prior-authorization-requirements,https://www.anthem.com/sitemap.xml > https://www.anthem.com/oh/provider/state-federal/resources/prior-authorization-requirements > https://dam.assets.ohio.gov/image/upload/medicaid.ohio.gov/Providers/ManagedCare/PolicyGuidance/2021_12%20NF%20Request%20Form_Revised.pdf,pdf,,,2024-03-26,200,40b87ab0c0636f4bd0fc243672008e02bad5c730de0a5e7eb7a2e917d415e52d,282076,N,static,sitemap|css_selector|url_pattern,0.85,2026-10-06T17:58:12Z,
Elevance / Anthem,,Colorado,Medicaid,ODM 10276 (Rev. 9/2021) Page 1 of 9,pa_list,https://www.anthem.com/content/dam/digital/docs/provider/government/ohio/prior-authorization/OH_CAID_SUDServicesPARequest.pdf,https://www.anthem.com/oh/provider/state-federal/resources/prior-authorization-requirements,https://www.anthem.com/sitemap.xml > https://www.anthem.com/oh/provider/state-federal/resources/prior-authorization-requirements > https://www.anthem.com/content/dam/digital/docs/provider/government/ohio/prior-authorization/OH_CAID_SUDServicesPARequest.pdf,pdf,,,2025-08-06,200,6274b66eb03aad4457806e0794e0c43a0bb5d463096a8e63c32eb1c924a215d2,1510051,N,static,sitemap|css_selector|url_pattern,0.95,2026-10-06T17:58:12Z,
Elevance / Anthem,,Ohio,Medicaid,"Anthem Blue Cross and Blue Shield Medicaid is the trade name of Community Insurance Company. Independent licensee(s) of the Blue Cross Blue Shield Association. Anthem is a registered trademark of Anthem Insurance Companies, Inc.",pa_list,https://www.anthem.com/content/dam/digital/docs/provider/government/ohio/prior-authorization/OH_CAID_FloorToSNFProviderProcess.pdf,https://www.anthem.com/oh/provider/state-federal/resources/prior-authorization-requirements,https://www.anthem.com/sitemap.xml > https://www.anthem.com/oh/provider/state-federal/resources/prior-authorization-requirements > https://www.anthem.com/content/dam/digital/docs/provider/government/ohio/prior-authorization/OH_CAID_FloorToSNFProviderProcess.pdf,pdf,,,2025-08-06,200,f19dab7fb496b2d6ab605e99aaaf8ac3c4724683f5e0891f8d47d73e4c54998c,87809,N,static,sitemap|css_selector|url_pattern,0.95,2026-10-06T17:58:12Z,
Elevance / Anthem,,Ohio,Medicaid,"Anthem Blue Cross and Blue Shield Medicaid and Anthem Blue Cross and Blue Shield are trade names of Community Insurance Company. Independent licensees of the Blue Cross Blue Shield Association. Anthem is a registered trademark of Anthem Insurance Companies, Inc.",pa_list,https://www.anthem.com/content/dam/digital/docs/provider/government/ohio/prior-authorization/OH_CAID_BHPA_SUDServices.pdf,https://www.anthem.com/oh/provider/state-federal/resources/prior-authorization-requirements,https://www.anthem.com/sitemap.xml > https://www.anthem.com/oh/provider/state-federal/resources/prior-authorization-requirements > https://www.anthem.com/content/dam/digital/docs/provider/government/ohio/prior-authorization/OH_CAID_BHPA_SUDServices.pdf,pdf,,2026-10-01,2026-06-22,200,4af23c6fd3d40e19768ef3ff3921b18e14e06c94b08a728252df9943c1d23f89,178973,N,static,sitemap|css_selector|url_pattern,1.0,2026-10-06T17:58:12Z,
Elevance / Anthem,,Colorado,Unknown,PreventiveRx Plus Drug List PreventiveRx Plus Plan (NV Select),drug_list,https://file.anthem.com/04680NVMENABS-1.1.pdf,https://www.anthem.com/nv/pharmacy-information/drug-list-formulary,https://www.anthem.com/sitemap.xml > https://www.anthem.com/nv/pharmacy-information/drug-list-formulary > https://file.anthem.com/04680NVMENABS-1.1.pdf,pdf,,,2026-05-03,200,6442d206f4cbd39d668456e1cf6b665bfaa99d05eab25a23922b26d81cd437bc,427753,N,static,sitemap|css_selector|url_pattern,0.95,2026-10-06T17:58:12Z,
Elevance / Anthem,,Pennsylvania,Unknown,Select Drug List Drug list — Four Tier Drug Plan,drug_list,https://fm.formularynavigator.com/FBO/143/2027_Select_4_Tier_NV_SG.pdf,https://www.anthem.com/nv/pharmacy-information/drug-list-formulary,https://www.anthem.com/sitemap.xml > https://www.anthem.com/nv/pharmacy-information/drug-list-formulary > https://fm.formularynavigator.com/FBO/143/2027_Select_4_Tier_NV_SG.pdf,pdf,,,,200,d239634e4a9ed5c5ff4e244d25e56537fe74cc5dcde30f498b7d8c1e7c0252fc,859238,N,static,sitemap|css_selector|url_pattern,0.9,2026-10-06T17:58:12Z,
Elevance / Anthem,,Alabama,Unknown,Lista de medicamentos Seleccionados Lista de medicamentos — Plan de medicamentos de cuatro niveles,other,https://fm.formularynavigator.com/FBO/143/2027_Select_4_Tier_NV_SG_SP_.pdf,https://www.anthem.com/nv/pharmacy-information/drug-list-formulary,https://www.anthem.com/sitemap.xml > https://www.anthem.com/nv/pharmacy-information/drug-list-formulary > https://fm.formularynavigator.com/FBO/143/2027_Select_4_Tier_NV_SG_SP_.pdf,pdf,,,,200,9a11fe14fe8636d095969fe4cc8c31ff3b415433404747ff91f62dd4c2745261,874420,N,static,sitemap|css_selector|url_pattern,0.8,2026-10-06T17:58:13Z,
Elevance / Anthem,,Alabama,Unknown,PreventiveRx Plus Lista de medicamentos Plan PreventiveRx Plan (NV Select),other,https://file.anthem.com/04680NVMSPABS-1.1.pdf,https://www.anthem.com/nv/pharmacy-information/drug-list-formulary,https://www.anthem.com/sitemap.xml > https://www.anthem.com/nv/pharmacy-information/drug-list-formulary > http://file.anthem.com/04680NVMSPABS-1.1.pdf > https://file.anthem.com/04680NVMSPABS-1.1.pdf,pdf,,,2026-05-03,200,99b392f46b2661f6e59158c2f6abb23afde2b27b865dd7f1655f356cc2417e21,429853,N,static,sitemap|css_selector|url_pattern,0.85,2026-10-06T17:58:13Z,
Elevance / Anthem,,Pennsylvania,Unknown,Select Drug List Drug list — Four Tier Drug Plan,drug_list,https://fm.formularynavigator.com/FBO/143/2025_Select_4_Tier_NV_SG.pdf,https://www.anthem.com/nv/pharmacy-information/drug-list-formulary,https://www.anthem.com/sitemap.xml > https://www.anthem.com/nv/pharmacy-information/drug-list-formulary > https://fm.formularynavigator.com/FBO/143/2025_Select_4_Tier_NV_SG.pdf,pdf,,,,200,c72ac573484856a7a57e23226989ffdd3ff5e53f2decffd4734b1027bf8c349f,896388,N,static,sitemap|css_selector|url_pattern,0.9,2026-10-06T17:58:13Z,
Elevance / Anthem,,Pennsylvania,Unknown,Select Drug List Drug list — Four Tier Drug Plan,drug_list,https://fm.formularynavigator.com/FBO/143/2027_Select_4_Tier_OH_SG_Split_.pdf,https://www.anthem.com/oh/pharmacy-information/drug-list-formulary,https://www.anthem.com/sitemap.xml > https://www.anthem.com/oh/pharmacy-information/drug-list-formulary > https://fm.formularynavigator.com/FBO/143/2027_Select_4_Tier_OH_SG_Split_.pdf,pdf,,,,200,e9291c9770abab7da1e24230c3680fcb4931de2fcbcd13a6b3f921020d2b6af5,1107938,N,static,sitemap|css_selector|url_pattern,0.9,2026-10-06T17:58:14Z,
Elevance / Anthem,,Alabama,Unknown,Lista de medicamentos seleccionados Lista de medicamentos — Plan de medicamentos de cuatro niveles,other,https://fm.formularynavigator.com/FBO/143/2025_Select_4_Tier_OH_IND_SP.pdf,https://www.anthem.com/oh/pharmacy-information/drug-list-formulary,https://www.anthem.com/sitemap.xml > https://www.anthem.com/oh/pharmacy-information/drug-list-formulary > https://fm.formularynavigator.com/FBO/143/2025_Select_4_Tier_OH_IND_SP.pdf,pdf,,,,200,5f4b18aa72d81f0c70236cb51fe22e67f4aa74f40f6012968f019eb4f2a6af62,893134,N,static,sitemap|css_selector|url_pattern,0.8,2026-10-06T17:58:14Z,
Elevance / Anthem,,Pennsylvania,Unknown,Select Drug List Drug list — Four Tier Drug Plan,drug_list,https://fm.formularynavigator.com/FBO/143/2026_Select_4_Tier_OH_IND.pdf,https://www.anthem.com/oh/pharmacy-information/drug-list-formulary,https://www.anthem.com/sitemap.xml > https://www.anthem.com/oh/pharmacy-information/drug-list-formulary > https://fm.formularynavigator.com/FBO/143/2026_Select_4_Tier_OH_IND.pdf,pdf,,,,200,1ef19f427c105ab884fed8b717fec0fd568d9980492b3f74b4547ca8f6585855,787355,N,static,sitemap|css_selector|url_pattern,0.9,2026-10-06T17:58:15Z,
Elevance / Anthem,,Pennsylvania,Unknown,Select Drug List Drug list — Four Tier Drug Plan,drug_list,https://fm.formularynavigator.com/FBO/143/2025_Select_4_Tier_OH_IND.pdf,https://www.anthem.com/oh/pharmacy-information/drug-list-formulary,https://www.anthem.com/sitemap.xml > https://www.anthem.com/oh/pharmacy-information/drug-list-formulary > https://fm.formularynavigator.com/FBO/143/2025_Select_4_Tier_OH_IND.pdf,pdf,,,,200,6072bfd511f1f1d2936917c744a5c4630a5d87c875c1938c7440a0de868c339b,930115,N,static,sitemap|css_selector|url_pattern,0.9,2026-10-06T17:58:15Z,
Elevance / Anthem,,Pennsylvania,Unknown,Select Drug List Drug list — Four Tier Drug Plan,drug_list,https://fm.formularynavigator.com/FBO/143/2027_Select_4_Tier_OH_SG.pdf,https://www.anthem.com/oh/pharmacy-information/drug-list-formulary,https://www.anthem.com/sitemap.xml > https://www.anthem.com/oh/pharmacy-information/drug-list-formulary > https://fm.formularynavigator.com/FBO/143/2027_Select_4_Tier_OH_SG.pdf,pdf,,,,200,cde34c9d214147bdef308405ac005cbf8c4f3e7f4afec2097da2ee64a0b71356,1101881,N,static,sitemap|css_selector|url_pattern,0.9,2026-10-06T17:58:16Z,
Elevance / Anthem,,Pennsylvania,Unknown,Select Drug List Drug list — Four Tier Drug Plan,drug_list,https://fm.formularynavigator.com/FBO/143/2027_Select_4_Tier_OH_IND.pdf,https://www.anthem.com/oh/pharmacy-information/drug-list-formulary,https://www.anthem.com/sitemap.xml > https://www.anthem.com/oh/pharmacy-information/drug-list-formulary > https://fm.formularynavigator.com/FBO/143/2027_Select_4_Tier_OH_IND.pdf,pdf,,,,200,964a25df46091aba88c1b798cc0d324de5ec65fd420d2da5878c663b6823302c,1091089,N,static,sitemap|css_selector|url_pattern,0.9,2026-10-06T17:58:16Z,
Elevance / Anthem,,Alabama,Unknown,Lista de medicamentos seleccionados Lista de medicamentos — Plan de medicamentos de cuatro niveles,other,https://fm.formularynavigator.com/FBO/143/2027_Select_4_Tier_OH_SG_Split_SP.pdf,https://www.anthem.com/oh/pharmacy-information/drug-list-formulary,https://www.anthem.com/sitemap.xml > https://www.anthem.com/oh/pharmacy-information/drug-list-formulary > https://fm.formularynavigator.com/FBO/143/2027_Select_4_Tier_OH_SG_Split_SP.pdf,pdf,,,,200,d203769ed66b1d720f365ac347478c288426534a86ba6417c2e12c31b70ca3a3,1186075,N,static,sitemap|css_selector|url_pattern,0.8,2026-10-06T17:58:16Z,
Elevance / Anthem,,Alabama,Unknown,Lista de medicamentos Seleccionados Lista de medicamentos — Plan de medicamentos de cuatro niveles,other,https://fm.formularynavigator.com/FBO/143/2026_Select_4_Tier_OH_SG_SP.pdf,https://www.anthem.com/oh/pharmacy-information/drug-list-formulary,https://www.anthem.com/sitemap.xml > https://www.anthem.com/oh/pharmacy-information/drug-list-formulary > https://fm.formularynavigator.com/FBO/143/2026_Select_4_Tier_OH_SG_SP.pdf,pdf,,,,200,ab79fa23c168fed7203478af0a17a0bc9f6c8db24d90eed8412d65a1a224d944,876885,N,static,sitemap|css_selector|url_pattern,0.8,2026-10-06T17:58:16Z,
Elevance / Anthem,,Alabama,Unknown,Lista de medicamentos Seleccionados Lista de medicamentos — Plan de medicamentos de cuatro niveles,other,https://fm.formularynavigator.com/FBO/143/2027_Select_4_Tier_OH_SG_SP.pdf,https://www.anthem.com/oh/pharmacy-information/drug-list-formulary,https://www.anthem.com/sitemap.xml > https://www.anthem.com/oh/pharmacy-information/drug-list-formulary > https://fm.formularynavigator.com/FBO/143/2027_Select_4_Tier_OH_SG_SP.pdf,pdf,,,,200,88a213e1af19d53e809db2cbedc9f653ef8677e11012876574dbf4178617bbba,1180412,N,static,sitemap|css_selector|url_pattern,0.8,2026-10-06T17:58:16Z,
Elevance / Anthem,,Pennsylvania,Unknown,Select Drug List Drug list — Four Tier Drug Plan,drug_list,https://fm.formularynavigator.com/FBO/143/2025_Select_4_Tier_OH_SG.pdf,https://www.anthem.com/oh/pharmacy-information/drug-list-formulary,https://www.anthem.com/sitemap.xml > https://www.anthem.com/oh/pharmacy-information/drug-list-formulary > https://fm.formularynavigator.com/FBO/143/2025_Select_4_Tier_OH_SG.pdf,pdf,,,,200,2e9bc36faf709e0d3af30767d1bfbe6c5a11c37525364fb3c613c0537af4e1ec,901568,N,static,sitemap|css_selector|url_pattern,0.9,2026-10-06T17:58:16Z,
Elevance / Anthem,,Pennsylvania,Unknown,Select Drug List Drug list — Four Tier Drug Plan,drug_list,https://fm.formularynavigator.com/FBO/143/2026_Select_4_Tier_OH_SG_Split_.pdf,https://www.anthem.com/oh/pharmacy-information/drug-list-formulary,https://www.anthem.com/sitemap.xml > https://www.anthem.com/oh/pharmacy-information/drug-list-formulary > https://fm.formularynavigator.com/FBO/143/2026_Select_4_Tier_OH_SG_Split_.pdf,pdf,,,,200,1b1a6c1109e37d04e0b32bd499504ade680776b1bc4c3ee72b8f261f290295b4,909582,N,static,sitemap|css_selector|url_pattern,0.9,2026-10-06T17:58:16Z,
Elevance / Anthem,,Alabama,Unknown,Lista de medicamentos seleccionados Lista de medicamentos — Plan de medicamentos de cuatro niveles,other,https://fm.formularynavigator.com/FBO/143/2026_Select_4_Tier_OH_IND_SP.pdf,https://www.anthem.com/oh/pharmacy-information/drug-list-formulary,https://www.anthem.com/sitemap.xml > https://www.anthem.com/oh/pharmacy-information/drug-list-formulary > https://fm.formularynavigator.com/FBO/143/2026_Select_4_Tier_OH_IND_SP.pdf,pdf,,,,200,f0813c67b23ec7d56667aca04236e880d264ebf677ce4b96c666be678413f0cb,877047,N,static,sitemap|css_selector|url_pattern,0.8,2026-10-06T17:58:17Z,
Elevance / Anthem,,Ohio,Medicaid,Anthem Blue Cross and Blue Shield MyCare follows Federal civil rights laws. We don’t discriminate against people because of their:,other,https://www.anthem.com/content/dam/digital/docs/medicaid/oh/mycare/mcoh_non_discrimination_eng_caid.pdf,https://www.anthem.com/oh/mycare/referrals-preapprovals-prior-authorizations,https://www.anthem.com/sitemap.xml > https://www.anthem.com/oh/mycare/referrals-preapprovals-prior-authorizations > https://www.anthem.com/content/dam/digital/docs/medicaid/oh/mycare/mcoh_non_discrimination_eng_caid.pdf,pdf,,,2025-09-26,200,0e8be09ca59024d4867bcbda35441f3cade8322f472a1e9a42af00e7f2f76e68,182831,N,static,sitemap|css_selector|url_pattern,0.85,2026-10-06T17:58:17Z,
Elevance / Anthem,,Alabama,Medicaid,anthem.com/oh/mycare Anthem Blue Cross and Blue Shield es el nombre comercial de Community Insurance,other,https://www.anthem.com/content/dam/digital/docs/medicaid/oh/mycare/mcoh_non_discrimination_sp_caid.pdf,https://www.anthem.com/oh/mycare/referrals-preapprovals-prior-authorizations,https://www.anthem.com/sitemap.xml > https://www.anthem.com/oh/mycare/referrals-preapprovals-prior-authorizations > https://www.anthem.com/content/dam/digital/docs/medicaid/oh/mycare/mcoh_non_discrimination_sp_caid.pdf,pdf,,,2025-09-26,200,4321ed7a99fd970e4da03370fcc69d2e34445547675733e657381b5ae110bc6f,181323,N,static,sitemap|css_selector|url_pattern,0.85,2026-10-06T17:58:17Z,
Elevance / Anthem,,Alabama,Unknown,Multi-language Interpreter Services 1082800OHMMLABS 05/25,other,https://www.anthem.com/content/dam/digital/docs/medicaid/oh/mycare/mcoh_alt_lang_caid.pdf,https://www.anthem.com/oh/mycare/referrals-preapprovals-prior-authorizations,https://www.anthem.com/sitemap.xml > https://www.anthem.com/oh/mycare/referrals-preapprovals-prior-authorizations > https://www.anthem.com/content/dam/digital/docs/medicaid/oh/mycare/mcoh_alt_lang_caid.pdf,pdf,,,2025-09-26,200,2b308e38ce7ebe0e0cdd5f772406db55090340d65edf727ad5b5f6ea45a46fa8,264212,N,static,sitemap|css_selector|url_pattern,0.85,2026-10-06T17:58:17Z,
Elevance / Anthem,,Alabama,Unknown,Lista de medicamentos seleccionados Lista de medicamentos — Plan de medicamentos de cuatro niveles,other,https://fm.formularynavigator.com/FBO/143/2027_Select_4_Tier_OH_IND_SP.pdf,https://www.anthem.com/oh/pharmacy-information/drug-list-formulary,https://www.anthem.com/sitemap.xml > https://www.anthem.com/oh/pharmacy-information/drug-list-formulary > https://fm.formularynavigator.com/FBO/143/2027_Select_4_Tier_OH_IND_SP.pdf,pdf,,,,200,004d32c8b1dec9638a3cf83874f2ed5c0b130c0ad4892e5125d2056cca62365e,1180619,N,static,sitemap|css_selector|url_pattern,0.8,2026-10-06T17:58:17Z,
Elevance / Anthem,,Ohio,Medicaid,"SERVICES REQUIRING PRIOR AUTHORIZATION Ohio MyCare Plan – effective January 1, 2026",pa_list,https://www.anthem.com/content/dam/digital/docs/medicaid/oh/mycare/mcoh_pre_auth_list_eng.pdf,https://www.anthem.com/oh/mycare/referrals-preapprovals-prior-authorizations,https://www.anthem.com/sitemap.xml > https://www.anthem.com/oh/mycare/referrals-preapprovals-prior-authorizations > https://www.anthem.com/content/dam/digital/docs/medicaid/oh/mycare/mcoh_pre_auth_list_eng.pdf,pdf,,2026-01-01,2025-09-26,200,9b9ef0416ca8f0a07ab35b604a81560c6675ffeb2026bb765930aa566cc39bc8,189712,N,static,sitemap|css_selector|url_pattern,1.0,2026-10-06T17:58:17Z,
Elevance / Anthem,,Pennsylvania,Unknown,Select Drug List Drug list — Four Tier Drug Plan,drug_list,https://fm.formularynavigator.com/FBO/143/2026_Select_4_Tier_OH_SG.pdf,https://www.anthem.com/oh/pharmacy-information/drug-list-formulary,https://www.anthem.com/sitemap.xml > https://www.anthem.com/oh/pharmacy-information/drug-list-formulary > https://fm.formularynavigator.com/FBO/143/2026_Select_4_Tier_OH_SG.pdf,pdf,,,,200,aa2b6af2a3de7064f150fa877f1efaea6e2be29d7648dd89fddba33a7d3c2e83,890859,N,static,sitemap|css_selector|url_pattern,0.9,2026-10-06T17:58:17Z,
Elevance / Anthem,,Alabama,Medicaid,Ficha de puntuación: del 1/1/2025 al 12/31/2025. Línea de negocios (LOB): Medicaid & Medicaid - CHIP. Nombre del plan: todos.,other,https://www.anthem.com/content/dam/digital/docs/anthem/medicaid/va/va_medicaid_chip_priorauthsmetrics_sp.pdf,https://www.anthem.com/va/medicaid/referrals-preapprovals-prior-authorizations,https://www.anthem.com/sitemap.xml > https://www.anthem.com/va/medicaid/referrals-preapprovals-prior-authorizations > https://www.anthem.com/content/dam/digital/docs/anthem/medicaid/va/va_medicaid_chip_priorauthsmetrics_sp.pdf,pdf,,,2026-03-24,200,f17e7fe340276b72a70c607834ef4bc710863631f6fe1a6c52f053c72e756d06,46202,N,static,sitemap|css_selector|url_pattern,0.85,2026-10-06T17:58:17Z,
Elevance / Anthem,,Virginia,Medicaid,"Scorecard: 1/1/2025 to 12/31/2025, LOB: Medicaid & Medicaid - CHIP, Plan Name: All, Market States: VA, Issuer Name: All, Contracts: All",pa_list,https://www.anthem.com/content/dam/digital/docs/anthem/medicaid/va/va_medicaid_chip_priorauthsmetrics.pdf,https://www.anthem.com/va/medicaid/referrals-preapprovals-prior-authorizations,https://www.anthem.com/sitemap.xml > https://www.anthem.com/va/medicaid/referrals-preapprovals-prior-authorizations > https://www.anthem.com/content/dam/digital/docs/anthem/medicaid/va/va_medicaid_chip_priorauthsmetrics.pdf,pdf,,,2026-03-23,200,1bb90a0e75ed356a935ed860c970fd66fe27ed5e3fb673bf529f607dd20df4a0,44736,N,static,sitemap|css_selector|url_pattern,0.95,2026-10-06T17:58:17Z,
Elevance / Anthem,,Pennsylvania,Unknown,Select Drug List Drug list — Four Tier Drug Plan,drug_list,https://fm.formularynavigator.com/FBO/143/2025_Select_4_Tier_OH_SG_Split.pdf,https://www.anthem.com/oh/pharmacy-information/drug-list-formulary,https://www.anthem.com/sitemap.xml > https://www.anthem.com/oh/pharmacy-information/drug-list-formulary > https://fm.formularynavigator.com/FBO/143/2025_Select_4_Tier_OH_SG_Split.pdf,pdf,,,,200,730ad9de47442e6b3a56c9f0bf101a8f1681708e17068fc083e59de2987a7f6d,922302,N,static,sitemap|css_selector|url_pattern,0.9,2026-10-06T17:58:17Z,
Elevance / Anthem,,Virginia,Medicaid,List of items and service that require Prior Authorization Updated : 2/11/2026,pa_list,https://www.anthem.com/content/dam/digital/docs/anthem/medicaid/va/va_medicaid_chip_priorauthservices.pdf,https://www.anthem.com/va/medicaid/referrals-preapprovals-prior-authorizations,https://www.anthem.com/sitemap.xml > https://www.anthem.com/va/medicaid/referrals-preapprovals-prior-authorizations > https://www.anthem.com/content/dam/digital/docs/anthem/medicaid/va/va_medicaid_chip_priorauthservices.pdf,pdf,,,2026-03-05,200,7e1e593e15163bff327d1971c2c4a3c22c2c3789f508e7865ddf7379b549ee2f,1746758,N,static,sitemap|css_selector|url_pattern,0.95,2026-10-06T17:58:18Z,
Elevance / Anthem,,Alabama,Unknown,Lista de medicamentos seleccionados Lista de medicamentos — Plan de medicamentos de cuatro niveles,other,https://fm.formularynavigator.com/FBO/143/2025_Select_4_Tier_OH_SG_Split_SP.pdf,https://www.anthem.com/oh/pharmacy-information/drug-list-formulary,https://www.anthem.com/sitemap.xml > https://www.anthem.com/oh/pharmacy-information/drug-list-formulary > https://fm.formularynavigator.com/FBO/143/2025_Select_4_Tier_OH_SG_Split_SP.pdf,pdf,,,,200,2d6b05424add410d0ad4dfc627119ce51b3d08a776052260716bb2993be384e7,897229,N,static,sitemap|css_selector|url_pattern,0.8,2026-10-06T17:58:18Z,
Elevance / Anthem,,Pennsylvania,Unknown,Essential Drug List Drug list — Three Tier Drug Plan,drug_list,https://fm.formularynavigator.com/FBO/143/Essential_3_Tier_ABCBSVa.pdf,https://www.anthem.com/va/pharmacy-information/drug-list-formulary,https://www.anthem.com/sitemap.xml > https://www.anthem.com/va/pharmacy-information/drug-list-formulary > https://fm.formularynavigator.com/FBO/143/Essential_3_Tier_ABCBSVa.pdf,pdf,,,,200,0b3854e3f17ad0dc540b7afb48a0985e0bd565c74b856060012a855099dc7db5,1241303,N,static,sitemap|css_selector|url_pattern,0.9,2026-10-06T17:58:18Z,
Elevance / Anthem,,Alabama,Unknown,Lista de medicamentos Seleccionados Lista de medicamentos — Plan de medicamentos de cuatro niveles,other,https://fm.formularynavigator.com/FBO/143/2025_Select_4_Tier_OH_SG_SP.pdf,https://www.anthem.com/oh/pharmacy-information/drug-list-formulary,https://www.anthem.com/sitemap.xml > https://www.anthem.com/oh/pharmacy-information/drug-list-formulary > https://fm.formularynavigator.com/FBO/143/2025_Select_4_Tier_OH_SG_SP.pdf,pdf,,,,200,c039907c6c34a685559d49869ecb1631d5ee2cf2366f45fdb6b60aabb09c5e2a,887658,N,static,sitemap|css_selector|url_pattern,0.8,2026-10-06T17:58:18Z,
Elevance / Anthem,,Alabama,Unknown,Lista de medicamentos seleccionados Lista de medicamentos — Plan de medicamentos de cuatro niveles,other,https://fm.formularynavigator.com/FBO/143/2026_Select_4_Tier_OH_SG_Split_SP.pdf,https://www.anthem.com/oh/pharmacy-information/drug-list-formulary,https://www.anthem.com/sitemap.xml > https://www.anthem.com/oh/pharmacy-information/drug-list-formulary > https://fm.formularynavigator.com/FBO/143/2026_Select_4_Tier_OH_SG_Split_SP.pdf,pdf,,,,200,08b926b9d09dae0ad5b2b3483647a7b327a1f862fefd844454ac1be1a0807b57,884135,N,static,sitemap|css_selector|url_pattern,0.8,2026-10-06T17:58:19Z,
Elevance / Anthem,,Alabama,Unknown,Lista de Medicamentos Esenciales Lista de medicamentos — Plan de medicamentos de cuatro niveles,other,https://fm.formularynavigator.com/FBO/143/Essential_Drug_List_4_Tier_ABCBSVa_Spanish.pdf,https://www.anthem.com/va/pharmacy-information/drug-list-formulary,https://www.anthem.com/sitemap.xml > https://www.anthem.com/va/pharmacy-information/drug-list-formulary > https://fm.formularynavigator.com/FBO/143/Essential_Drug_List_4_Tier_ABCBSVa_Spanish.pdf,pdf,,,,200,68bbfc13bfdd2b3f7077eda88ba2ed8dd34640d0aef9b83ee398b5376934adbc,1111787,N,static,sitemap|css_selector|url_pattern,0.8,2026-10-06T17:58:19Z,
Elevance / Anthem,,Pennsylvania,Unknown,Essential Drug List Drug list — Four Tier Drug Plan,drug_list,https://fm.formularynavigator.com/FBO/143/Essential_4_Tier_ABCBSVa.pdf,https://www.anthem.com/va/pharmacy-information/drug-list-formulary,https://www.anthem.com/sitemap.xml > https://www.anthem.com/va/pharmacy-information/drug-list-formulary > https://fm.formularynavigator.com/FBO/143/Essential_4_Tier_ABCBSVa.pdf,pdf,,,,200,d7b09eff6808f796a8b36d7add34051c5d126aa4322344c78b861d58c01b2c27,1243534,N,static,sitemap|css_selector|url_pattern,0.9,2026-10-06T17:58:19Z,
Elevance / Anthem,,Unknown,Unknown,Essential Drug List Medication Alternatives,drug_list,https://file.anthem.com/64147VAEENBVA.1.pdf,https://www.anthem.com/va/pharmacy-information/drug-list-formulary,https://www.anthem.com/sitemap.xml > https://www.anthem.com/va/pharmacy-information/drug-list-formulary > http://file.anthem.com/64147VAEENBVA.1.pdf > https://file.anthem.com/64147VAEENBVA.1.pdf,pdf,,,2026-06-30,200,3d81a175eb29965c2194d721615a2a0581ebf97ac8f872b4c11e2fe2ad2d4393,943448,N,static,sitemap|css_selector|url_pattern,0.95,2026-10-06T17:58:19Z,
Elevance / Anthem,,Alabama,Unknown,Lista de medicamentos esenciales Medicamentos alternativos,other,https://file.anthem.com/64147VAESPBVA.1.pdf,https://www.anthem.com/va/pharmacy-information/drug-list-formulary,https://www.anthem.com/sitemap.xml > https://www.anthem.com/va/pharmacy-information/drug-list-formulary > http://file.anthem.com/64147VAESPBVA.1.pdf > https://file.anthem.com/64147VAESPBVA.1.pdf,pdf,,,2026-06-30,200,0c02744ed108cb0086dee01a93f68eac373f6782eaf58db4706a76acb15ec4e9,949528,N,static,sitemap|css_selector|url_pattern,0.85,2026-10-06T17:58:19Z,
Elevance / Anthem,,Unknown,Unknown,Essential Direct Drug List Medication Alternatives,drug_list,https://file.anthem.com/A03084VAEENBVA.pdf,https://www.anthem.com/va/pharmacy-information/drug-list-formulary,https://www.anthem.com/sitemap.xml > https://www.anthem.com/va/pharmacy-information/drug-list-formulary > http://file.anthem.com/A03084VAEENBVA.pdf > https://file.anthem.com/A03084VAEENBVA.pdf,pdf,,,2026-06-30,200,d2bebf6e18f30cedba59848a4fc70fc9eedb333800f59037b1b8019d6e60a279,944561,N,static,sitemap|css_selector|url_pattern,0.95,2026-10-06T17:58:19Z,
Elevance / Anthem,,Unknown,Unknown,o o,drug_list,https://fm.formularynavigator.com/FBO/143/VA_Essential_Direct_3_Tier_ABCBSVa.pdf,https://www.anthem.com/va/pharmacy-information/drug-list-formulary,https://www.anthem.com/sitemap.xml > https://www.anthem.com/va/pharmacy-information/drug-list-formulary > https://fm.formularynavigator.com/FBO/143/VA_Essential_Direct_3_Tier_ABCBSVa.pdf,pdf,,,,200,a11b31d1c9e233000614c75663579300719d01b827f7189bae94b3594a1d2aaa,2018762,N,static,sitemap|css_selector|url_pattern,0.9,2026-10-06T17:58:20Z,
Elevance / Anthem,,Alabama,Unknown,Lista de medicamentos directos esenciales Medicamentos alternativos,other,https://file.anthem.com/A03084VAESPBVA.pdf,https://www.anthem.com/va/pharmacy-information/drug-list-formulary,https://www.anthem.com/sitemap.xml > https://www.anthem.com/va/pharmacy-information/drug-list-formulary > http://file.anthem.com/A03084VAESPBVA.pdf > https://file.anthem.com/A03084VAESPBVA.pdf,pdf,,,2026-06-30,200,87a3e51e7b75773f1dc022e8808bd5cd278a1152041043105c5b74547ac96ecd,950398,N,static,sitemap|css_selector|url_pattern,0.85,2026-10-06T17:58:20Z,
Elevance / Anthem,,Unknown,Unknown,o o,other,https://fm.formularynavigator.com/FBO/143/VA_Essential_Direct_3_Tier_ABCBSVa_Spanish.pdf,https://www.anthem.com/va/pharmacy-information/drug-list-formulary,https://www.anthem.com/sitemap.xml > https://www.anthem.com/va/pharmacy-information/drug-list-formulary > https://fm.formularynavigator.com/FBO/143/VA_Essential_Direct_3_Tier_ABCBSVa_Spanish.pdf,pdf,,,,200,7b2a9cf4a44c2ad34faf9ed6481ac563a3eeb8ec59e322d3d010e6fb4660b928,1927175,N,static,sitemap|css_selector|url_pattern,0.8,2026-10-06T17:58:21Z,
Elevance / Anthem,,Alabama,Unknown,Lista de Medicamentos Esenciales Lista de medicamentos — Plan de medicamentos de tres niveles,other,https://fm.formularynavigator.com/FBO/143/Essential_Drug_List_3_Tier_ABCBSVa_Spanish.pdf,https://www.anthem.com/va/pharmacy-information/drug-list-formulary,https://www.anthem.com/sitemap.xml > https://www.anthem.com/va/pharmacy-information/drug-list-formulary > https://fm.formularynavigator.com/FBO/143/Essential_Drug_List_3_Tier_ABCBSVa_Spanish.pdf,pdf,,,,200,d4434f57976c33d8e9bea5f0d007dd4f8bfa491aa2fb6306f16b555e2ce6ea66,1113915,N,static,sitemap|css_selector|url_pattern,0.8,2026-10-06T17:58:21Z,
Elevance / Anthem,,Unknown,Unknown,National Drug List Medication Alternatives,drug_list,https://file.anthem.com/64774VAEENBVA.1.pdf,https://www.anthem.com/va/pharmacy-information/drug-list-formulary,https://www.anthem.com/sitemap.xml > https://www.anthem.com/va/pharmacy-information/drug-list-formulary > http://file.anthem.com/64774VAEENBVA.1.pdf > https://file.anthem.com/64774VAEENBVA.1.pdf,pdf,,,2026-06-30,200,98ec8f359b0c31cb0796320efa5cf710f4d06b525d5b880d3e8b791c0aaf7673,924925,N,static,sitemap|css_selector|url_pattern,0.95,2026-10-06T17:58:21Z,
Elevance / Anthem,,Alabama,Unknown,Lista nacional de medicamentos La Lista nacional de medicamentos es una lista de,other,https://file.anthem.com/64774VAESPBVA.1.pdf,https://www.anthem.com/va/pharmacy-information/drug-list-formulary,https://www.anthem.com/sitemap.xml > https://www.anthem.com/va/pharmacy-information/drug-list-formulary > http://file.anthem.com/64774VAESPBVA.1.pdf > https://file.anthem.com/64774VAESPBVA.1.pdf,pdf,,,2026-06-30,200,a319d16d280a6c2bc3f75de32ee6de40b887adc3b585b7206b54bdebd3479492,929576,N,static,sitemap|css_selector|url_pattern,0.85,2026-10-06T17:58:21Z,
Elevance / Anthem,,Pennsylvania,Unknown,City of Cincinnati Essential Drug List Drug list — Four Tier Drug Plan,drug_list,https://fm.formularynavigator.com/FBO/143/City_of_Cincinnati_Essential_Formulary_.pdf,https://www.anthem.com/oh/pharmacy-information/drug-list-formulary,https://www.anthem.com/sitemap.xml > https://www.anthem.com/oh/pharmacy-information/drug-list-formulary > https://fm.formularynavigator.com/FBO/143/City_of_Cincinnati_Essential_Formulary_.pdf,pdf,,,,200,189ea750b962a4d8d2c6b424bc16f1b50f8626e4b8cdd837e63d975256ccc9cf,871936,N,static,sitemap|css_selector|url_pattern,0.9,2026-10-06T17:58:22Z,
Elevance / Anthem,,Alabama,Unknown,Lista Nacional de Medicamentos Lista de medicamentos — Plan de medicamentos de tres niveles,other,https://fm.formularynavigator.com/FBO/143/National_Drug_List_3_Tier_ABCBSVa_Spanish.pdf,https://www.anthem.com/va/pharmacy-information/drug-list-formulary,https://www.anthem.com/sitemap.xml > https://www.anthem.com/va/pharmacy-information/drug-list-formulary > https://fm.formularynavigator.com/FBO/143/National_Drug_List_3_Tier_ABCBSVa_Spanish.pdf,pdf,,,,200,6973175e428f1bee7fd5c370048e69354ddd0a3dc19b43bb729b84ed375cfbe6,1417950,N,static,sitemap|css_selector|url_pattern,0.8,2026-10-06T17:58:22Z,
Elevance / Anthem,,Unknown,Unknown,o o,drug_list,https://fm.formularynavigator.com/FBO/143/Essential_Direct_4_Tier_ABCBSVa.pdf,https://www.anthem.com/va/pharmacy-information/drug-list-formulary,https://www.anthem.com/sitemap.xml > https://www.anthem.com/va/pharmacy-information/drug-list-formulary > https://fm.formularynavigator.com/FBO/143/Essential_Direct_4_Tier_ABCBSVa.pdf,pdf,,,,200,9a8633a9dff05efccc3e00e454b189de4fd0d7f5edbc1bc3e1965652b6cd6125,2015636,N,static,sitemap|css_selector|url_pattern,0.9,2026-10-06T17:58:22Z,
Elevance / Anthem,,Pennsylvania,Unknown,National Drug List Drug list — Four Tier Drug Plan,drug_list,https://fm.formularynavigator.com/FBO/143/National_4_Tier_ABCBSVa.pdf,https://www.anthem.com/va/pharmacy-information/drug-list-formulary,https://www.anthem.com/sitemap.xml > https://www.anthem.com/va/pharmacy-information/drug-list-formulary > https://fm.formularynavigator.com/FBO/143/National_4_Tier_ABCBSVa.pdf,pdf,,,,200,07a9495671352d57f9c5b34565c31617402e5f64aaa89cd5d12ae3fa2a9ba308,1451010,N,static,sitemap|css_selector|url_pattern,0.9,2026-10-06T17:58:22Z,
Elevance / Anthem,,Unknown,Unknown,o o,other,https://fm.formularynavigator.com/FBO/143/Essential_Direct_4_Tier_ABCBSVa_Spanish.pdf,https://www.anthem.com/va/pharmacy-information/drug-list-formulary,https://www.anthem.com/sitemap.xml > https://www.anthem.com/va/pharmacy-information/drug-list-formulary > https://fm.formularynavigator.com/FBO/143/Essential_Direct_4_Tier_ABCBSVa_Spanish.pdf,pdf,,,,200,51823393dc752881e51b35f1b2d14f2ee0faa10b74a025e3dfd1ec77fd9c5cfc,1965283,N,static,sitemap|css_selector|url_pattern,0.8,2026-10-06T17:58:23Z,
Elevance / Anthem,,Alabama,Unknown,Lista Nacional de Medicamentos Lista de medicamentos — Five Tier Drug Plan,other,https://fm.formularynavigator.com/FBO/143/National_Drug_List_5_Tier_ABCBSVa_Spanish.pdf,https://www.anthem.com/va/pharmacy-information/drug-list-formulary,https://www.anthem.com/sitemap.xml > https://www.anthem.com/va/pharmacy-information/drug-list-formulary > https://fm.formularynavigator.com/FBO/143/National_Drug_List_5_Tier_ABCBSVa_Spanish.pdf,pdf,,,,200,d7fa4f3b8c0fd65901b7bd8e8dccf28f4261e93330bb6747a5dedff92c1d9e07,1458796,N,static,sitemap|css_selector|url_pattern,0.8,2026-10-06T17:58:23Z,
Elevance / Anthem,,Pennsylvania,Unknown,National Direct Drug List Drug list — Three Tier Drug Plan,drug_list,https://fm.formularynavigator.com/FBO/143/National_Direct_3_Tier_ABCBSVa.pdf,https://www.anthem.com/va/pharmacy-information/drug-list-formulary,https://www.anthem.com/sitemap.xml > https://www.anthem.com/va/pharmacy-information/drug-list-formulary > https://fm.formularynavigator.com/FBO/143/National_Direct_3_Tier_ABCBSVa.pdf,pdf,,,,200,9a0c04ec5153c293d7e026cf6013d112644f1c82f919b6c3a006c385461cd597,1338069,N,static,sitemap|css_selector|url_pattern,0.9,2026-10-06T17:58:23Z,
Elevance / Anthem,,Alabama,Unknown,Lista Nacional Directa de Medicamentos Lista de medicamentos — Plan de medicamentos de tres niveles,other,https://fm.formularynavigator.com/FBO/143/National_Direct_3_Tier_ABCBSVa_Spanish.pdf,https://www.anthem.com/va/pharmacy-information/drug-list-formulary,https://www.anthem.com/sitemap.xml > https://www.anthem.com/va/pharmacy-information/drug-list-formulary > https://fm.formularynavigator.com/FBO/143/National_Direct_3_Tier_ABCBSVa_Spanish.pdf,pdf,,,,200,08405c2ffb6e563e76a6091c49919540f079a19493ee7ec9f935383e00dc5b8f,1096808,N,static,sitemap|css_selector|url_pattern,0.8,2026-10-06T17:58:23Z,
Elevance / Anthem,,Alabama,Unknown,Lista Nacional Directa de Medicamentos Lista de medicamentos — Plan de medicamentos de cuatro niveles,other,https://fm.formularynavigator.com/FBO/143/National_Direct_4_Tier_ABCBSVa_Spanish.pdf,https://www.anthem.com/va/pharmacy-information/drug-list-formulary,https://www.anthem.com/sitemap.xml > https://www.anthem.com/va/pharmacy-information/drug-list-formulary > https://fm.formularynavigator.com/FBO/143/National_Direct_4_Tier_ABCBSVa_Spanish.pdf,pdf,,,,200,1ba5c303e73677f3ac75e977d5de811ef7893d2bd6406110d61c2904a28cb705,1107970,N,static,sitemap|css_selector|url_pattern,0.8,2026-10-06T17:58:24Z,
Elevance / Anthem,,Alabama,Unknown,Lista Nacional de Medicamentos Directos Medicamentos alternativos,other,https://file.anthem.com/A00438VAESPBVA.1.pdf,https://www.anthem.com/va/pharmacy-information/drug-list-formulary,https://www.anthem.com/sitemap.xml > https://www.anthem.com/va/pharmacy-information/drug-list-formulary > http://file.anthem.com/A00438VAESPBVA.1.pdf > https://file.anthem.com/A00438VAESPBVA.1.pdf,pdf,,,2026-06-30,200,dfe6a82e8ce01a5a2303fef8134621dd90a30f9fb0cde780b5735210f1d05af8,960662,N,static,sitemap|css_selector|url_pattern,0.85,2026-10-06T17:58:24Z,
Elevance / Anthem,,Unknown,Unknown,National Direct Drug List Medication Alternatives,drug_list,https://file.anthem.com/A00438VAEENBVA.1.pdf,https://www.anthem.com/va/pharmacy-information/drug-list-formulary,https://www.anthem.com/sitemap.xml > https://www.anthem.com/va/pharmacy-information/drug-list-formulary > http://file.anthem.com/A00438VAEENBVA.1.pdf > https://file.anthem.com/A00438VAEENBVA.1.pdf,pdf,,,2026-06-30,200,c62a072480d75b91ff4eeffd48a6c79e08d2439fb255ba3a52c5260e4dc49123,952325,N,static,sitemap|css_selector|url_pattern,0.95,2026-10-06T17:58:24Z,
Elevance / Anthem,,Pennsylvania,Unknown,National Direct Drug List Drug list — Four Tier Drug Plan,drug_list,https://fm.formularynavigator.com/FBO/143/National_Direct_4_Tier_ABCBSVa.pdf,https://www.anthem.com/va/pharmacy-information/drug-list-formulary,https://www.anthem.com/sitemap.xml > https://www.anthem.com/va/pharmacy-information/drug-list-formulary > https://fm.formularynavigator.com/FBO/143/National_Direct_4_Tier_ABCBSVa.pdf,pdf,,,,200,8edd2a084902c00984a3242ca2185737e658a4084bf7339247d71f4720c102ea,1339088,N,static,sitemap|css_selector|url_pattern,0.9,2026-10-06T17:58:25Z,
Elevance / Anthem,,Pennsylvania,Unknown,National Drug List Drug list — Five Tier Drug Plan,drug_list,https://fm.formularynavigator.com/FBO/143/National_5_Tier_ABCBSVa.pdf,https://www.anthem.com/va/pharmacy-information/drug-list-formulary,https://www.anthem.com/sitemap.xml > https://www.anthem.com/va/pharmacy-information/drug-list-formulary > https://fm.formularynavigator.com/FBO/143/National_5_Tier_ABCBSVa.pdf,pdf,,,,200,bdaec87d0b2a043c30477fd730ba802bb0b0799b70c9baa9dae4d7838b844dbd,1553766,N,static,sitemap|css_selector|url_pattern,0.9,2026-10-06T17:58:25Z,
Elevance / Anthem,,Alabama,Unknown,Lista Nacional Directa de Medicamentos Lista de medicamentos — Five Tier Drug Plan,other,https://fm.formularynavigator.com/FBO/143/National_Direct_5_Tier_ABCBSVa_Spanish.pdf,https://www.anthem.com/va/pharmacy-information/drug-list-formulary,https://www.anthem.com/sitemap.xml > https://www.anthem.com/va/pharmacy-information/drug-list-formulary > https://fm.formularynavigator.com/FBO/143/National_Direct_5_Tier_ABCBSVa_Spanish.pdf,pdf,,,,200,f8b9ff032b29eab79af608a9f8bc2706d46cc5ada92003615a26366755922627,1140780,N,static,sitemap|css_selector|url_pattern,0.8,2026-10-06T17:58:25Z,
Elevance / Anthem,,Pennsylvania,Unknown,National Direct Drug List Drug list — Five Tier Drug Plan,drug_list,https://fm.formularynavigator.com/FBO/143/National_Direct_5_Tier_ABCBSVa.pdf,https://www.anthem.com/va/pharmacy-information/drug-list-formulary,https://www.anthem.com/sitemap.xml > https://www.anthem.com/va/pharmacy-information/drug-list-formulary > https://fm.formularynavigator.com/FBO/143/National_Direct_5_Tier_ABCBSVa.pdf,pdf,,,,200,6292ea41a645b8eca093ed5d39fbe16a8beb60eb9920358f930f20fd1b91eb8d,1339871,N,static,sitemap|css_selector|url_pattern,0.9,2026-10-06T17:58:25Z,
Elevance / Anthem,,Alabama,Unknown,Lista de medicamentos Directo Nacional Plus Medicamentos alternativos,other,https://file.anthem.com/A02818VAESPBVA.1.pdf,https://www.anthem.com/va/pharmacy-information/drug-list-formulary,https://www.anthem.com/sitemap.xml > https://www.anthem.com/va/pharmacy-information/drug-list-formulary > http://file.anthem.com/A02818VAESPBVA.1.pdf > https://file.anthem.com/A02818VAESPBVA.1.pdf,pdf,,,2026-06-30,200,978bfa49de89f9ce07779cae4173784a27aa2076657752bbf95853ab0dde0b66,960662,N,static,sitemap|css_selector|url_pattern,0.85,2026-10-06T17:58:26Z,
Elevance / Anthem,,Unknown,Unknown,National Direct Plus Drug List Medication Alternatives,drug_list,https://file.anthem.com/A02818VAEENBVA.1.pdf,https://www.anthem.com/va/pharmacy-information/drug-list-formulary,https://www.anthem.com/sitemap.xml > https://www.anthem.com/va/pharmacy-information/drug-list-formulary > http://file.anthem.com/A02818VAEENBVA.1.pdf > https://file.anthem.com/A02818VAEENBVA.1.pdf,pdf,,,2026-06-30,200,18d65e9029909dca54279046615e5984e81fd3250c4cb739ab48c5be1562479a,952537,N,static,sitemap|css_selector|url_pattern,0.95,2026-10-06T17:58:26Z,
Elevance / Anthem,,Alabama,Unknown,Lista Nacional Directa Más de Medicamentos Lista de medicamentos — Plan de medicamentos de tres niveles,other,https://fm.formularynavigator.com/FBO/143/National_Direct_Plus_3_Tier_BVA_SP.pdf,https://www.anthem.com/va/pharmacy-information/drug-list-formulary,https://www.anthem.com/sitemap.xml > https://www.anthem.com/va/pharmacy-information/drug-list-formulary > https://fm.formularynavigator.com/FBO/143/National_Direct_Plus_3_Tier_BVA_SP.pdf,pdf,,,,200,27fb4298e484a2037b8178a99177c880a14fcece4712f5fbbfac7cc211aab71c,1412454,N,static,sitemap|css_selector|url_pattern,0.8,2026-10-06T17:58:26Z,
Elevance / Anthem,,Pennsylvania,Unknown,National Direct Plus Drug List Drug list — Four Tier Drug Plan,drug_list,https://fm.formularynavigator.com/FBO/143/National_Direct_Plus_4_Tier_BVA.pdf,https://www.anthem.com/va/pharmacy-information/drug-list-formulary,https://www.anthem.com/sitemap.xml > https://www.anthem.com/va/pharmacy-information/drug-list-formulary > https://fm.formularynavigator.com/FBO/143/National_Direct_Plus_4_Tier_BVA.pdf,pdf,,,,200,34032f2bdff916334d2088f144f75deda6cc89d9e0408bea06b08348b58f18f6,1551828,N,static,sitemap|css_selector|url_pattern,0.9,2026-10-06T17:58:27Z,
Elevance / Anthem,,Pennsylvania,Unknown,National Drug List Drug list — Three Tier Drug Plan,drug_list,https://fm.formularynavigator.com/FBO/143/National_3_Tier_ABCBSVa.pdf,https://www.anthem.com/va/pharmacy-information/drug-list-formulary,https://www.anthem.com/sitemap.xml > https://www.anthem.com/va/pharmacy-information/drug-list-formulary > https://fm.formularynavigator.com/FBO/143/National_3_Tier_ABCBSVa.pdf,pdf,,,,200,53cbc45ccf0bfff677fb1d934b10b82f23b9c7b4b7d7182b182b3bd570d56b9c,1555369,N,static,sitemap|css_selector|url_pattern,0.9,2026-10-06T17:58:27Z,
Elevance / Anthem,,Pennsylvania,Unknown,National Direct Plus Drug List Drug list — Three Tier Drug Plan,drug_list,https://fm.formularynavigator.com/FBO/143/National_Direct_Plus_3_Tier_BVA.pdf,https://www.anthem.com/va/pharmacy-information/drug-list-formulary,https://www.anthem.com/sitemap.xml > https://www.anthem.com/va/pharmacy-information/drug-list-formulary > https://fm.formularynavigator.com/FBO/143/National_Direct_Plus_3_Tier_BVA.pdf,pdf,,,,200,efed0bb69522f19194eec1883ab0b7853dfeb22d584962b8944f40027d9de40d,1550969,N,static,sitemap|css_selector|url_pattern,0.9,2026-10-06T17:58:27Z,
Elevance / Anthem,,Alabama,Unknown,Lista Nacional Directa Más de Medicamentos Lista de medicamentos — Plan de medicamentos de cuatro niveles,other,https://fm.formularynavigator.com/FBO/143/National_Direct_Plus_4_Tier_BVA_SP.pdf,https://www.anthem.com/va/pharmacy-information/drug-list-formulary,https://www.anthem.com/sitemap.xml > https://www.anthem.com/va/pharmacy-information/drug-list-formulary > https://fm.formularynavigator.com/FBO/143/National_Direct_Plus_4_Tier_BVA_SP.pdf,pdf,,,,200,94fa775eaaa78b103ecda0d375832b33745818289d29ce8eeb20d8faf92fec83,1423417,N,static,sitemap|css_selector|url_pattern,0.8,2026-10-06T17:58:28Z,
Elevance / Anthem,,Unknown,Unknown,National Direct Preferred Drug List Medication Alternatives,drug_list,https://file.anthem.com/A03085VAEENBVA.pdf,https://www.anthem.com/va/pharmacy-information/drug-list-formulary,https://www.anthem.com/sitemap.xml > https://www.anthem.com/va/pharmacy-information/drug-list-formulary > http://file.anthem.com/A03085VAEENBVA.pdf > https://file.anthem.com/A03085VAEENBVA.pdf,pdf,,,2026-06-30,200,65304a25683648b8e48ad1616bfd2e18af022f40ff9ae29fe16f9f2362021252,953853,N,static,sitemap|css_selector|url_pattern,0.95,2026-10-06T17:58:28Z,
Elevance / Anthem,,Alabama,Unknown,Lista Nacional de Medicamentos Preferidos Directos Medicamentos alternativos,other,https://file.anthem.com/A03085VAESPBVA.pdf,https://www.anthem.com/va/pharmacy-information/drug-list-formulary,https://www.anthem.com/sitemap.xml > https://www.anthem.com/va/pharmacy-information/drug-list-formulary > http://file.anthem.com/A03085VAESPBVA.pdf > https://file.anthem.com/A03085VAESPBVA.pdf,pdf,,,2026-06-30,200,2e78c71a47644d4f9e7961e11409797aa9d676f296fb5260fca741c7d505e33c,962037,N,static,sitemap|css_selector|url_pattern,0.85,2026-10-06T17:58:29Z,
Elevance / Anthem,,Pennsylvania,Unknown,National Direct Plus Drug List Drug list — Five Tier Drug Plan,drug_list,https://fm.formularynavigator.com/FBO/143/National_Direct_Plus_5_Tier_BVA.pdf,https://www.anthem.com/va/pharmacy-information/drug-list-formulary,https://www.anthem.com/sitemap.xml > https://www.anthem.com/va/pharmacy-information/drug-list-formulary > https://fm.formularynavigator.com/FBO/143/National_Direct_Plus_5_Tier_BVA.pdf,pdf,,,,200,9f10e9a01b00a3a2abdf17e5bda04a16180fa77858134c8e3ee7ec834a114d6b,1552266,N,static,sitemap|css_selector|url_pattern,0.9,2026-10-06T17:58:29Z,
Elevance / Anthem,,Unknown,Unknown,o o,other,https://fm.formularynavigator.com/FBO/143/VA_National_Direct_Preferred_5_Tier_BVA_Spanish.pdf,https://www.anthem.com/va/pharmacy-information/drug-list-formulary,https://www.anthem.com/sitemap.xml > https://www.anthem.com/va/pharmacy-information/drug-list-formulary > https://fm.formularynavigator.com/FBO/143/VA_National_Direct_Preferred_5_Tier_BVA_Spanish.pdf,pdf,,,,200,46f8a6b3d50c02112bc6fc10d87e7dd15ffa135c3bf6f2a4a9748030a51347d8,2277637,N,static,sitemap|css_selector|url_pattern,0.8,2026-10-06T17:58:30Z,
Elevance / Anthem,,Alabama,Unknown,Lista Nacional Directa Más de Medicamentos Lista de medicamentos — Five Tier Drug Plan,other,https://fm.formularynavigator.com/FBO/143/National_Direct_Plus_5_Tier_BVA_SP.pdf,https://www.anthem.com/va/pharmacy-information/drug-list-formulary,https://www.anthem.com/sitemap.xml > https://www.anthem.com/va/pharmacy-information/drug-list-formulary > https://fm.formularynavigator.com/FBO/143/National_Direct_Plus_5_Tier_BVA_SP.pdf,pdf,,,,200,57a53116c9d7cd6791fa4198ede3dc2fd5433f348f6dd4f2b139d98a7976626e,1456072,N,static,sitemap|css_selector|url_pattern,0.8,2026-10-06T17:58:30Z,
Elevance / Anthem,,Unknown,Unknown,o o,other,https://fm.formularynavigator.com/FBO/143/VA_National_Direct_Preferred_3_Tier_BVA_Spanish.pdf,https://www.anthem.com/va/pharmacy-information/drug-list-formulary,https://www.anthem.com/sitemap.xml > https://www.anthem.com/va/pharmacy-information/drug-list-formulary > https://fm.formularynavigator.com/FBO/143/VA_National_Direct_Preferred_3_Tier_BVA_Spanish.pdf,pdf,,,,200,ff92e22e3186905812db2028ae54a28ded262dae8eebbf8dec4e4a6309fce95a,2103664,N,static,sitemap|css_selector|url_pattern,0.8,2026-10-06T17:58:30Z,
Elevance / Anthem,,Unknown,Unknown,o o,drug_list,https://fm.formularynavigator.com/FBO/143/VA_National_Direct_Preferred_3_Tier_BVA.pdf,https://www.anthem.com/va/pharmacy-information/drug-list-formulary,https://www.anthem.com/sitemap.xml > https://www.anthem.com/va/pharmacy-information/drug-list-formulary > https://fm.formularynavigator.com/FBO/143/VA_National_Direct_Preferred_3_Tier_BVA.pdf,pdf,,,,200,9a34d9417278c9795e73b1cdf245e722d5b873f0ca8c0c851e3d6795dacee653,2170949,N,static,sitemap|css_selector|url_pattern,0.9,2026-10-06T17:58:31Z,
Elevance / Anthem,,Unknown,Unknown,o o,drug_list,https://fm.formularynavigator.com/FBO/143/VA_National_Direct_Preferred_4_Tier_BVA.pdf,https://www.anthem.com/va/pharmacy-information/drug-list-formulary,https://www.anthem.com/sitemap.xml > https://www.anthem.com/va/pharmacy-information/drug-list-formulary > https://fm.formularynavigator.com/FBO/143/VA_National_Direct_Preferred_4_Tier_BVA.pdf,pdf,,,,200,e6fb89c0feb7333a01724d7e77bdec5974dc78c5ca247cb2fd9f6be3aca8279e,2307990,N,static,sitemap|css_selector|url_pattern,0.9,2026-10-06T17:58:31Z,
Elevance / Anthem,,Pennsylvania,Unknown,Traditional Drug List Drug list — Three Tier Drug Plan,drug_list,https://fm.formularynavigator.com/FBO/143/Traditional_Open_3_Tier_ABCBSVa.pdf,https://www.anthem.com/va/pharmacy-information/drug-list-formulary,https://www.anthem.com/sitemap.xml > https://www.anthem.com/va/pharmacy-information/drug-list-formulary > https://fm.formularynavigator.com/FBO/143/Traditional_Open_3_Tier_ABCBSVa.pdf,pdf,,,,200,20a30cd8547f790d114e2235a394498d686ccb58f8b275f4d31d2ed81ae2a52d,1819626,N,static,sitemap|css_selector|url_pattern,0.9,2026-10-06T17:58:32Z,
Elevance / Anthem,,Alabama,Unknown,Lista abierta de medicamentos tradicional Lista de medicamentos — Plan de medicamentos de tres niveles,other,https://fm.formularynavigator.com/FBO/143/Traditional_Open_Drug_List_3_Tier_ABCBSVa_Spanish.pdf,https://www.anthem.com/va/pharmacy-information/drug-list-formulary,https://www.anthem.com/sitemap.xml > https://www.anthem.com/va/pharmacy-information/drug-list-formulary > https://fm.formularynavigator.com/FBO/143/Traditional_Open_Drug_List_3_Tier_ABCBSVa_Spanish.pdf,pdf,,,,200,a816141e1240985a40f9e80023d89d9ca54605c2eb144fac76c2ad89499cd476,1669943,N,static,sitemap|css_selector|url_pattern,0.8,2026-10-06T17:58:32Z,
Elevance / Anthem,,Alabama,Unknown,Lista de medicamentos seleccionados Lista de medicamentos — Plan de medicamentos de cuatro niveles,other,https://fm.formularynavigator.com/FBO/143/2027_Select_4_Tier_VA_IND_SP.pdf,https://www.anthem.com/va/pharmacy-information/drug-list-formulary,https://www.anthem.com/sitemap.xml > https://www.anthem.com/va/pharmacy-information/drug-list-formulary > https://fm.formularynavigator.com/FBO/143/2027_Select_4_Tier_VA_IND_SP.pdf,pdf,,,,200,ce3652cab00e49e7778aa9e1c3327d56de0cc44ab0d28b3fab151b35ecb53ed4,1149797,N,static,sitemap|css_selector|url_pattern,0.8,2026-10-06T17:58:32Z,
Elevance / Anthem,,Alabama,Unknown,Lista abierta de medicamentos tradicional Lista de medicamentos — Plan de medicamentos de cuatro niveles,other,https://fm.formularynavigator.com/FBO/143/Traditional_Open_Drug_List_4_Tier_ABCBSVa_Spanish.pdf,https://www.anthem.com/va/pharmacy-information/drug-list-formulary,https://www.anthem.com/sitemap.xml > https://www.anthem.com/va/pharmacy-information/drug-list-formulary > https://fm.formularynavigator.com/FBO/143/Traditional_Open_Drug_List_4_Tier_ABCBSVa_Spanish.pdf,pdf,,,,200,ee88630a65414c0d62045765ec395397ff4bcecb898763a9aeed26fa11ab856c,1693104,N,static,sitemap|css_selector|url_pattern,0.8,2026-10-06T17:58:33Z,
Elevance / Anthem,,Pennsylvania,Unknown,Select Drug List Drug list — Four Tier Drug Plan,drug_list,https://fm.formularynavigator.com/FBO/143/2026_Select_4_Tier_VA_IND.pdf,https://www.anthem.com/va/pharmacy-information/drug-list-formulary,https://www.anthem.com/sitemap.xml > https://www.anthem.com/va/pharmacy-information/drug-list-formulary > https://fm.formularynavigator.com/FBO/143/2026_Select_4_Tier_VA_IND.pdf,pdf,,,,200,0979d3d758da24ce9e2da63da906a30a5560e038d18e287f9fd01eb1ba44c2a9,1285988,N,static,sitemap|css_selector|url_pattern,0.9,2026-10-06T17:58:33Z,
Elevance / Anthem,,Unknown,Unknown,o o,drug_list,https://fm.formularynavigator.com/FBO/143/VA_National_Direct_Preferred_5_Tier_BVA.pdf,https://www.anthem.com/va/pharmacy-information/drug-list-formulary,https://www.anthem.com/sitemap.xml > https://www.anthem.com/va/pharmacy-information/drug-list-formulary > https://fm.formularynavigator.com/FBO/143/VA_National_Direct_Preferred_5_Tier_BVA.pdf,pdf,,,,200,6b45b5ce6c954b14fd7c7a00acc3cf4bb6108967655e5d13ed8ee394d09123ef,2336808,N,static,sitemap|css_selector|url_pattern,0.9,2026-10-06T17:58:33Z,
Elevance / Anthem,,Alabama,Unknown,Lista de medicamentos seleccionados Lista de medicamentos — Plan de medicamentos de cuatro niveles,other,https://fm.formularynavigator.com/FBO/143/2026_Select_4_Tier_VA_IND_SP.pdf,https://www.anthem.com/va/pharmacy-information/drug-list-formulary,https://www.anthem.com/sitemap.xml > https://www.anthem.com/va/pharmacy-information/drug-list-formulary > https://fm.formularynavigator.com/FBO/143/2026_Select_4_Tier_VA_IND_SP.pdf,pdf,,,,200,e502be538bc15bbbaf1c727268866b9e5695bf7791ad8e22e1778059dce931e8,1116818,N,static,sitemap|css_selector|url_pattern,0.8,2026-10-06T17:58:33Z,
Elevance / Anthem,,Pennsylvania,Unknown,Select Drug List Drug list — Four Tier Drug Plan,drug_list,https://fm.formularynavigator.com/FBO/143/2027_Select_4_Tier_VA_IND.pdf,https://www.anthem.com/va/pharmacy-information/drug-list-formulary,https://www.anthem.com/sitemap.xml > https://www.anthem.com/va/pharmacy-information/drug-list-formulary > https://fm.formularynavigator.com/FBO/143/2027_Select_4_Tier_VA_IND.pdf,pdf,,,,200,5348a1b57147368050379311cbf69c379edc718f08e81da0ba143d52d8517ede,1155748,N,static,sitemap|css_selector|url_pattern,0.9,2026-10-06T17:58:34Z,
Elevance / Anthem,,Pennsylvania,Unknown,Select Drug List Drug list — Four Tier Drug Plan,drug_list,https://fm.formularynavigator.com/FBO/143/2027_Select_4_Tier_VA_SG_Split.pdf,https://www.anthem.com/va/pharmacy-information/drug-list-formulary,https://www.anthem.com/sitemap.xml > https://www.anthem.com/va/pharmacy-information/drug-list-formulary > https://fm.formularynavigator.com/FBO/143/2027_Select_4_Tier_VA_SG_Split.pdf,pdf,,,,200,68eafe2eddd3e34e3fc04c8aa005f35c82fe9756289802f877d568bf22e2625f,1156263,N,static,sitemap|css_selector|url_pattern,0.9,2026-10-06T17:58:34Z,
Elevance / Anthem,,Alabama,Unknown,Lista de medicamentos seleccionados Lista de medicamentos — Plan de medicamentos de cuatro niveles,other,https://fm.formularynavigator.com/FBO/143/2025_Select_4_Tier_VA_IND_SP.pdf,https://www.anthem.com/va/pharmacy-information/drug-list-formulary,https://www.anthem.com/sitemap.xml > https://www.anthem.com/va/pharmacy-information/drug-list-formulary > https://fm.formularynavigator.com/FBO/143/2025_Select_4_Tier_VA_IND_SP.pdf,pdf,,,,200,91e6d7a604dbdce956da2d16860b2f98a8b9570ea61dc3bffbb6609e7cbba84b,1132094,N,static,sitemap|css_selector|url_pattern,0.8,2026-10-06T17:58:35Z,
Elevance / Anthem,,Pennsylvania,Unknown,Select Drug List Drug list — Four Tier Drug Plan,drug_list,https://fm.formularynavigator.com/FBO/143/2025_Select_4_Tier_VA_IND.pdf,https://www.anthem.com/va/pharmacy-information/drug-list-formulary,https://www.anthem.com/sitemap.xml > https://www.anthem.com/va/pharmacy-information/drug-list-formulary > https://fm.formularynavigator.com/FBO/143/2025_Select_4_Tier_VA_IND.pdf,pdf,,,,200,d8125c9966fecd0ccceb8981063f6f589e9e6dba15bed47091a38fa64f8f703c,1296003,N,static,sitemap|css_selector|url_pattern,0.9,2026-10-06T17:58:35Z,
Elevance / Anthem,,Pennsylvania,Unknown,Traditional Drug List Drug list — Four Tier Drug Plan,drug_list,https://fm.formularynavigator.com/FBO/143/Traditional_Open_4_Tier_ABCBSVa.pdf,https://www.anthem.com/va/pharmacy-information/drug-list-formulary,https://www.anthem.com/sitemap.xml > https://www.anthem.com/va/pharmacy-information/drug-list-formulary > https://fm.formularynavigator.com/FBO/143/Traditional_Open_4_Tier_ABCBSVa.pdf,pdf,,,,200,c2bd8a01100f88c90962815daa53faabf0107579946cb4290a67f865822b7b46,1796010,N,static,sitemap|css_selector|url_pattern,0.9,2026-10-06T17:58:35Z,
Elevance / Anthem,,Virginia,Unknown,Anthem $0 Select Drug List: Anthem Plan (for Individual ACA plans only),drug_list,https://file.anthem.com/A00772VAMENBVA.pdf,https://www.anthem.com/va/pharmacy-information/drug-list-formulary,https://www.anthem.com/sitemap.xml > https://www.anthem.com/va/pharmacy-information/drug-list-formulary > http://file.anthem.com/A00772VAMENBVA.pdf > https://file.anthem.com/A00772VAMENBVA.pdf,pdf,,,2026-06-23,200,8e1ffa79188332785357adc4060d3ceca9568374a203a96da2ea26d6709c289f,470253,N,static,sitemap|css_selector|url_pattern,0.95,2026-10-06T17:58:35Z,
Elevance / Anthem,,Alabama,Unknown,Lista de medicamentos Seleccionados Lista de medicamentos — Plan de medicamentos de cuatro niveles,other,https://fm.formularynavigator.com/FBO/143/2027_Select_4_Tier_VA_SG_Split_SP.pdf,https://www.anthem.com/va/pharmacy-information/drug-list-formulary,https://www.anthem.com/sitemap.xml > https://www.anthem.com/va/pharmacy-information/drug-list-formulary > https://fm.formularynavigator.com/FBO/143/2027_Select_4_Tier_VA_SG_Split_SP.pdf,pdf,,,,200,756fd6dfd978fa2137402b4f56873c058f5a6a1938a85abc4b90552902390ec7,1185537,N,static,sitemap|css_selector|url_pattern,0.8,2026-10-06T17:58:35Z,
Elevance / Anthem,,Pennsylvania,Unknown,Select Drug List Drug list — Four Tier Drug Plan,drug_list,https://fm.formularynavigator.com/FBO/143/2026_Select_4_Tier_VA_SG.pdf,https://www.anthem.com/va/pharmacy-information/drug-list-formulary,https://www.anthem.com/sitemap.xml > https://www.anthem.com/va/pharmacy-information/drug-list-formulary > https://fm.formularynavigator.com/FBO/143/2026_Select_4_Tier_VA_SG.pdf,pdf,,,,200,55674bcbf6bc4aa09a3696dc518505245ced100d162c0c9bbd5513d835d47a68,1285200,N,static,sitemap|css_selector|url_pattern,0.9,2026-10-06T17:58:36Z,
Elevance / Anthem,,Pennsylvania,Unknown,Select Drug List Drug list — Four Tier Drug Plan,drug_list,https://fm.formularynavigator.com/FBO/143/2025_Select_4_Tier_VA_SG.pdf,https://www.anthem.com/va/pharmacy-information/drug-list-formulary,https://www.anthem.com/sitemap.xml > https://www.anthem.com/va/pharmacy-information/drug-list-formulary > https://fm.formularynavigator.com/FBO/143/2025_Select_4_Tier_VA_SG.pdf,pdf,,,,200,06455b0d6380d5f91ea3ffd387fd14084f43d13fa685dbc1a93a7bb0bef71b61,1295608,N,static,sitemap|css_selector|url_pattern,0.9,2026-10-06T17:58:36Z,
Elevance / Anthem,,Alabama,Unknown,Lista de medicamentos Seleccionados Lista de medicamentos — Plan de medicamentos de cuatro niveles,other,https://fm.formularynavigator.com/FBO/143/2027_Select_4_Tier_VA_SG_SP.pdf,https://www.anthem.com/va/pharmacy-information/drug-list-formulary,https://www.anthem.com/sitemap.xml > https://www.anthem.com/va/pharmacy-information/drug-list-formulary > https://fm.formularynavigator.com/FBO/143/2027_Select_4_Tier_VA_SG_SP.pdf,pdf,,,,200,eb620a36139b46edc784eec6c59fd62e30ffd220fe23354af0df9d3b7f50c6c7,1142112,N,static,sitemap|css_selector|url_pattern,0.8,2026-10-06T17:58:37Z,
Elevance / Anthem,,Alabama,Unknown,Lista de medicamentos Seleccionados Lista de medicamentos — Plan de medicamentos de cuatro niveles,other,https://fm.formularynavigator.com/FBO/143/2026_Select_4_Tier_VA_SG_SP.pdf,https://www.anthem.com/va/pharmacy-information/drug-list-formulary,https://www.anthem.com/sitemap.xml > https://www.anthem.com/va/pharmacy-information/drug-list-formulary > https://fm.formularynavigator.com/FBO/143/2026_Select_4_Tier_VA_SG_SP.pdf,pdf,,,,200,db18738cc534d47151114e9dc235e08120b9ddc801ac86df9497153f1998e5e4,1186985,N,static,sitemap|css_selector|url_pattern,0.8,2026-10-06T17:58:37Z,
Elevance / Anthem,,Pennsylvania,Unknown,Select Drug List Drug list — Four Tier Drug Plan,drug_list,https://fm.formularynavigator.com/FBO/143/2025_Select_4_Tier_VA_SG_Split.pdf,https://www.anthem.com/va/pharmacy-information/drug-list-formulary,https://www.anthem.com/sitemap.xml > https://www.anthem.com/va/pharmacy-information/drug-list-formulary > https://fm.formularynavigator.com/FBO/143/2025_Select_4_Tier_VA_SG_Split.pdf,pdf,,,,200,8ee2cebf0ae591af0eb944eaad5aa81937879f568a8228417e4dc71c3eba2de0,1303444,N,static,sitemap|css_selector|url_pattern,0.9,2026-10-06T17:58:37Z,
Elevance / Anthem,,Alabama,Unknown,Lista de medicamentos Seleccionados Lista de medicamentos — Plan de medicamentos de cuatro niveles,other,https://fm.formularynavigator.com/FBO/143/2025_Select_4_Tier_VA_SG_SP.pdf,https://www.anthem.com/va/pharmacy-information/drug-list-formulary,https://www.anthem.com/sitemap.xml > https://www.anthem.com/va/pharmacy-information/drug-list-formulary > https://fm.formularynavigator.com/FBO/143/2025_Select_4_Tier_VA_SG_SP.pdf,pdf,,,,200,7b9b53dec872e44a213a270b3a05ed7800f6d2dbb1b3ed23fb22ea5a1cf82651,1199847,N,static,sitemap|css_selector|url_pattern,0.8,2026-10-06T17:58:37Z,
Elevance / Anthem,,Alabama,Unknown,Lista de medicamentos Seleccionados Lista de medicamentos — Plan de medicamentos de cuatro niveles,other,https://fm.formularynavigator.com/FBO/143/2026_Select_4_Tier_VA_SG_Split_SP.pdf,https://www.anthem.com/va/pharmacy-information/drug-list-formulary,https://www.anthem.com/sitemap.xml > https://www.anthem.com/va/pharmacy-information/drug-list-formulary > https://fm.formularynavigator.com/FBO/143/2026_Select_4_Tier_VA_SG_Split_SP.pdf,pdf,,,,200,ef2595c50ce4d8753151b8cf4c830e150316af4150cbb66b7cb1b58df3f286f5,1193448,N,static,sitemap|css_selector|url_pattern,0.8,2026-10-06T17:58:38Z,
Elevance / Anthem,,Alabama,Unknown,Lista Nacional de Medicamentos Lista de medicamentos — Plan de medicamentos de cuatro niveles,other,https://fm.formularynavigator.com/FBO/143/National_Drug_List_4_Tier_ABCBSVa_Spanish.pdf,https://www.anthem.com/va/pharmacy-information/drug-list-formulary,https://www.anthem.com/sitemap.xml > https://www.anthem.com/va/pharmacy-information/drug-list-formulary > https://fm.formularynavigator.com/FBO/143/National_Drug_List_4_Tier_ABCBSVa_Spanish.pdf,pdf,,,,200,df5c5d0085f1b772a332d54aa5d953ede023884cfc72d56e576c4345cf3a039b,1527585,N,static,sitemap|css_selector|url_pattern,0.8,2026-10-06T17:58:38Z,
Elevance / Anthem,,Pennsylvania,Unknown,Select Drug List Drug list — Four Tier Drug Plan,drug_list,https://fm.formularynavigator.com/FBO/143/2026_Select_4_Tier_VA_SG_Split.pdf,https://www.anthem.com/va/pharmacy-information/drug-list-formulary,https://www.anthem.com/sitemap.xml > https://www.anthem.com/va/pharmacy-information/drug-list-formulary > https://fm.formularynavigator.com/FBO/143/2026_Select_4_Tier_VA_SG_Split.pdf,pdf,,,,200,623a629677d86b1df9614f01e66092e1f2e4f68065503c1558527f00ee74f24c,1293284,N,static,sitemap|css_selector|url_pattern,0.9,2026-10-06T17:58:38Z,
Elevance / Anthem,,Virginia,Unknown,PreventiveRx Drug List Basic Plus Plan (Essential Drug List),drug_list,https://file.anthem.com/A03116VAMENABS.pdf,https://www.anthem.com/va/pharmacy-information/drug-list-formulary,https://www.anthem.com/sitemap.xml > https://www.anthem.com/va/pharmacy-information/drug-list-formulary > http://file.anthem.com/A03116VAMENABS.pdf > https://file.anthem.com/A03116VAMENABS.pdf,pdf,,,2026-06-29,200,d1f29a007d0bd639a75053ad0a606b36bb738995c50c45d19e2a69182148ee6f,496243,N,static,sitemap|css_selector|url_pattern,0.95,2026-10-06T17:58:39Z,
Elevance / Anthem,,Unknown,Unknown,PreventiveRx Enhanced Lista de medicamentos Plan mejorado (Lista de medicamentos esenciales),other,https://file.anthem.com/A00527VAMSPABS.1.pdf,https://www.anthem.com/va/pharmacy-information/drug-list-formulary,https://www.anthem.com/sitemap.xml > https://www.anthem.com/va/pharmacy-information/drug-list-formulary > http://file.anthem.com/A00527VAMSPABS.1.pdf > https://file.anthem.com/A00527VAMSPABS.1.pdf,pdf,,,2026-04-17,200,b95031e1be7e3e13dc8f61248faf63e67c5c196999f07d94332a7849ac8f7f08,448356,N,static,sitemap|css_selector|url_pattern,0.85,2026-10-06T17:58:39Z,
Elevance / Anthem,,Unknown,Unknown,PreventiveRx Plus Drug List PreventiveRx Plus Plan (Essential),drug_list,https://file.anthem.com/04386ANMENBVA-1.1.pdf,https://www.anthem.com/va/pharmacy-information/drug-list-formulary,https://www.anthem.com/sitemap.xml > https://www.anthem.com/va/pharmacy-information/drug-list-formulary > http://file.anthem.com/04386ANMENBVA-1.1.pdf > https://file.anthem.com/04386ANMENBVA-1.1.pdf,pdf,,,2026-06-30,200,89ecafbc38acbfde02593bfe8a83d8d08dd366e19b828ec0a9aa1eb042c62cd7,510517,N,static,sitemap|css_selector|url_pattern,0.95,2026-10-06T17:58:39Z,
Elevance / Anthem,,Alabama,Unknown,PreventiveRx Lista de medicamentos Plan Básico Plus (Lista de medicamentos esenciales),other,https://file.anthem.com/A03116VAMSPABS.pdf,https://www.anthem.com/va/pharmacy-information/drug-list-formulary,https://www.anthem.com/sitemap.xml > https://www.anthem.com/va/pharmacy-information/drug-list-formulary > http://file.anthem.com/A03116VAMSPABS.pdf > https://file.anthem.com/A03116VAMSPABS.pdf,pdf,,,2026-06-29,200,6710b1c97e9fa40a63f4a43cfeb5b94e351f0dad427984b296340e515a6bc79d,498199,N,static,sitemap|css_selector|url_pattern,0.85,2026-10-06T17:58:39Z,
Elevance / Anthem,,Alabama,Unknown,PreventiveRx Enhanced Lista de medicamentos Plan Básico Plus (Lista de medicamentos directos esenciales),other,https://file.anthem.com/A03119VAMSPABS.pdf,https://www.anthem.com/va/pharmacy-information/drug-list-formulary,https://www.anthem.com/sitemap.xml > https://www.anthem.com/va/pharmacy-information/drug-list-formulary > https://file.anthem.com/A03119VAMSPABS.pdf,pdf,,,2026-06-29,200,d36972145fc6d3c4a81d34e07bc4c124388055eb1611cfd0b5409af3ed129b63,497980,N,static,sitemap|css_selector|url_pattern,0.85,2026-10-06T17:58:39Z,
Elevance / Anthem,,Unknown,Unknown,PreventiveRx Drug List Legacy PreventiveRx Plus Plan (Essential),drug_list,https://file.anthem.com/04386ANMENBVA-HN1.1.pdf,https://www.anthem.com/va/pharmacy-information/drug-list-formulary,https://www.anthem.com/sitemap.xml > https://www.anthem.com/va/pharmacy-information/drug-list-formulary > http://file.anthem.com/04386ANMENBVA-HN1.1.pdf > https://file.anthem.com/04386ANMENBVA-HN1.1.pdf,pdf,,,2026-05-14,200,ad7ed5ee13a306ed620d1223a8f24c76df73fba9013719b413f70f8292d5e850,441867,N,static,sitemap|css_selector|url_pattern,0.95,2026-10-06T17:58:39Z,
Elevance / Anthem,,Alabama,Unknown,Lista de medicamentos Seleccionados Lista de medicamentos — Plan de medicamentos de cuatro niveles,other,https://fm.formularynavigator.com/FBO/143/2025_Select_4_Tier_VA_SG_Split_SP.pdf,https://www.anthem.com/va/pharmacy-information/drug-list-formulary,https://www.anthem.com/sitemap.xml > https://www.anthem.com/va/pharmacy-information/drug-list-formulary > https://fm.formularynavigator.com/FBO/143/2025_Select_4_Tier_VA_SG_Split_SP.pdf,pdf,,,,200,61647a9d539b76db0522a6121cff882d852b5e733875097a568aee17e4c536f5,1207186,N,static,sitemap|css_selector|url_pattern,0.8,2026-10-06T17:58:39Z,
Elevance / Anthem,,Unknown,Unknown,PreventiveRx Enhanced Drug List Enhanced Plan (Essential Drug List),drug_list,https://file.anthem.com/A00527VAMENABS.1.pdf,https://www.anthem.com/va/pharmacy-information/drug-list-formulary,https://www.anthem.com/sitemap.xml > https://www.anthem.com/va/pharmacy-information/drug-list-formulary > http://file.anthem.com/A00527VAMENABS.1.pdf > https://file.anthem.com/A00527VAMENABS.1.pdf,pdf,,,2026-04-17,200,1df11f84f47a33995497cda33d7e56714262e426ebe8f4d16d0dfbd48863c947,447238,N,static,sitemap|css_selector|url_pattern,0.95,2026-10-06T17:58:39Z,
Elevance / Anthem,,Virginia,Unknown,PreventiveRx Plus Drug List PreventiveRx Plus Plan (Essential Direct),drug_list,https://file.anthem.com/A03087ANMENBVA.pdf,https://www.anthem.com/va/pharmacy-information/drug-list-formulary,https://www.anthem.com/sitemap.xml > https://www.anthem.com/va/pharmacy-information/drug-list-formulary > http://file.anthem.com/A03087ANMENBVA.pdf > https://file.anthem.com/A03087ANMENBVA.pdf,pdf,,,2026-06-30,200,cc91d14c596306d633ae209d760aefc98b79320d4d064c8d562c9362be7dc39a,508426,N,static,sitemap|css_selector|url_pattern,0.95,2026-10-06T17:58:40Z,
Elevance / Anthem,,Virginia,Unknown,PreventiveRx Enhanced Drug List Basic Plus Plan (Essential Direct Drug List),drug_list,https://file.anthem.com/A03119VAMENABS.pdf,https://www.anthem.com/va/pharmacy-information/drug-list-formulary,https://www.anthem.com/sitemap.xml > https://www.anthem.com/va/pharmacy-information/drug-list-formulary > http://file.anthem.com/A03119VAMENABS.pdf > https://file.anthem.com/A03119VAMENABS.pdf,pdf,,,2026-06-29,200,faefad3edf447f22c37584ac5c5cef41d610896672cab9878dac5f260803942f,496636,N,static,sitemap|css_selector|url_pattern,0.95,2026-10-06T17:58:40Z,
Elevance / Anthem,,Unknown,Unknown,o o,other,https://fm.formularynavigator.com/FBO/143/VA_National_Direct_Preferred_4_Tier_BVA_Spanish.pdf,https://www.anthem.com/va/pharmacy-information/drug-list-formulary,https://www.anthem.com/sitemap.xml > https://www.anthem.com/va/pharmacy-information/drug-list-formulary > https://fm.formularynavigator.com/FBO/143/VA_National_Direct_Preferred_4_Tier_BVA_Spanish.pdf,pdf,,,,200,4d154c0e74a60eb0c5d91791e79788519db7716b40a943b581a7c2b2b302aab5,2254953,N,static,sitemap|css_selector|url_pattern,0.8,2026-10-06T17:58:40Z,
Elevance / Anthem,,Unknown,Unknown,PreventiveRx Plus Lista de medicamentos Plan PreventiveRx Plus (Esencial Directo),other,https://file.anthem.com/A03087ANMSPBVA.pdf,https://www.anthem.com/va/pharmacy-information/drug-list-formulary,https://www.anthem.com/sitemap.xml > https://www.anthem.com/va/pharmacy-information/drug-list-formulary > http://file.anthem.com/A03087ANMSPBVA.pdf > https://file.anthem.com/A03087ANMSPBVA.pdf,pdf,,,2026-06-30,200,f90d995c8db16d19dc40e62ca5857b4eb3619a63e56b5bddf8a94881586180be,510260,N,static,sitemap|css_selector|url_pattern,0.85,2026-10-06T17:58:40Z,
Elevance / Anthem,,Virginia,Unknown,PreventiveRx Drug List Basic Plus Plan (National Drug List),drug_list,https://file.anthem.com/A03117VAMENABS.pdf,https://www.anthem.com/va/pharmacy-information/drug-list-formulary,https://www.anthem.com/sitemap.xml > https://www.anthem.com/va/pharmacy-information/drug-list-formulary > http://file.anthem.com/A03117VAMENABS.pdf > https://file.anthem.com/A03117VAMENABS.pdf,pdf,,,2026-06-30,200,a10df809ec705844e4bd1285a18da46edf9f8ced96d7018ba5172bfb5a0468aa,496251,N,static,sitemap|css_selector|url_pattern,0.95,2026-10-06T17:58:40Z,
Elevance / Anthem,,Virginia,Unknown,PreventiveRx Plus Drug List PreventiveRx Plus Plan (National),drug_list,https://file.anthem.com/05509ANMENBVA-1.1.pdf,https://www.anthem.com/va/pharmacy-information/drug-list-formulary,https://www.anthem.com/sitemap.xml > https://www.anthem.com/va/pharmacy-information/drug-list-formulary > http://file.anthem.com/05509ANMENBVA-1.1.pdf > https://file.anthem.com/05509ANMENBVA-1.1.pdf,pdf,,,2026-06-30,200,87dc776b81a5a27f51d765a3c6741134fcf3480844e15fb39e0cab17442fc5f2,509706,N,static,sitemap|css_selector|url_pattern,0.95,2026-10-06T17:58:40Z,
Elevance / Anthem,,Unknown,Unknown,PreventiveRx Expanded Drug List Expanded Plan (National Drug List),drug_list,https://file.anthem.com/13017VAMSPABS.pdf,https://www.anthem.com/va/pharmacy-information/drug-list-formulary,https://www.anthem.com/sitemap.xml > https://www.anthem.com/va/pharmacy-information/drug-list-formulary > http://file.anthem.com/13017VAMSPABS.pdf > https://file.anthem.com/13017VAMSPABS.pdf,pdf,,,2025-07-02,200,cd92b0ce5e4bcbc09156b522b4862fe0737bc74d16b70bf8415fed08bd312d76,434702,N,static,sitemap|css_selector|url_pattern,0.95,2026-10-06T17:58:40Z,
Elevance / Anthem,,Unknown,Unknown,PreventiveRx Enhanced Lista de medicamentos Plan mejorado (Lista de medicamentos directos esenciales),other,https://file.anthem.com/A03093VAMSPABS.pdf,https://www.anthem.com/va/pharmacy-information/drug-list-formulary,https://www.anthem.com/sitemap.xml > https://www.anthem.com/va/pharmacy-information/drug-list-formulary > http://file.anthem.com/A03093VAMSPABS.pdf > https://file.anthem.com/A03093VAMSPABS.pdf,pdf,,,2026-04-16,200,fa5b4392f72ec4732b978e2fe74f5b12442bc0e2fe504a1c013de9c25475de0f,448292,N,static,sitemap|css_selector|url_pattern,0.85,2026-10-06T17:58:40Z,
Elevance / Anthem,,Unknown,Unknown,PreventiveRx Drug List Legacy PreventiveRx Plus Plan (National),drug_list,https://file.anthem.com/05509ANMENBVA-HN1.1.pdf,https://www.anthem.com/va/pharmacy-information/drug-list-formulary,https://www.anthem.com/sitemap.xml > https://www.anthem.com/va/pharmacy-information/drug-list-formulary > http://file.anthem.com/05509ANMENBVA-HN1.1.pdf > https://file.anthem.com/05509ANMENBVA-HN1.1.pdf,pdf,,,2026-05-14,200,decba3b09b1e7d9ce902fc6adc66a87d6afbf830e3819915d678ebb20b63d8af,440178,N,static,sitemap|css_selector|url_pattern,0.95,2026-10-06T17:58:40Z,
Elevance / Anthem,,Unknown,Unknown,PreventiveRx Drug List Enhanced Plan (National Drug List),drug_list,https://file.anthem.com/A00526VAMENABS.1.pdf,https://www.anthem.com/va/pharmacy-information/drug-list-formulary,https://www.anthem.com/sitemap.xml > https://www.anthem.com/va/pharmacy-information/drug-list-formulary > http://file.anthem.com/A00526VAMENABS.1.pdf > https://file.anthem.com/A00526VAMENABS.1.pdf,pdf,,,2026-04-17,200,eb109b6b256ebc0b420bbb5aa85ed98b6812549f3f30e4ce7bf7a666f93218b6,445189,N,static,sitemap|css_selector|url_pattern,0.95,2026-10-06T17:58:40Z,
Elevance / Anthem,,Alabama,Unknown,PreventiveRx Lista de medicamentos Plan Básico Básico (Lista Nacional de Medicamentos Directos),other,https://file.anthem.com/A03114VAMSPABS.pdf,https://www.anthem.com/va/pharmacy-information/drug-list-formulary,https://www.anthem.com/sitemap.xml > https://www.anthem.com/va/pharmacy-information/drug-list-formulary > https://file.anthem.com/A03114VAMSPABS.pdf,pdf,,,2026-04-27,200,27472213e7591fca55fc334b830f336cb5f73be1db3209558b7d95f29792a0a2,429804,N,static,sitemap|css_selector|url_pattern,0.85,2026-10-06T17:58:40Z,
Elevance / Anthem,,Unknown,Unknown,PreventiveRx Enhanced Drug List Enhanced Plan (Essential Direct Drug List),drug_list,https://file.anthem.com/A03093VAMENABS.pdf,https://www.anthem.com/va/pharmacy-information/drug-list-formulary,https://www.anthem.com/sitemap.xml > https://www.anthem.com/va/pharmacy-information/drug-list-formulary > http://file.anthem.com/A03093VAMENABS.pdf > https://file.anthem.com/A03093VAMENABS.pdf,pdf,,,2026-04-16,200,47f0bf4cd628e6565f211b60051874b28fdde01e0a39b32324b0628839933ef0,445664,N,static,sitemap|css_selector|url_pattern,0.95,2026-10-06T17:58:41Z,
Elevance / Anthem,,Virginia,Unknown,PreventiveRx Drug List Basic Plus Plan (National Direct Drug List),drug_list,https://file.anthem.com/A03114VAMENABS.pdf,https://www.anthem.com/va/pharmacy-information/drug-list-formulary,https://www.anthem.com/sitemap.xml > https://www.anthem.com/va/pharmacy-information/drug-list-formulary > http://file.anthem.com/A03114VAMENABS.pdf > https://file.anthem.com/A03114VAMENABS.pdf,pdf,,,2026-04-27,200,8b377b17d1f9e361c857c998ebbb0ab3669ec7012c396a6441d5cd9d36d61ff8,427853,N,static,sitemap|css_selector|url_pattern,0.95,2026-10-06T17:58:41Z,
Elevance / Anthem,,Virginia,Unknown,PreventiveRx Plus Drug List PreventiveRx Plus Plan (National Direct),drug_list,https://file.anthem.com/A00444ANMENBVA-1.1.pdf,https://www.anthem.com/va/pharmacy-information/drug-list-formulary,https://www.anthem.com/sitemap.xml > https://www.anthem.com/va/pharmacy-information/drug-list-formulary > http://file.anthem.com/A00444ANMENBVA-1.1.pdf > https://file.anthem.com/A00444ANMENBVA-1.1.pdf,pdf,,,2026-04-30,200,d5c40d23300097833a1182ff2466cb8ef066036e4dfca242f8a55aceed3ed8cb,430685,N,static,sitemap|css_selector|url_pattern,0.95,2026-10-06T17:58:41Z,
Elevance / Anthem,,Unknown,Unknown,PreventiveRx Drug List Legacy PreventiveRx Plus Plan (National Direct),drug_list,https://file.anthem.com/A00444ANMENBVA-HN1.1.pdf,https://www.anthem.com/va/pharmacy-information/drug-list-formulary,https://www.anthem.com/sitemap.xml > https://www.anthem.com/va/pharmacy-information/drug-list-formulary > http://file.anthem.com/A00444ANMENBVA-HN1.1.pdf > https://file.anthem.com/A00444ANMENBVA-HN1.1.pdf,pdf,,,2026-05-14,200,63854f8332dd6cc09500b502f13799e314fbd04eecee9e8d1ac23302442ea945,437780,N,static,sitemap|css_selector|url_pattern,0.95,2026-10-06T17:58:41Z,
Elevance / Anthem,,Unknown,Unknown,PreventiveRx Enhanced Drug List Enhanced Plan (National Direct Drug List),drug_list,https://file.anthem.com/A00529VAMENABS.1.pdf,https://www.anthem.com/va/pharmacy-information/drug-list-formulary,https://www.anthem.com/sitemap.xml > https://www.anthem.com/va/pharmacy-information/drug-list-formulary > http://file.anthem.com/A00529VAMENABS.1.pdf > https://file.anthem.com/A00529VAMENABS.1.pdf,pdf,,,2026-04-16,200,835ecce5a0fb91a2218f82d980eac169e590d4d9d7c18c1694a3c4344711dcb4,444462,N,static,sitemap|css_selector|url_pattern,0.95,2026-10-06T17:58:41Z,
Elevance / Anthem,,Alabama,Unknown,PreventiveRx Lista de medicamentos Plan Básico Plus (Lista Nacional de Medicamentos),other,https://file.anthem.com/A03117VAMSPABS.pdf,https://www.anthem.com/va/pharmacy-information/drug-list-formulary,https://www.anthem.com/sitemap.xml > https://www.anthem.com/va/pharmacy-information/drug-list-formulary > http://file.anthem.com/A03117VAMSPABS.pdf > https://file.anthem.com/A03117VAMSPABS.pdf,pdf,,,2026-06-30,200,2ecd2620561b36535097a23feec4dca3da6122dfa0aad36124873ef605094237,498239,N,static,sitemap|css_selector|url_pattern,0.85,2026-10-06T17:58:41Z,
Elevance / Anthem,,Unknown,Unknown,PreventiveRx Expanded Drug List Expanded Plan (National Drug List),drug_list,https://file.anthem.com/13017VAMENABS.pdf,https://www.anthem.com/va/pharmacy-information/drug-list-formulary,https://www.anthem.com/sitemap.xml > https://www.anthem.com/va/pharmacy-information/drug-list-formulary > http://file.anthem.com/13017VAMENABS.pdf > https://file.anthem.com/13017VAMENABS.pdf,pdf,,,2025-07-02,200,58a5466ef096e847e195a84de040357d31e83c708760169953da4071b2d23e44,440430,N,static,sitemap|css_selector|url_pattern,0.95,2026-10-06T17:58:41Z,
Elevance / Anthem,,Virginia,Unknown,PreventiveRx Drug List Basic Plus Plan (National Direct Plus Drug List),drug_list,https://file.anthem.com/A03113VAMENABS.pdf,https://www.anthem.com/va/pharmacy-information/drug-list-formulary,https://www.anthem.com/sitemap.xml > https://www.anthem.com/va/pharmacy-information/drug-list-formulary > http://file.anthem.com/A03113VAMENABS.pdf > https://file.anthem.com/A03113VAMENABS.pdf,pdf,,,2026-04-28,200,84770eab58db673f453479cfa6f4454ff725e18a71f5348b026765afb0ded6aa,94693,N,static,sitemap|css_selector|url_pattern,0.95,2026-10-06T17:58:41Z,
Elevance / Anthem,,Virginia,Unknown,PreventiveRx Plus Drug List PreventiveRx Plus Plan (National Direct Plus),drug_list,https://file.anthem.com/A02819ANMENBVA-4.1.pdf,https://www.anthem.com/va/pharmacy-information/drug-list-formulary,https://www.anthem.com/sitemap.xml > https://www.anthem.com/va/pharmacy-information/drug-list-formulary > http://file.anthem.com/A02819ANMENBVA-4.1.pdf > https://file.anthem.com/A02819ANMENBVA-4.1.pdf,pdf,,,2026-04-30,200,757b9080f6a96859c5e2023d4301df45927867e8b8cecf945d0092161ec1ea03,431997,N,static,sitemap|css_selector|url_pattern,0.95,2026-10-06T17:58:41Z,
Elevance / Anthem,,Alabama,Unknown,PreventiveRx Lista de medicamentos Plan Básico Plus (Lista Nacional de Medicamentos Direct Plus),other,https://file.anthem.com/A03113VAMSPABS.pdf,https://www.anthem.com/va/pharmacy-information/drug-list-formulary,https://www.anthem.com/sitemap.xml > https://www.anthem.com/va/pharmacy-information/drug-list-formulary > http://file.anthem.com/A03113VAMSPABS.pdf > https://file.anthem.com/A03113VAMSPABS.pdf,pdf,,,2026-04-28,200,a2990d9151772fb6850435ae0997ee65e14d21f0719c87b463315aab522c6151,432915,N,static,sitemap|css_selector|url_pattern,0.85,2026-10-06T17:58:41Z,
Elevance / Anthem,,Unknown,Unknown,PreventiveRx Lista de medicamentos Plan mejorado (Lista nacional de medicamentos),other,https://file.anthem.com/A00526VAMSPABS.1.pdf,https://www.anthem.com/va/pharmacy-information/drug-list-formulary,https://www.anthem.com/sitemap.xml > https://www.anthem.com/va/pharmacy-information/drug-list-formulary > http://file.anthem.com/A00526VAMSPABS.1.pdf > https://file.anthem.com/A00526VAMSPABS.1.pdf,pdf,,,2026-04-17,200,790c9f2b1a8f38134cd8c9722f5c635cddac315500a7aea3bd0dd9043ded9954,447689,N,static,sitemap|css_selector|url_pattern,0.85,2026-10-06T17:58:41Z,
Elevance / Anthem,,Unknown,Unknown,PreventiveRx Plus Drug List Legacy PreventiveRx Plus Plan (National Direct Plus),drug_list,https://file.anthem.com/A02819ANMENBVA-HN4.1.pdf,https://www.anthem.com/va/pharmacy-information/drug-list-formulary,https://www.anthem.com/sitemap.xml > https://www.anthem.com/va/pharmacy-information/drug-list-formulary > http://file.anthem.com/A02819ANMENBVA-HN4.1.pdf > https://file.anthem.com/A02819ANMENBVA-HN4.1.pdf,pdf,,,2026-05-15,200,c2b5c60243bc7c182f858e72bdd0f1181cb4966da0951ac1d2808da660aee0fb,440356,N,static,sitemap|css_selector|url_pattern,0.95,2026-10-06T17:58:41Z,
Elevance / Anthem,,Unknown,Unknown,PreventiveRx Enhanced Drug List Enhanced Plan (National Direct Plus Drug List),drug_list,https://file.anthem.com/A02824VAMENABS.pdf,https://www.anthem.com/va/pharmacy-information/drug-list-formulary,https://www.anthem.com/sitemap.xml > https://www.anthem.com/va/pharmacy-information/drug-list-formulary > http://file.anthem.com/A02824VAMENABS.pdf > https://file.anthem.com/A02824VAMENABS.pdf,pdf,,,2026-06-30,200,434c050a9b1128ba50c67e51b18b9fccff6b0916e53bcb421dcba783e5676298,616920,N,static,sitemap|css_selector|url_pattern,0.95,2026-10-06T17:58:42Z,
Elevance / Anthem,,Virginia,Unknown,PreventiveRx Drug List Basic Plus Plan (National Direct Preferred Drug List),drug_list,https://file.anthem.com/A03118VAMENABS.pdf,https://www.anthem.com/va/pharmacy-information/drug-list-formulary,https://www.anthem.com/sitemap.xml > https://www.anthem.com/va/pharmacy-information/drug-list-formulary > http://file.anthem.com/A03118VAMENABS.pdf > https://file.anthem.com/A03118VAMENABS.pdf,pdf,,,2026-04-28,200,0f50be575cf3bc9b691907f824b30b9e26e2ac094bc7ccb855c893b29cd1afc7,430415,N,static,sitemap|css_selector|url_pattern,0.95,2026-10-06T17:58:42Z,
Elevance / Anthem,,Alabama,Unknown,PreventiveRx Lista de medicamentos Plan Básico Plus (Lista Nacional Directa de Medicamentos Preferidos),other,https://file.anthem.com/A03118VAMSPABS.pdf,https://www.anthem.com/va/pharmacy-information/drug-list-formulary,https://www.anthem.com/sitemap.xml > https://www.anthem.com/va/pharmacy-information/drug-list-formulary > http://file.anthem.com/A03118VAMSPABS.pdf > https://file.anthem.com/A03118VAMSPABS.pdf,pdf,,,2026-04-28,200,2a9a7b52a1fc849fbc640a0c11196af7d5f27d0c71a07e7249e7bb6c71f51b12,433139,N,static,sitemap|css_selector|url_pattern,0.85,2026-10-06T17:58:42Z,
Elevance / Anthem,,Unknown,Unknown,PreventiveRx Enhanced Lista de medicamentos Plan Mejorado (Lista Nacional Directa de Medicamentos),other,https://file.anthem.com/A00529VAMSPABS.1.pdf,https://www.anthem.com/va/pharmacy-information/drug-list-formulary,https://www.anthem.com/sitemap.xml > https://www.anthem.com/va/pharmacy-information/drug-list-formulary > http://file.anthem.com/A00529VAMSPABS.1.pdf > https://file.anthem.com/A00529VAMSPABS.1.pdf,pdf,,,2026-04-16,200,996ce434c82639794f9a897109587255a53da1a97662bf3c64ce58211404fcab,446519,N,static,sitemap|css_selector|url_pattern,0.85,2026-10-06T17:58:42Z,
Elevance / Anthem,,Unknown,Unknown,PreventiveRx Enhanced Lista de medicamentos Plan mejorado (Lista nacional directa de medicamentos preferidos),other,https://file.anthem.com/A03094VAMSPABS.pdf,https://www.anthem.com/va/pharmacy-information/drug-list-formulary,https://www.anthem.com/sitemap.xml > https://www.anthem.com/va/pharmacy-information/drug-list-formulary > http://file.anthem.com/A03094VAMSPABS.pdf > https://file.anthem.com/A03094VAMSPABS.pdf,pdf,,,2026-04-16,200,678d9c6b90a8ac889d40585347393c36a8d9e096b5ec50c3f21f5b96f801ab0c,448010,N,static,sitemap|css_selector|url_pattern,0.85,2026-10-06T17:58:42Z,
Elevance / Anthem,,Alabama,Unknown,PreventiveRx Plus Lista de medicamentos Plan PreventiveRx Plan (VA Select),other,https://file.anthem.com/04680VAMSPABS-1.1.pdf,https://www.anthem.com/va/pharmacy-information/drug-list-formulary,https://www.anthem.com/sitemap.xml > https://www.anthem.com/va/pharmacy-information/drug-list-formulary > http://file.anthem.com/04680VAMSPABS-1.1.pdf > https://file.anthem.com/04680VAMSPABS-1.1.pdf,pdf,,,2026-05-03,200,8823daa36764e1f04de2ef002c21d52a8d61084c0532a2e58bc12b7c618e87a2,432484,N,static,sitemap|css_selector|url_pattern,0.85,2026-10-06T17:58:42Z,
Elevance / Anthem,,Virginia,Unknown,PreventiveRx Lista de medicamentos Plan Legacy PreventiveRx Plus (VA Select),other,https://file.anthem.com/04680VAMSPABS-HN1.1.pdf,https://www.anthem.com/va/pharmacy-information/drug-list-formulary,https://www.anthem.com/sitemap.xml > https://www.anthem.com/va/pharmacy-information/drug-list-formulary > http://file.anthem.com/04680VAMSPABS-HN1.1.pdf > https://file.anthem.com/04680VAMSPABS-HN1.1.pdf,pdf,,,2026-05-27,200,56d164fe2babe99e9a06e54a0a016428a488ccb160ed5edf4684573240d5eb00,110183,N,static,sitemap|css_selector|url_pattern,0.85,2026-10-06T17:58:42Z,
Elevance / Anthem,,Unknown,Unknown,PreventiveRx Enhanced Lista de medicamentos Plan mejorado (Lista nacional de medicamentos Direct Plus),other,https://file.anthem.com/A02824VAMSPABS.pdf,https://www.anthem.com/va/pharmacy-information/drug-list-formulary,https://www.anthem.com/sitemap.xml > https://www.anthem.com/va/pharmacy-information/drug-list-formulary > http://file.anthem.com/A02824VAMSPABS.pdf > https://file.anthem.com/A02824VAMSPABS.pdf,pdf,,,2026-06-30,200,4a198b88ba0d2e6d5f497ed9f0925f3f7eae7c45fdfabd7e4e0d5105fe2285f3,618226,N,static,sitemap|css_selector|url_pattern,0.85,2026-10-06T17:58:42Z,
Elevance / Anthem,,Alabama,Unknown,PreventiveRx Plus Lista de medicamentos Plan PreventiveRx Plus (Preferido Nacional Directo),other,https://file.anthem.com/A03086ANMSPBVA.pdf,https://www.anthem.com/va/pharmacy-information/drug-list-formulary,https://www.anthem.com/sitemap.xml > https://www.anthem.com/va/pharmacy-information/drug-list-formulary > http://file.anthem.com/A03086ANMSPBVA.pdf > https://file.anthem.com/A03086ANMSPBVA.pdf,pdf,,,2026-04-29,200,e712fad3de084a77daa034ed48a93b6c9d516c8ed0294448f7e62427cd3ffbc5,434466,N,static,sitemap|css_selector|url_pattern,0.85,2026-10-06T17:58:42Z,
Elevance / Anthem,,Virginia,Unknown,PreventiveRx Plus Drug List PreventiveRx Plus Plan (National Direct Preferred),drug_list,https://file.anthem.com/A03086ANMENBVA.pdf,https://www.anthem.com/va/pharmacy-information/drug-list-formulary,https://www.anthem.com/sitemap.xml > https://www.anthem.com/va/pharmacy-information/drug-list-formulary > http://file.anthem.com/A03086ANMENBVA.pdf > https://file.anthem.com/A03086ANMENBVA.pdf,pdf,,,2026-04-29,200,755cec20b81d2242af6b7154310a4b1990750f9dad27da2e22e1309394fa3579,431640,N,static,sitemap|css_selector|url_pattern,0.95,2026-10-06T17:58:42Z,
Elevance / Anthem,,Unknown,Unknown,PreventiveRx Enhanced Drug List Enhanced Plan (National Direct Preferred Drug List),drug_list,https://file.anthem.com/A03094VAMENABS.pdf,https://www.anthem.com/va/pharmacy-information/drug-list-formulary,https://www.anthem.com/sitemap.xml > https://www.anthem.com/va/pharmacy-information/drug-list-formulary > http://file.anthem.com/A03094VAMENABS.pdf > https://file.anthem.com/A03094VAMENABS.pdf,pdf,,,2026-04-16,200,3792784d8b6d1ee08513d6981bdb4fa4ed36c48d5cb9e44d60795fa7ae0461c9,445706,N,static,sitemap|css_selector|url_pattern,0.95,2026-10-06T17:58:42Z,
Elevance / Anthem,,Virginia,Unknown,PreventiveRx Plus Drug List PreventiveRx Plus Plan (VA Select),drug_list,https://file.anthem.com/04680VAMENABS-1.1.pdf,https://www.anthem.com/va/pharmacy-information/drug-list-formulary,https://www.anthem.com/sitemap.xml > https://www.anthem.com/va/pharmacy-information/drug-list-formulary > http://file.anthem.com/04680VAMENABS-1.1.pdf > https://file.anthem.com/04680VAMENABS-1.1.pdf,pdf,,,2026-05-03,200,582d080450635719e8774db9a2cf2e755ec4d9fe6225d137a86152441b1f488f,430458,N,static,sitemap|css_selector|url_pattern,0.95,2026-10-06T17:58:43Z,
Elevance / Anthem,,Alabama,Unknown,Right Drug Right Channel – Pharmacy Benefit This is a list of the drugs only covered under the pharmacy benefit. Members should talk with the prescribing physician about determination,drug_list,https://file.anthem.com/05308VAMENBVA.pdf,https://www.anthem.com/va/pharmacy-information/drug-list-formulary,https://www.anthem.com/sitemap.xml > https://www.anthem.com/va/pharmacy-information/drug-list-formulary > https://file.anthem.com/05308VAMENBVA.pdf,pdf,,,2025-08-21,200,009f58ba14f371f8fdddd431487b87b7aef7311975f0828fb0e6b4f56f10a9c4,414853,N,static,sitemap|css_selector|url_pattern,0.95,2026-10-06T17:58:43Z,
Elevance / Anthem,,Unknown,Unknown,PreventiveRx Enhanced Drug List Enhanced Plan (Virgina Select Drug List),drug_list,https://file.anthem.com/A00530VAMENABS.1.pdf,https://www.anthem.com/va/pharmacy-information/drug-list-formulary,https://www.anthem.com/sitemap.xml > https://www.anthem.com/va/pharmacy-information/drug-list-formulary > http://file.anthem.com/A00530VAMENABS.1.pdf > https://file.anthem.com/A00530VAMENABS.1.pdf,pdf,,,2026-05-06,200,e5bee8f083c6bece1d1315c42ae2bf38c20be930dc64d879442563f2ca26be02,441730,N,static,sitemap|css_selector|url_pattern,0.95,2026-10-06T17:58:43Z,
Elevance / Anthem,,Virginia,Unknown,PreventiveRx Drug List Legacy PreventiveRx Plus Plan (VA Select),drug_list,https://file.anthem.com/04680VAMENABS-HN1.1.pdf,https://www.anthem.com/va/pharmacy-information/drug-list-formulary,https://www.anthem.com/sitemap.xml > https://www.anthem.com/va/pharmacy-information/drug-list-formulary > http://file.anthem.com/04680VAMENABS-HN1.1.pdf > https://file.anthem.com/04680VAMENABS-HN1.1.pdf,pdf,,,2026-05-27,200,ebf08f4a26e007ea43975c0e1b711a98a9c464c17f1154d2c13ea7982c0c47aa,436035,N,static,sitemap|css_selector|url_pattern,0.95,2026-10-06T17:58:43Z,
Elevance / Anthem,,Unknown,Unknown,"Home Delivery and Rx Maintenance 90 Drug List Depending on your home delivery coverage, the drugs listed below must be obtained through your home delivery benefit to obtain a",drug_list,https://file.anthem.com/24804VAMENBVA.pdf,https://www.anthem.com/va/pharmacy-information/drug-list-formulary,https://www.anthem.com/sitemap.xml > https://www.anthem.com/va/pharmacy-information/drug-list-formulary > https://file.anthem.com/24804VAMENBVA.pdf,pdf,,,2026-06-08,200,a2cd911114f91fefd1e1c46ffd9bfb3977f5b09e3c7084c568dc9a8ff79abc86,487797,N,static,sitemap|css_selector|url_pattern,0.95,2026-10-06T17:58:43Z,
Elevance / Anthem,,Unknown,Unknown,PreventiveRx Enhanced Lista de medicamentos Enhanced Plan (Virgina Select Drug List),drug_list,https://file.anthem.com/A00530VAMSPABS.1.pdf,https://www.anthem.com/va/pharmacy-information/drug-list-formulary,https://www.anthem.com/sitemap.xml > https://www.anthem.com/va/pharmacy-information/drug-list-formulary > http://file.anthem.com/A00530VAMSPABS.1.pdf > https://file.anthem.com/A00530VAMSPABS.1.pdf,pdf,,,2026-05-06,200,5e90a9ba0af469491cbeb1a83a92c681630bcee6fea13c848911a4f249521342,452508,N,static,sitemap|css_selector|url_pattern,0.95,2026-10-06T17:58:44Z,
Elevance / Anthem,,Alabama,Unknown,"Lista de medicamentos de mantenimiento Según qué plan de salud nuestro tengas, es posible que debas obtener los medicamentos de mantenimiento por medio de una entrega",other,https://file.anthem.com/24804VAMSPBVA.pdf,https://www.anthem.com/va/pharmacy-information/drug-list-formulary,https://www.anthem.com/sitemap.xml > https://www.anthem.com/va/pharmacy-information/drug-list-formulary > https://file.anthem.com/24804VAMSPBVA.pdf,pdf,,,2026-06-03,200,bfa5b0cda240b72bb61fb005887729e03a7659ade38fdf973a1d340934864725,494584,N,static,sitemap|css_selector|url_pattern,0.85,2026-10-06T17:58:44Z,
Elevance / Anthem,,Georgia,Unknown,Right Drug Right Channel – Medical Benefit This is a list of clinician-administered drugs only covered under the medical benefit for certain groups. Members should talk with the,drug_list,https://file.anthem.com/03771VAMENBVA.pdf,https://www.anthem.com/va/pharmacy-information/drug-list-formulary,https://www.anthem.com/sitemap.xml > https://www.anthem.com/va/pharmacy-information/drug-list-formulary > http://file.anthem.com/03771VAMENBVA.pdf > https://file.anthem.com/03771VAMENBVA.pdf,pdf,,,2026-04-25,200,59cf64809600d53497ac15d7d1b3440b17535244fdb517a37cb40fc4e9eff6c1,437675,N,static,sitemap|css_selector|url_pattern,0.95,2026-10-06T17:58:44Z,
Elevance / Anthem,,Unknown,Unknown,PreventiveRx Enhanced Drug List Enhanced Plan (Traditional Drug List),drug_list,https://file.anthem.com/A00528VAMENABS.1.pdf,https://www.anthem.com/va/pharmacy-information/drug-list-formulary,https://www.anthem.com/sitemap.xml > https://www.anthem.com/va/pharmacy-information/drug-list-formulary > http://file.anthem.com/A00528VAMENABS.1.pdf > https://file.anthem.com/A00528VAMENABS.1.pdf,pdf,,,2026-04-21,200,12c65a0688306cfb4f27479f32710b4629aa80fe28b3a2db42649bd41c854361,445360,N,static,sitemap|css_selector|url_pattern,0.95,2026-10-06T17:58:44Z,
Elevance / Anthem,,Unknown,Unknown,PreventiveRx Enhanced Lista de medicamentos Plan mejorado (Lista de medicamentos tradicional),other,https://file.anthem.com/A00528VAMSPABS.1.pdf,https://www.anthem.com/va/pharmacy-information/drug-list-formulary,https://www.anthem.com/sitemap.xml > https://www.anthem.com/va/pharmacy-information/drug-list-formulary > http://file.anthem.com/A00528VAMSPABS.1.pdf > https://file.anthem.com/A00528VAMSPABS.1.pdf,pdf,,,2026-04-22,200,5ad75ff365a8d4cdeb559579cada8f1007f67764110f40d2e4b2141e0c310d4b,447455,N,static,sitemap|css_selector|url_pattern,0.85,2026-10-06T17:58:44Z,
Elevance / Anthem,,Virginia,Unknown,PreventiveRx Drug List Basic Plus Plan (Traditional Drug List),drug_list,https://file.anthem.com/A03115VAMENABS.pdf,https://www.anthem.com/va/pharmacy-information/drug-list-formulary,https://www.anthem.com/sitemap.xml > https://www.anthem.com/va/pharmacy-information/drug-list-formulary > http://file.anthem.com/A03115VAMENABS.pdf > https://file.anthem.com/A03115VAMENABS.pdf,pdf,,,2026-06-29,200,95fe1b2824d3c47c8d3ac4e94a2c77683cdfa9cbcc87bb3968ae6b9f79cde8e2,496400,N,static,sitemap|css_selector|url_pattern,0.95,2026-10-06T17:58:44Z,
Elevance / Anthem,,Illinois,Unknown,"Our health plans offer all the preventive care services and immunizations below at no cost to you1. You won’t have to pay anything when you use a doctor, pharmacy, or lab in your plan’s network. If you go to doctors or facilities outside",other,https://file.anthem.com/43199VAMENBVA.pdf,https://www.anthem.com/va/pharmacy-information/drug-list-formulary,https://www.anthem.com/sitemap.xml > https://www.anthem.com/va/pharmacy-information/drug-list-formulary > https://file.anthem.com/43199VAMENBVA.pdf,pdf,,,2025-08-14,200,460ad82526742c34d281ef32da6da8df8e9015511b35c85a10008be24f60b246,601625,N,static,sitemap|css_selector|url_pattern,0.85,2026-10-06T17:58:44Z,
Elevance / Anthem,,California,Exchange,Prior Authorization Request Brand Contraceptive Copay Waiver,pa_list,https://www.anthem.com/content/dam/digital/docs/pharmacy-information/anthem-va-brand-contraceptive-copay-waiver-form.pdf,https://www.anthem.com/va/pharmacy-information/drug-list-formulary,https://www.anthem.com/sitemap.xml > https://www.anthem.com/va/pharmacy-information/drug-list-formulary > https://www.anthem.com/content/dam/digital/docs/pharmacy-information/anthem-va-brand-contraceptive-copay-waiver-form.pdf,pdf,,,2024-08-01,200,ec41df3e36d20c7c58fb50369c89b78f8ab780a6f6d40d3aae582a0cc701bf93,156183,N,static,sitemap|css_selector|url_pattern,0.95,2026-10-06T17:58:44Z,
Elevance / Anthem,,Unknown,Unknown,Prior Authorization Request Breast Cancer Prevention,pa_list,https://www.anthem.com/content/dam/digital/docs/pharmacy-information/anthem_va_breast_cancer_copay_waiver_form.pdf,https://www.anthem.com/va/pharmacy-information/drug-list-formulary,https://www.anthem.com/sitemap.xml > https://www.anthem.com/va/pharmacy-information/drug-list-formulary > https://www.anthem.com/content/dam/digital/docs/pharmacy-information/anthem_va_breast_cancer_copay_waiver_form.pdf,pdf,,,2024-07-19,200,c03eb05c41f92621fde39201a5c8fe2cd7ba9b33459bfbc6603d7560ada469ad,208264,N,static,sitemap|css_selector|url_pattern,0.95,2026-10-06T17:58:44Z,
Elevance / Anthem,,Unknown,Unknown,Medical Benefit Drug List The drugs listed below are considered Medical Specialty Pharmacy (MSP) products and are typically covered under the member’s,drug_list,https://file.anthem.com/A00636VAPENBVA.pdf,https://www.anthem.com/va/pharmacy-information/drug-list-formulary,https://www.anthem.com/sitemap.xml > https://www.anthem.com/va/pharmacy-information/drug-list-formulary > https://file.anthem.com/A00636VAPENBVA.pdf,pdf,,,2026-07-21,200,8bd88ee67179d66068d1eab8ad1702e2fcabeb4dc04c6bc425c4482f9a754672,1573518,N,static,sitemap|css_selector|url_pattern,0.95,2026-10-06T17:58:44Z,
Elevance / Anthem,,Unknown,Unknown,ACA Contraceptive for Religious Affiliate Group Drug List Preventive care can help keep you healthy and may even save your life. Getting routine health exams and screenings can,drug_list,https://file.anthem.com/A00898MUMENBVA.pdf,https://www.anthem.com/va/pharmacy-information/drug-list-formulary,https://www.anthem.com/sitemap.xml > https://www.anthem.com/va/pharmacy-information/drug-list-formulary > http://file.anthem.com/A00898MUMENBVA.pdf > https://file.anthem.com/A00898MUMENBVA.pdf,pdf,,,2025-02-27,200,42cea82cdd524cda81d321fbc5026b8df40fc7c6c66c8d00ae78119e7c0fb5c1,533892,N,static,sitemap|css_selector|url_pattern,0.95,2026-10-06T17:58:45Z,
Elevance / Anthem,,Unknown,Unknown,ACA Preventive Care Drug List Preventive care can help keep you healthy and may even save your life. Getting routine health exams and screenings can,drug_list,https://file.anthem.com/61088VAMENBVA.pdf,https://www.anthem.com/va/pharmacy-information/drug-list-formulary,https://www.anthem.com/sitemap.xml > https://www.anthem.com/va/pharmacy-information/drug-list-formulary > http://file.anthem.com/61088VAMENBVA.pdf > https://file.anthem.com/61088VAMENBVA.pdf,pdf,,,2025-12-12,200,d90c089b93da5deeb7f7168b808e89e96e0cc21765bb6cd3bb2d887e751cdb10,264785,N,static,sitemap|css_selector|url_pattern,0.95,2026-10-06T17:58:45Z,
Elevance / Anthem,,Pennsylvania,Unknown,Select Drug List Drug list — Four Tier Drug Plan,drug_list,https://fm.formularynavigator.com/FBO/143/2026_Select_4_Tier_WI_IND.pdf,https://www.anthem.com/wi/pharmacy-information/drug-list-formulary,https://www.anthem.com/sitemap.xml > https://www.anthem.com/wi/pharmacy-information/drug-list-formulary > https://fm.formularynavigator.com/FBO/143/2026_Select_4_Tier_WI_IND.pdf,pdf,,,,200,957fee757e386b797c39e90f93385a82742ef6ec65d124512542cf0e05fb43fc,798121,N,static,sitemap|css_selector|url_pattern,0.9,2026-10-06T17:58:46Z,
Elevance / Anthem,,Alabama,Unknown,Lista de medicamentos seleccionados Lista de medicamentos — Plan de medicamentos de cuatro niveles,other,https://fm.formularynavigator.com/FBO/143/2025_Select_4_Tier_WI_IND_SP.pdf,https://www.anthem.com/wi/pharmacy-information/drug-list-formulary,https://www.anthem.com/sitemap.xml > https://www.anthem.com/wi/pharmacy-information/drug-list-formulary > https://fm.formularynavigator.com/FBO/143/2025_Select_4_Tier_WI_IND_SP.pdf,pdf,,,,200,964e26d02106f63f6dc89f9262cb821b67cd3e2779242865ead2324537e02765,782785,N,static,sitemap|css_selector|url_pattern,0.8,2026-10-06T17:58:47Z,
Elevance / Anthem,,Pennsylvania,Unknown,Select Drug List Drug list — Four Tier Drug Plan,drug_list,https://fm.formularynavigator.com/FBO/143/2026_Select_4_Tier_WI_SG.pdf,https://www.anthem.com/wi/pharmacy-information/drug-list-formulary,https://www.anthem.com/sitemap.xml > https://www.anthem.com/wi/pharmacy-information/drug-list-formulary > https://fm.formularynavigator.com/FBO/143/2026_Select_4_Tier_WI_SG.pdf,pdf,,,,200,33469b8a692ed16aa906a7ab1254c488b1276e79d50754dc23262e4b2f5d3161,901895,N,static,sitemap|css_selector|url_pattern,0.9,2026-10-06T17:58:47Z,
Elevance / Anthem,,Alabama,Unknown,Lista de medicamentos seleccionados Lista de medicamentos — Plan de medicamentos de cuatro niveles,other,https://fm.formularynavigator.com/FBO/143/2026_Select_4_Tier_WI_IND_SP.pdf,https://www.anthem.com/wi/pharmacy-information/drug-list-formulary,https://www.anthem.com/sitemap.xml > https://www.anthem.com/wi/pharmacy-information/drug-list-formulary > https://fm.formularynavigator.com/FBO/143/2026_Select_4_Tier_WI_IND_SP.pdf,pdf,,,,200,a2c8c36a41a3b339ec9260ebe71a77b079ffc3f6a17e1fa2d9d33484857a9046,769463,N,static,sitemap|css_selector|url_pattern,0.8,2026-10-06T17:58:47Z,
Elevance / Anthem,,Alabama,Unknown,Lista de medicamentos seleccionados Lista de medicamentos — Plan de medicamentos de cuatro niveles,other,https://fm.formularynavigator.com/FBO/143/2027_Select_4_Tier_WI_IND_SP.pdf,https://www.anthem.com/wi/pharmacy-information/drug-list-formulary,https://www.anthem.com/sitemap.xml > https://www.anthem.com/wi/pharmacy-information/drug-list-formulary > https://fm.formularynavigator.com/FBO/143/2027_Select_4_Tier_WI_IND_SP.pdf,pdf,,,,200,fd113ddda3c4ddbfe3db92216649c549d9bb0d89290d5f90a92b2f68eb1b1a43,1176624,N,static,sitemap|css_selector|url_pattern,0.8,2026-10-06T17:58:47Z,
Elevance / Anthem,,Pennsylvania,Unknown,Select Drug List Drug list — Four Tier Drug Plan,drug_list,https://fm.formularynavigator.com/FBO/143/2027_Select_Tier_4_WI_SG_Split.pdf,https://www.anthem.com/wi/pharmacy-information/drug-list-formulary,https://www.anthem.com/sitemap.xml > https://www.anthem.com/wi/pharmacy-information/drug-list-formulary > https://fm.formularynavigator.com/FBO/143/2027_Select_Tier_4_WI_SG_Split.pdf,pdf,,,,200,3cb24849bc787400628ea5b2eab05cb8cc0b6938a258c2ff54b9bcfc30fbec14,1098010,N,static,sitemap|css_selector|url_pattern,0.9,2026-10-06T17:58:47Z,
Elevance / Anthem,,Alabama,Unknown,Lista de medicamentos seleccionados Lista de medicamentos — Plan de medicamentos de cuatro niveles,other,https://fm.formularynavigator.com/FBO/143/2027_Select_4_Tier_WI_SG_Split_SP.pdf,https://www.anthem.com/wi/pharmacy-information/drug-list-formulary,https://www.anthem.com/sitemap.xml > https://www.anthem.com/wi/pharmacy-information/drug-list-formulary > https://fm.formularynavigator.com/FBO/143/2027_Select_4_Tier_WI_SG_Split_SP.pdf,pdf,,,,200,75de7a628bb1f9cd56d4c0d8dadc91fa0840c4850418e6cc32d8d0d3b61d7edb,1176426,N,static,sitemap|css_selector|url_pattern,0.8,2026-10-06T17:58:47Z,
Elevance / Anthem,,Pennsylvania,Unknown,Select Drug List Drug list — Four Tier Drug Plan,drug_list,https://fm.formularynavigator.com/FBO/143/2025_Select_4_Tier_WI_IND.pdf,https://www.anthem.com/wi/pharmacy-information/drug-list-formulary,https://www.anthem.com/sitemap.xml > https://www.anthem.com/wi/pharmacy-information/drug-list-formulary > https://fm.formularynavigator.com/FBO/143/2025_Select_4_Tier_WI_IND.pdf,pdf,,,,200,90f97dd12f414606af8a08a63558fe3e08b2612769f727e9461a4b58512963aa,935736,N,static,sitemap|css_selector|url_pattern,0.9,2026-10-06T17:58:47Z,
Elevance / Anthem,,Alabama,Unknown,Lista de medicamentos Seleccionados Lista de medicamentos — Plan de medicamentos de cuatro niveles,other,https://fm.formularynavigator.com/FBO/143/2026_Select_4_Tier_WI_SG_SP.pdf,https://www.anthem.com/wi/pharmacy-information/drug-list-formulary,https://www.anthem.com/sitemap.xml > https://www.anthem.com/wi/pharmacy-information/drug-list-formulary > https://fm.formularynavigator.com/FBO/143/2026_Select_4_Tier_WI_SG_SP.pdf,pdf,,,,200,5d7bd60d9f79adf4d41687c6cf246ba1fa54eecf483c766b612ae6be03a4a9cc,769447,N,static,sitemap|css_selector|url_pattern,0.8,2026-10-06T17:58:48Z,
Elevance / Anthem,,Alabama,Unknown,Lista de medicamentos Seleccionados Lista de medicamentos — Plan de medicamentos de cuatro niveles,other,https://fm.formularynavigator.com/FBO/143/2025_Select_4_Tier_WI_SG_SP.pdf,https://www.anthem.com/wi/pharmacy-information/drug-list-formulary,https://www.anthem.com/sitemap.xml > https://www.anthem.com/wi/pharmacy-information/drug-list-formulary > https://fm.formularynavigator.com/FBO/143/2025_Select_4_Tier_WI_SG_SP.pdf,pdf,,,,200,a18bc7f8717ce8b5db4f867f310678bde08fc721674fbf07d0fbd95565f4307a,784918,N,static,sitemap|css_selector|url_pattern,0.8,2026-10-06T17:58:48Z,
Elevance / Anthem,,Pennsylvania,Unknown,Select Drug List Drug list — Four Tier Drug Plan,drug_list,https://fm.formularynavigator.com/FBO/143/2025_Select_4_Tier_WI_SG.pdf,https://www.anthem.com/wi/pharmacy-information/drug-list-formulary,https://www.anthem.com/sitemap.xml > https://www.anthem.com/wi/pharmacy-information/drug-list-formulary > https://fm.formularynavigator.com/FBO/143/2025_Select_4_Tier_WI_SG.pdf,pdf,,,,200,4ec7a59a6e01a0230eb4d3e5c3f1f080f3b085a59c32c5157348a39d89c7f94e,914816,N,static,sitemap|css_selector|url_pattern,0.9,2026-10-06T17:58:48Z,
Elevance / Anthem,,Colorado,Unknown,CarelonRx in Colorado UNIFORM PHARMACY PRIOR AUTHORIZATION REQUEST FORM,pa_list,https://www.anthem.com/microsites/pharmacy-information/pa-docs/co-rx-prior-auth-form.pdf,https://www.anthem.com/microsites/pharmacy-information/prior-auth.html,https://www.anthem.com/sitemap.xml > https://www.anthem.com/pharmacy-information/drug-list-formulary > https://www.anthem.com/ms/pharmacyinformation/priorauth.html > https://www.anthem.com/microsites/pharmacy-information/pa-docs/co-rx-prior-auth-form.pdf,pdf,,,2026-05-08,200,ba44a7d8e5bcfb151942fe9858e407e81cd104bb0a998a4c42eb64ed3d41ddb2,256544,N,static,sitemap|css_selector|url_pattern,0.95,2026-10-06T17:58:49Z,
Elevance / Anthem,,Unknown,Unknown,PreventiveRx Drug List Legacy PreventiveRx Plus Plan (WI Select),drug_list,https://file.anthem.com/04680WIMENABS-HN1.1.pdf,https://www.anthem.com/wi/pharmacy-information/drug-list-formulary,https://www.anthem.com/sitemap.xml > https://www.anthem.com/wi/pharmacy-information/drug-list-formulary > http://file.anthem.com/04680WIMENABS-HN1.1.pdf > https://file.anthem.com/04680WIMENABS-HN1.1.pdf,pdf,,,2026-05-27,200,1b4aad5265684421c16ee24f4eedcc28347065afe2dc8880aa6d515cd9e4dc8a,435293,N,static,sitemap|css_selector|url_pattern,0.95,2026-10-06T17:58:49Z,
Elevance / Anthem,,Unknown,Unknown,PreventiveRx Lista de medicamentos Plan Legacy PreventiveRx Plus (WI Select),other,https://file.anthem.com/04680WIMSPABS-HN1.1.pdf,https://www.anthem.com/wi/pharmacy-information/drug-list-formulary,https://www.anthem.com/sitemap.xml > https://www.anthem.com/wi/pharmacy-information/drug-list-formulary > http://file.anthem.com/04680WIMSPABS-HN1.1.pdf > https://file.anthem.com/04680WIMSPABS-HN1.1.pdf,pdf,,,2026-05-27,200,8bb05625bf9a4a6c165b9c7bdad592c4ec315255196d417c23f3fdb6fd1d344f,438684,N,static,sitemap|css_selector|url_pattern,0.85,2026-10-06T17:58:49Z,
Elevance / Anthem,,Unknown,Unknown,PreventiveRx Plus Drug List PreventiveRx Plus Plan (WI Select),drug_list,https://file.anthem.com/04680WIMENABS-1.1.pdf,https://www.anthem.com/wi/pharmacy-information/drug-list-formulary,https://www.anthem.com/sitemap.xml > https://www.anthem.com/wi/pharmacy-information/drug-list-formulary > http://file.anthem.com/04680WIMENABS-1.1.pdf > https://file.anthem.com/04680WIMENABS-1.1.pdf,pdf,,,2026-05-03,200,82663d4d5bf7d04744ed6b488e5c54c11ba9c6754ee79b8e8ab3a6109892e0fe,429637,N,static,sitemap|css_selector|url_pattern,0.95,2026-10-06T17:58:49Z,
Elevance / Anthem,,Georgia,Unknown,"The 2024 State Health Benefit Plan Copayment/Coinsurance Waiver Medication List As a State Health Benefit Plan member, if you enroll and actively participate in the Case Management Program",pa_list,https://www.anthem.com/content/dam/digital/docs/provider/commercial/general/SHBPCoinsuranceWaiver.pdf,https://www.anthem.com/ga/provider/individual-commercial/prior-authorization,https://www.anthem.com/sitemap.xml > https://www.anthem.com/ga/provider/individual-commercial/prior-authorization/medical-policy-tool > https://www.anthem.com/ga/provider/individual-commercial/prior-authorization > https://www.anthem.com/content/dam/digital/docs/provider/commercial/general/SHBPCoinsuranceWaiver.pdf,pdf,,,2024-10-04,200,eecf960428540f9050672298a6fbecac96bd3e7001c24a90ede78f24a5edd4a9,120708,N,static,sitemap|css_selector|url_pattern,0.95,2026-10-06T17:58:49Z,
Elevance / Anthem,,Unknown,Unknown,Appendix B NEW HAMPSHIRE UNIFORM PRIOR AUTHORIZATION,pa_list,https://www.anthem.com/microsites/pharmacy-information/pa-docs/nh-rx-prior-auth-form.pdf,https://www.anthem.com/microsites/pharmacy-information/prior-auth.html,https://www.anthem.com/sitemap.xml > https://www.anthem.com/pharmacy-information/drug-list-formulary > https://www.anthem.com/ms/pharmacyinformation/priorauth.html > https://www.anthem.com/microsites/pharmacy-information/pa-docs/nh-rx-prior-auth-form.pdf,pdf,,,2026-05-08,200,1bd4f6c19c18539c073790d14b441771cb8348a7e1c54684a99f88b89a64b564,428089,N,static,sitemap|css_selector|url_pattern,0.95,2026-10-06T17:58:49Z,
Elevance / Anthem,,Alabama,Unknown,PreventiveRx Plus Lista de medicamentos Plan PreventiveRx Plus (WI Select),other,https://file.anthem.com/04680WIMSPABS-1.1.pdf,https://www.anthem.com/wi/pharmacy-information/drug-list-formulary,https://www.anthem.com/sitemap.xml > https://www.anthem.com/wi/pharmacy-information/drug-list-formulary > http://file.anthem.com/04680WIMSPABS-1.1.pdf > https://file.anthem.com/04680WIMSPABS-1.1.pdf,pdf,,,2026-05-03,200,b2259e30c064bf32b45aab5337e43128e92be506b44de67db696b7feed25d066,432656,N,static,sitemap|css_selector|url_pattern,0.85,2026-10-06T17:58:49Z,
Elevance / Anthem,,Unknown,Unknown,,other,https://www.anthem.com/content/dam/digital/docs/provider/commercial/general/SHBPMASampleIDCards.pdf,https://www.anthem.com/ga/provider/individual-commercial/prior-authorization,https://www.anthem.com/sitemap.xml > https://www.anthem.com/ga/provider/individual-commercial/prior-authorization/medical-policy-tool > https://www.anthem.com/ga/provider/individual-commercial/prior-authorization > https://www.anthem.com/content/dam/digital/docs/provider/commercial/general/SHBPMASampleIDCards.pdf,pdf,,,2024-10-04,200,e61df1b979ea366162e328e619c69f2c2842b827fd665b0042f0699dbe97301b,326579,N,static,sitemap|css_selector|url_pattern,0.75,2026-10-06T17:58:49Z,
Elevance / Anthem,,Georgia,Commercial,"Anthem Blue Cross and Blue Shield is the trade name of Blue Cross Blue Shield Healthcare Plan of Georgia, Inc. Independent licensee of the Blue Cross Blue Shield Association. Anthem is a registered trademark of Anthem Insurance Companies, Inc.",other,https://www.anthem.com/content/dam/digital/docs/provider/commercial/general/SHBPSampleIDCards.pdf,https://www.anthem.com/ga/provider/individual-commercial/prior-authorization,https://www.anthem.com/sitemap.xml > https://www.anthem.com/ga/provider/individual-commercial/prior-authorization/medical-policy-tool > https://www.anthem.com/ga/provider/individual-commercial/prior-authorization > https://www.anthem.com/content/dam/digital/docs/provider/commercial/general/SHBPSampleIDCards.pdf,pdf,,,2024-10-04,200,c2cbc33f3236404508c5640687e81513b6d447d50375f80d125eceea88781f0e,573136,N,static,sitemap|css_selector|url_pattern,0.85,2026-10-06T17:58:49Z,
Elevance / Anthem,,Unknown,Unknown,PreventiveRx Enhanced Drug List Enhanced Plan (Wisconsin Select Drug List),drug_list,https://file.anthem.com/A00530WIMENABS.1.pdf,https://www.anthem.com/wi/pharmacy-information/drug-list-formulary,https://www.anthem.com/sitemap.xml > https://www.anthem.com/wi/pharmacy-information/drug-list-formulary > http://file.anthem.com/A00530WIMENABS.1.pdf > https://file.anthem.com/A00530WIMENABS.1.pdf,pdf,,,2026-05-06,200,36c8fbc2b5b9f55730387c3ad16f3a7d230f5187bbfce69d11b8b13b688f1bb4,445718,N,static,sitemap|css_selector|url_pattern,0.95,2026-10-06T17:58:49Z,
Elevance / Anthem,,Pennsylvania,Unknown,Select Drug List Drug list — Four Tier Drug Plan,drug_list,https://fm.formularynavigator.com/FBO/143/2027_Select_4_Tier_WI_IND.pdf,https://www.anthem.com/wi/pharmacy-information/drug-list-formulary,https://www.anthem.com/sitemap.xml > https://www.anthem.com/wi/pharmacy-information/drug-list-formulary > https://fm.formularynavigator.com/FBO/143/2027_Select_4_Tier_WI_IND.pdf,pdf,,,,200,c3dacccf1148d339cef38e203a87c2e92151f1e353c90b6295f6b54e853e1d78,1082883,N,static,sitemap|css_selector|url_pattern,0.9,2026-10-06T17:58:49Z,
Elevance / Anthem,,Unknown,Medicare Advantage,Questions? Email CMSInteroperablity@cms.hhs.gov Best Practices for Patient and Provider Educational Resources,pa_list,https://www.cms.gov/files/document/patient-and-provider-educational-resources07012024.pdf,https://www.cms.gov/initiatives/burden-reduction/overview/interoperability/policies-regulations/cms-interoperability-prior-authorization-final-rule-cms-0057-f,https://www.anthem.com/sitemap.xml > https://www.anthem.com/va/medicaid/prior-authorization-report > https://www.cms.gov/priorities/burden-reduction/overview/interoperability/policies-regulations/cms-interoperability-prior-authorization-final-rule-cms-0057-f > https://www.cms.gov/files/document/patient-and-provider-educational-resources07012024.pdf,pdf,,,2024-07-09,200,8ff9c89341c51e334d1ad91575f221f9492525ddc4326d919282228728205cd6,172801,N,static,sitemap|css_selector|url_pattern,0.95,2026-10-06T17:58:49Z,
Elevance / Anthem,,Washington,Medicare Advantage,DEPARTMENT OF HEALTH & HUMAN SERVICES Centers for Medicare & Medicaid Services,pa_list,https://www.cms.gov/files/document/fact-sheet-cms-interoperability-and-prior-authorization-final-rule-cms-0057-f.pdf,https://www.cms.gov/initiatives/burden-reduction/overview/interoperability/policies-regulations/cms-interoperability-prior-authorization-final-rule-cms-0057-f,https://www.anthem.com/sitemap.xml > https://www.anthem.com/va/medicaid/prior-authorization-report > https://www.cms.gov/priorities/burden-reduction/overview/interoperability/policies-regulations/cms-interoperability-prior-authorization-final-rule-cms-0057-f > https://www.cms.gov/files/document/fact-sheet-cms-interoperability-and-prior-authorization-final-rule-cms-0057-f.pdf,pdf,,,2024-04-03,200,bfc1852f6e7555ed300fef2600d0df4826c744f91483fc86cafb2b3681c652ff,187146,N,static,sitemap|css_selector|url_pattern,0.95,2026-10-06T17:58:49Z,
Elevance / Anthem,,Unknown,Medicare Advantage,CMS Interoperability and Prior Authorization Final Rule (CMS-0057-F),pa_list,https://www.cms.gov/files/document/cms-interoperability-prior-authorization-final-rule-presentation-3-26-24.pdf,https://www.cms.gov/initiatives/burden-reduction/overview/interoperability/policies-regulations/cms-interoperability-prior-authorization-final-rule-cms-0057-f,https://www.anthem.com/sitemap.xml > https://www.anthem.com/va/medicaid/prior-authorization-report > https://www.cms.gov/priorities/burden-reduction/overview/interoperability/policies-regulations/cms-interoperability-prior-authorization-final-rule-cms-0057-f > https://www.cms.gov/files/document/cms-interoperability-prior-authorization-final-rule-presentation-3-26-24.pdf,pdf,,2026-01-01,2026-09-18,200,b2aac0b34514a020b7f70c4238b0b93ff007f9ef2c10165e269919fa82d5c495,1725072,N,static,sitemap|css_selector|url_pattern,1.0,2026-10-06T17:58:49Z,
Elevance / Anthem,,Unknown,Medicaid,"If you have any questions or concerns, please contact the Agent/Broker Email Help Desk at FFMProducer-AssisterHelpDesk@cms.hhs.gov",other,https://www.cms.gov/files/document/agent/broker-help-desks.pdf,https://www.cms.gov/initiatives/burden-reduction/overview/interoperability/policies-regulations/cms-interoperability-prior-authorization-final-rule-cms-0057-f,https://www.anthem.com/sitemap.xml > https://www.anthem.com/va/medicaid/prior-authorization-report > https://www.cms.gov/priorities/burden-reduction/overview/interoperability/policies-regulations/cms-interoperability-prior-authorization-final-rule-cms-0057-f > https://www.cms.gov/files/document/agent/broker-help-desks.pdf,pdf,,,2024-05-28,200,df1c666c3efce28c6a9ec10940b09601c21d4ec8edd5020ed84aff40ae4cb0ae,305542,N,static,sitemap|css_selector|url_pattern,0.85,2026-10-06T17:58:49Z,
Elevance / Anthem,,Maryland,Medicaid,DEPARTMENT OF HEALTH & HUMAN SERVICES Centers for Medicare & Medicaid Services,pa_list,https://www.cms.gov/files/document/discretion-x12-278-enforcement-guidance-letter-remediated-2024-02-28.pdf,https://www.cms.gov/initiatives/burden-reduction/overview/interoperability/policies-regulations/cms-interoperability-prior-authorization-final-rule-cms-0057-f,https://www.anthem.com/sitemap.xml > https://www.anthem.com/va/medicaid/prior-authorization-report > https://www.cms.gov/priorities/burden-reduction/overview/interoperability/policies-regulations/cms-interoperability-prior-authorization-final-rule-cms-0057-f > https://www.cms.gov/files/document/discretion-x12-278-enforcement-guidance-letter-remediated-2024-02-28.pdf,pdf,,,2024-02-28,200,993797f2c7235fd7166e2d91639bd91578882212f282ca9bf942248a61648e47,135211,N,static,sitemap|css_selector|url_pattern,0.95,2026-10-06T17:58:49Z,
Elevance / Anthem,,Maryland,Medicaid,DEPARTMENT OF HEALTH & HUMAN SERVICES Centers for Medicare & Medicaid Services,pa_list,https://www.cms.gov/files/document/statement-enforcement-discretion-referral-certification.pdf,https://www.cms.gov/initiatives/burden-reduction/overview/interoperability/policies-regulations/cms-interoperability-prior-authorization-final-rule-cms-0057-f,https://www.anthem.com/sitemap.xml > https://www.anthem.com/va/medicaid/prior-authorization-report > https://www.cms.gov/priorities/burden-reduction/overview/interoperability/policies-regulations/cms-interoperability-prior-authorization-final-rule-cms-0057-f > https://www.cms.gov/files/document/statement-enforcement-discretion-referral-certification.pdf,pdf,,,2024-06-12,200,808bc9b888a0d4b6df0785197cc4977eab2c66645921c0e79dce81268c75fe89,73985,N,static,sitemap|css_selector|url_pattern,0.95,2026-10-06T17:58:50Z,
Elevance / Anthem,,Unknown,Medicare,Prior Authorization and Pre-Claim Review Program Stats,pa_list,https://www.cms.gov/files/document/prior-authorization-and-pre-claim-review-program-statistics.pdf,https://www.cms.gov/initiatives/burden-reduction/overview/interoperability/policies-regulations/cms-interoperability-prior-authorization-final-rule-cms-0057-f,https://www.anthem.com/sitemap.xml > https://www.anthem.com/va/medicaid/prior-authorization-report > https://www.cms.gov/priorities/burden-reduction/overview/interoperability/policies-regulations/cms-interoperability-prior-authorization-final-rule-cms-0057-f > https://www.cms.gov/files/document/prior-authorization-and-pre-claim-review-program-statistics.pdf,pdf,,,2023-09-14,200,be4f052a9c3c5b239d5a61fd1a718381da7228ce477566c515e066974212c932,184471,N,static,sitemap|css_selector|url_pattern,0.95,2026-10-06T17:58:50Z,
Elevance / Anthem,,Unknown,Medicare Advantage,**The FHIR Bulk Data Access IG is a required IG and used to gather data for multiple patients. Footnotes 1-3 noted on following page.,pa_list,https://www.cms.gov/files/document/payer-payer-api-workflow-cms-0057-f.pdf,https://www.cms.gov/initiatives/burden-reduction/overview/interoperability/policies-regulations/cms-interoperability-prior-authorization-final-rule-cms-0057-f,https://www.anthem.com/sitemap.xml > https://www.anthem.com/va/medicaid/prior-authorization-report > https://www.cms.gov/priorities/burden-reduction/overview/interoperability/policies-regulations/cms-interoperability-prior-authorization-final-rule-cms-0057-f > https://www.cms.gov/files/document/payer-payer-api-workflow-cms-0057-f.pdf,pdf,,,2026-04-14,200,d81d906f9d36c8f598ce7ef5691653b7c5f582ad200ed87c2b0b7de353d62d9a,364993,N,static,sitemap|css_selector|url_pattern,0.95,2026-10-06T17:58:50Z,
Elevance / Anthem,,Unknown,Medicare,Prior Authorization and Pre-Claim Review Program Stats for Fiscal Year 2024,pa_list,https://www.cms.gov/files/document/pre-claim-review-program-statistics-document-fy-24.pdf,https://www.cms.gov/initiatives/burden-reduction/overview/interoperability/policies-regulations/cms-interoperability-prior-authorization-final-rule-cms-0057-f,https://www.anthem.com/sitemap.xml > https://www.anthem.com/va/medicaid/prior-authorization-report > https://www.cms.gov/priorities/burden-reduction/overview/interoperability/policies-regulations/cms-interoperability-prior-authorization-final-rule-cms-0057-f > https://www.cms.gov/files/document/pre-claim-review-program-statistics-document-fy-24.pdf,pdf,,,2026-02-02,200,eeddfd4c7ef35bb718423b4268a74c7601db0f3783a3693004c8320af4508441,596793,N,static,sitemap|css_selector|url_pattern,0.95,2026-10-06T17:58:50Z,
Elevance / Anthem,,Unknown,Medicare,Prior Authorization and Pre-Claim Review Program Stats for Fiscal Year 2023,pa_list,https://www.cms.gov/files/document/pre-claim-review-program-statistics-document-fy-23.pdf,https://www.cms.gov/initiatives/burden-reduction/overview/interoperability/policies-regulations/cms-interoperability-prior-authorization-final-rule-cms-0057-f,https://www.anthem.com/sitemap.xml > https://www.anthem.com/va/medicaid/prior-authorization-report > https://www.cms.gov/priorities/burden-reduction/overview/interoperability/policies-regulations/cms-interoperability-prior-authorization-final-rule-cms-0057-f > https://www.cms.gov/files/document/pre-claim-review-program-statistics-document-fy-23.pdf,pdf,,,2026-02-02,200,b8e81a2db010d4cf8cd067233c46c1b0a0c03e78488bfe7c46f6d8c9b25af790,437230,N,static,sitemap|css_selector|url_pattern,0.95,2026-10-06T17:58:50Z,
Elevance / Anthem,,Alabama,Exchange,Prior Authorization Application Programming Interface Workflow The CMS Interoperability and Prior Authorization final rule (CMS-0057-F) requires impacted payers1 to implement and maintain a,pa_list,https://www.cms.gov/files/document/prior-authorization-api-workflow-cms-0057-f.pdf,https://www.cms.gov/initiatives/burden-reduction/overview/interoperability/policies-regulations/cms-interoperability-prior-authorization-final-rule-cms-0057-f,https://www.anthem.com/sitemap.xml > https://www.anthem.com/va/medicaid/prior-authorization-report > https://www.cms.gov/priorities/burden-reduction/overview/interoperability/policies-regulations/cms-interoperability-prior-authorization-final-rule-cms-0057-f > https://www.cms.gov/files/document/prior-authorization-api-workflow-cms-0057-f.pdf,pdf,,,2026-04-14,200,036251d26e32401abbd44bea72546cd8460131826b002c54adba4cdb73165646,522253,N,static,sitemap|css_selector|url_pattern,0.95,2026-10-06T17:58:50Z,
Elevance / Anthem,,Unknown,Unknown,PreventiveRx Enhanced Lista de medicamentos Enhanced Plan (Wisconsin Select Drug List),drug_list,https://file.anthem.com/A00530WIMSPABS.1.pdf,https://www.anthem.com/wi/pharmacy-information/drug-list-formulary,https://www.anthem.com/sitemap.xml > https://www.anthem.com/wi/pharmacy-information/drug-list-formulary > http://file.anthem.com/A00530WIMSPABS.1.pdf > https://file.anthem.com/A00530WIMSPABS.1.pdf,pdf,,,2026-05-06,200,2f8a910976ec98dfce1f3dc6ca751e052886a5f05a24d43a2c35b5db08910c2b,449376,N,static,sitemap|css_selector|url_pattern,0.95,2026-10-06T17:58:50Z,
Highmark,,Pennsylvania,Commercial,"Highmark Inc. Origination Date: September 30, 2013",other,https://www.highmark.com/content/dam/digital-marketing/en/highmark/highmarkdotcom/pdfs/CSIPolicy.pdf,https://www.highmark.com/plans/coverage-options,https://www.highmark.com/sitemap.xml > https://www.highmark.com/plans/coverage-options > https://www.highmark.com/content/dam/digital-marketing/en/highmark/highmarkdotcom/pdfs/CSIPolicy.pdf,pdf,,,2017-01-23,200,6cec0aab331015274eef46d91b75b0f1d310c9ae3392cf4551c4f958f2aaa545,57118,N,static,sitemap|css_selector|url_pattern,0.85,2026-10-06T18:01:43Z,
Highmark,,Pennsylvania,Exchange,Because Highmark loves keeping it simple.,other,https://www.highmark.com/content/dam/digital-marketing/en/highmark/highmarkdotcom/plans/individuals-and-families/special-circumstance/2026/2026-highmark-aca-application-wpa.pdf,https://www.highmark.com/western-pennsylvania/individual-families/special-circumstance-coverage,https://www.highmark.com/sitemap.xml > https://www.highmark.com/western-pennsylvania/individual-families/special-circumstance-coverage > https://www.highmark.com/content/dam/digital-marketing/en/highmark/highmarkdotcom/plans/individuals-and-families/special-circumstance/2026/2026-highmark-aca-application-wpa.pdf,pdf,,,2026-10-02,200,3be87e0bf152ba35f16c83d93bca4dc751d725c318301872b1590c534da2c46c,1137624,N,static,sitemap|css_selector|url_pattern,0.85,2026-10-06T18:01:46Z,
Highmark,,Unknown,Marketplace,Because Highmark loves keeping it simple.,other,https://www.highmark.com/content/dam/digital-marketing/en/highmark/highmarkdotcom/plans/individuals-and-families/special-circumstance/2026/2026-highmark-aca-application-delaware.pdf,https://www.highmark.com/delaware/individual-families/special-circumstance-coverage,https://www.highmark.com/sitemap.xml > https://www.highmark.com/delaware/individual-families/special-circumstance-coverage > https://www.highmark.com/content/dam/digital-marketing/en/highmark/highmarkdotcom/plans/individuals-and-families/special-circumstance/2026/2026-highmark-aca-application-delaware.pdf,pdf,,,2026-10-01,200,31364fccc166c36db0050f201b41efb6111c4fafe4fb3988c855042da1352ff6,1169786,N,static,sitemap|css_selector|url_pattern,0.85,2026-10-06T18:01:46Z,
Highmark,,Pennsylvania,Exchange,Because Highmark loves keeping it simple.,other,https://www.highmark.com/content/dam/digital-marketing/en/highmark/highmarkdotcom/plans/individuals-and-families/special-circumstance/2026/2026-highmark-aca-application-cpa.pdf,https://www.highmark.com/central-pennsylvania/individual-families/special-circumstance-coverage,https://www.highmark.com/sitemap.xml > https://www.highmark.com/central-pennsylvania/individual-families/special-circumstance-coverage > https://www.highmark.com/content/dam/digital-marketing/en/highmark/highmarkdotcom/plans/individuals-and-families/special-circumstance/2026/2026-highmark-aca-application-cpa.pdf,pdf,,,2026-09-30,200,bece96635c98b65636dc1a4eb73d9dc42a252be9e1576367e9c18cf8636b10f8,1140226,N,static,sitemap|css_selector|url_pattern,0.85,2026-10-06T18:01:46Z,
Highmark,,Alabama,Unknown,Cobertura médica en sus propios,other,https://www.highmark.com/content/dam/digital-marketing/en/highmark/highmarkdotcom/plans/individuals-and-families/2026-ACA-Product-Brochure-SEPA-SPANISH.pdf,https://www.highmark.com/southeastern-pennsylvania/individual-families/special-circumstance-coverage,https://www.highmark.com/sitemap.xml > https://www.highmark.com/southeastern-pennsylvania/individual-families/special-circumstance-coverage > https://www.highmark.com/content/dam/digital-marketing/en/highmark/highmarkdotcom/plans/individuals-and-families/2026-ACA-Product-Brochure-SEPA-SPANISH.pdf,pdf,,,2026-10-01,200,aed6299f2789e453d36a20eaf64c41c4d6fa293e959c4cbdd46404c13bc94888,1469881,N,static,sitemap|css_selector|url_pattern,0.85,2026-10-06T18:01:47Z,
Highmark,,Unknown,Unknown,Health coverage on your terms.,pa_list,https://www.highmark.com/content/dam/digital-marketing/en/highmark/highmarkdotcom/plans/individuals-and-families/2026-ACA-Product-Brochure-SEPA.pdf,https://www.highmark.com/southeastern-pennsylvania/individual-families/special-circumstance-coverage,https://www.highmark.com/sitemap.xml > https://www.highmark.com/southeastern-pennsylvania/individual-families/special-circumstance-coverage > https://www.highmark.com/content/dam/digital-marketing/en/highmark/highmarkdotcom/plans/individuals-and-families/2026-ACA-Product-Brochure-SEPA.pdf,pdf,,,2026-10-01,200,520070c8df1ad5030f49b6f15ef06d78ccc73ffc43192c24596819e0c4267603,1443986,N,static,sitemap|css_selector|url_pattern,0.95,2026-10-06T18:01:47Z,
Highmark,,Alabama,Exchange,Highmark lo mantiene simple.,other,https://www.highmark.com/content/dam/digital-marketing/en/highmark/highmarkdotcom/plans/individuals-and-families/special-circumstance/2026/2026-highmark-aca-application-sepa-spanish.pdf,https://www.highmark.com/southeastern-pennsylvania/individual-families/special-circumstance-coverage,https://www.highmark.com/sitemap.xml > https://www.highmark.com/southeastern-pennsylvania/individual-families/special-circumstance-coverage > https://www.highmark.com/content/dam/digital-marketing/en/highmark/highmarkdotcom/plans/individuals-and-families/special-circumstance/2026/2026-highmark-aca-application-sepa-spanish.pdf,pdf,,,2026-10-02,200,450943b2ce50429d7c3baa90f3b25e4703221a4654e441648c4e020eef295cf3,1593341,N,static,sitemap|css_selector|url_pattern,0.85,2026-10-06T18:01:47Z,
Highmark,,Maryland,Unknown,Health coverage on your terms.,pa_list,https://www.highmark.com/content/dam/digital-marketing/en/highmark/highmarkdotcom/plans/individuals-and-families/2026-ACA-Product-Brochure-CPA.pdf,https://www.highmark.com/central-pennsylvania/individual-families/special-circumstance-coverage,https://www.highmark.com/sitemap.xml > https://www.highmark.com/central-pennsylvania/individual-families/special-circumstance-coverage > https://www.highmark.com/content/dam/digital-marketing/en/highmark/highmarkdotcom/plans/individuals-and-families/2026-ACA-Product-Brochure-CPA.pdf,pdf,,,2026-09-30,200,453537e844280d709c3b0fe2a821e52e44ad2af1c09b854c917927a64541ab78,1764148,N,static,sitemap|css_selector|url_pattern,0.95,2026-10-06T18:01:48Z,
Highmark,,Maryland,Unknown,Health coverage on your terms.,pa_list,https://www.highmark.com/content/dam/digital-marketing/en/highmark/highmarkdotcom/plans/individuals-and-families/2026-ACA-Product-Brochure-WPA.pdf,https://www.highmark.com/western-pennsylvania/individual-families/special-circumstance-coverage,https://www.highmark.com/sitemap.xml > https://www.highmark.com/western-pennsylvania/individual-families/special-circumstance-coverage > https://www.highmark.com/content/dam/digital-marketing/en/highmark/highmarkdotcom/plans/individuals-and-families/2026-ACA-Product-Brochure-WPA.pdf,pdf,,,2026-09-30,200,274d59549ddcf8d219b41a4f6c61e57379a91b1b1b00083a2d7809b68efee5f9,1803149,N,static,sitemap|css_selector|url_pattern,0.95,2026-10-06T18:01:48Z,
Highmark,,Alabama,Unknown,"Controles, exámenes de detección y pruebas Los administradores de casos están a su disposición para responder las preguntas sobre",other,https://www.highmark.com/content/dam/digital-marketing/en/highmark/highmarkdotcom/wholecare/wholecare-working-images/documents/pdfs/medicaid/epsdt/growing-up-with-highmark-wholecare-sp.pdf,https://www.highmark.com/wholecare/medicaid/benefits-and-coverage/pregnancy-pediatrics/epsdt,https://www.highmark.com/sitemap.xml > https://www.highmark.com/wholecare/medicaid/benefits-and-coverage/pregnancy-pediatrics/epsdt > https://www.highmark.com/content/dam/digital-marketing/en/highmark/highmarkdotcom/wholecare/wholecare-working-images/documents/pdfs/medicaid/epsdt/growing-up-with-highmark-wholecare-sp.pdf,pdf,,,2026-09-30,200,b25cb3dddcb6df787fe8af39632a8821bedcf0903b2b77f89366493edfed4514,374347,N,static,sitemap|css_selector|url_pattern,0.85,2026-10-06T18:01:49Z,
Highmark,,Alabama,Unknown,"Growing Up with Highmark Wholecare A program for Highmark Wholecare members, under the",other,https://www.highmark.com/content/dam/digital-marketing/en/highmark/highmarkdotcom/wholecare/wholecare-working-images/documents/pdfs/medicaid/epsdt/growing-up-with-highmark-wholecare.pdf,https://www.highmark.com/wholecare/medicaid/benefits-and-coverage/pregnancy-pediatrics/epsdt,https://www.highmark.com/sitemap.xml > https://www.highmark.com/wholecare/medicaid/benefits-and-coverage/pregnancy-pediatrics/epsdt > https://www.highmark.com/content/dam/digital-marketing/en/highmark/highmarkdotcom/wholecare/wholecare-working-images/documents/pdfs/medicaid/epsdt/growing-up-with-highmark-wholecare.pdf,pdf,,,2026-10-01,200,d63af35301e99ca81f08510d5728fe50c32f678ac7253f4ccc6d85da3f74a4e1,427464,N,static,sitemap|css_selector|url_pattern,0.85,2026-10-06T18:01:49Z,
Highmark,,Pennsylvania,Exchange,Because Highmark loves keeping it simple.,other,https://www.highmark.com/content/dam/digital-marketing/en/highmark/highmarkdotcom/plans/individuals-and-families/special-circumstance/2026/2026-highmark-aca-application-nepa.pdf,https://www.highmark.com/northeastern-pennsylvania/individual-families/special-circumstance-coverage,https://www.highmark.com/sitemap.xml > https://www.highmark.com/northeastern-pennsylvania/individual-families/special-circumstance-coverage > https://www.highmark.com/content/dam/digital-marketing/en/highmark/highmarkdotcom/plans/individuals-and-families/special-circumstance/2026/2026-highmark-aca-application-nepa.pdf,pdf,,,2026-10-02,200,daafbd2107d5740e112949da6f82a95ef760faf88fd90c76c3b6470b139c6f5e,1072769,N,static,sitemap|css_selector|url_pattern,0.85,2026-10-06T18:01:49Z,
Highmark,,Unknown,Medicaid,Highmark Wholecare Medicare Assured SM,other,https://www.highmark.com/content/dam/digital-marketing/en/highmark/highmarkdotcom/wholecare/wholecare-working-images/medicare-d-snp/pdfs/LIS_wholecare-PA_DSNP.pdf,https://www.highmark.com/wholecare/medicare/benefits-programs/medication-benefits/formulary,https://www.highmark.com/sitemap.xml > https://www.highmark.com/wholecare/medicare/benefits-programs/medication-benefits/formulary > https://www.highmark.com/content/dam/digital-marketing/en/highmark/highmarkdotcom/wholecare/wholecare-working-images/medicare-d-snp/pdfs/LIS_wholecare-PA_DSNP.pdf,pdf,,,2026-10-01,200,b6e0f6e3ee5e75164051dde17a87c086678aa77e4a2fba6064287dd330860dd5,334494,N,static,sitemap|css_selector|url_pattern,0.85,2026-10-06T18:01:50Z,
Highmark,,Pennsylvania,Unknown,Health coverage on your terms.,pa_list,https://www.highmark.com/content/dam/digital-marketing/en/highmark/highmarkdotcom/plans/individuals-and-families/2026-ACA-Product-Brochure-DE.pdf,https://www.highmark.com/delaware/individual-families/special-circumstance-coverage,https://www.highmark.com/sitemap.xml > https://www.highmark.com/delaware/individual-families/special-circumstance-coverage > https://www.highmark.com/content/dam/digital-marketing/en/highmark/highmarkdotcom/plans/individuals-and-families/2026-ACA-Product-Brochure-DE.pdf,pdf,,,2026-09-30,200,72d742f36049ab5ab8fc801d3fe891d9dfb6b21f31636f689c0725a14d48f725,1505054,N,static,sitemap|css_selector|url_pattern,0.95,2026-10-06T18:01:50Z,
Highmark,,Unknown,Medicaid,"Gateway Health Plan, Inc. d/b/a Highmark Wholecare is an independent licensee of the Blue Cross Blue Shield Association. Highmark Wholecare oﬀers HMO plans with a Medicare",other,https://www.highmark.com/content/dam/digital-marketing/en/highmark/highmarkdotcom/wholecare/wholecare-working-images/medicare-d-snp/pdfs/2027-lis-premium-summary-pa-d-snp.pdf,https://www.highmark.com/wholecare/medicare/benefits-programs/medication-benefits/formulary,https://www.highmark.com/sitemap.xml > https://www.highmark.com/wholecare/medicare/benefits-programs/medication-benefits/formulary > https://www.highmark.com/content/dam/digital-marketing/en/highmark/highmarkdotcom/wholecare/wholecare-working-images/medicare-d-snp/pdfs/2027-lis-premium-summary-pa-d-snp.pdf,pdf,,,2026-10-06,200,47eb34120552a05f97d5f4ef816a85aadcd334ccbb28082fcf6a626d8b3e2c1a,136838,N,static,sitemap|css_selector|url_pattern,0.85,2026-10-06T18:01:50Z,
Highmark,,Unknown,Medicare,"Gateway Health Plan, Inc. d/b/a Highmark Wholecare is an independent licensee of the Blue Cross Blue Shield Association. Highmark Wholecare offers HMO plans with a Medicare Contract. Enrollment in these plans",pa_list,https://www.highmark.com/content/dam/digital-marketing/en/highmark/highmarkdotcom/wholecare/wholecare-working-images/documents/pdfs/legislative-resources/medicare-request-for-drug-coverage-form-pa-d-snp.pdf,https://www.highmark.com/wholecare/medicare/benefits-programs/medication-benefits/formulary,https://www.highmark.com/sitemap.xml > https://www.highmark.com/wholecare/medicare/benefits-programs/medication-benefits/formulary > https://www.highmark.com/content/dam/digital-marketing/en/highmark/highmarkdotcom/wholecare/wholecare-working-images/documents/pdfs/legislative-resources/medicare-request-for-drug-coverage-form-pa-d-snp.pdf,pdf,,,2026-10-01,200,2bf90218ba330d21aa16b268247dba8acca772cb5e981d385fc8f3e718d94eaf,212023,N,static,sitemap|css_selector|url_pattern,0.95,2026-10-06T18:01:51Z,
Highmark,,Unknown,Medicaid,DEPARTMENT OF HEALTH AND HUMAN SERVICES Form CMS-1696 Approved,other,https://www.highmark.com/content/dam/digital-marketing/en/highmark/highmarkdotcom/wholecare/wholecare-working-images/documents/pdfs/medicare-grievances-and-appeals/appointment-of-representation-form.pdf,https://www.highmark.com/wholecare/medicare/benefits-programs/medication-benefits/formulary,https://www.highmark.com/sitemap.xml > https://www.highmark.com/wholecare/medicare/benefits-programs/medication-benefits/formulary > https://www.highmark.com/content/dam/digital-marketing/en/highmark/highmarkdotcom/wholecare/wholecare-working-images/documents/pdfs/medicare-grievances-and-appeals/appointment-of-representation-form.pdf,pdf,,,2026-10-02,200,206c6c9f582c32d3f8a1f067e927a1938ec31ce05a8ab608dfec8038f29d4803,42996,N,static,sitemap|css_selector|url_pattern,0.85,2026-10-06T18:01:51Z,
Highmark,,New York,Unknown,Health coverage on your terms.,pa_list,https://www.highmark.com/content/dam/digital-marketing/en/highmark/highmarkdotcom/plans/individuals-and-families/2026-ACA-Product-Brochure-NEPA.pdf,https://www.highmark.com/northeastern-pennsylvania/individual-families/special-circumstance-coverage,https://www.highmark.com/sitemap.xml > https://www.highmark.com/northeastern-pennsylvania/individual-families/special-circumstance-coverage > https://www.highmark.com/content/dam/digital-marketing/en/highmark/highmarkdotcom/plans/individuals-and-families/2026-ACA-Product-Brochure-NEPA.pdf,pdf,,,2026-09-30,200,dc62313c4120ce061cd5476dab0653c36423b0e34bc4b8c864d5ca7d924f74ad,1525744,N,static,sitemap|css_selector|url_pattern,0.95,2026-10-06T18:01:51Z,
Highmark,,Unknown,Medicare,Highmark Wholecare Medicare Assured 2026 Formulary,formulary,https://fm.formularynavigator.com/FBO/77/2026_Highmark_Wholecare_Medicare_Formulary_PDF.pdf,https://www.highmark.com/wholecare/medicare/benefits-programs/medication-benefits/formulary,https://www.highmark.com/sitemap.xml > https://www.highmark.com/wholecare/medicare/benefits-programs/medication-benefits/formulary > https://fm.formularynavigator.com/FBO/77/2026_Highmark_Wholecare_Medicare_Formulary_PDF.pdf,pdf,,,,200,746707dab3b04f3c4aabf4f516d30a533aa96100586caa6cf18b7e45359729f4,3148309,N,static,sitemap|css_selector|url_pattern,0.9,2026-10-06T18:01:51Z,
Highmark,,Alabama,Medicaid,Manual para miembros de Medicaid de Pensilvania de 2025,other,https://www.highmark.com/content/dam/digital-marketing/en/highmark/highmarkdotcom/wholecare/wholecare-working-images/documents/pdfs/medicaid/25-medicaid-handbook-spanish.pdf,https://www.highmark.com/wholecare/medicaid/benefits-and-coverage,https://www.highmark.com/sitemap.xml > https://www.highmark.com/wholecare/medicaid/benefits-and-coverage > https://www.highmark.com/content/dam/digital-marketing/en/highmark/highmarkdotcom/wholecare/wholecare-working-images/documents/pdfs/medicaid/25-medicaid-handbook-spanish.pdf,pdf,,,2026-09-30,200,8d3f471d3634163cbc3249a5a0d8624979318c55c4cb312a2fd44278c0f778d7,1718889,N,static,sitemap|css_selector|url_pattern,0.85,2026-10-06T18:01:52Z,
Highmark,,Unknown,Medicare,"Gateway Health Plan, Inc. d/b/a Highmark Wholecare is an independent licensee of the Blue Cross Blue Shield Association. Highmark Wholecare offers HMO plans with a Medicare Contract. Enrollment in these plans depends on contract renewal.",other,https://www.highmark.com/content/dam/digital-marketing/en/highmark/highmarkdotcom/wholecare/wholecare-working-images/documents/pdfs/legislative-resources/redetermination-request-form-pa-d-snp.pdf,https://www.highmark.com/wholecare/medicare/benefits-programs/medication-benefits/formulary,https://www.highmark.com/sitemap.xml > https://www.highmark.com/wholecare/medicare/benefits-programs/medication-benefits/formulary > https://www.highmark.com/content/dam/digital-marketing/en/highmark/highmarkdotcom/wholecare/wholecare-working-images/documents/pdfs/legislative-resources/redetermination-request-form-pa-d-snp.pdf,pdf,,,2026-10-01,200,56ea2b8a47f2f645111f7613ab15419af784d8b2b90c4ba6ff1002eb502df88b,193423,N,static,sitemap|css_selector|url_pattern,0.85,2026-10-06T18:01:52Z,
Highmark,,Unknown,Medicare,"i This formulary was updated on September 1, 2026.",formulary,https://fm.formularynavigator.com/FBO/77/2027_Highmark_DSNP_Penn.pdf,https://www.highmark.com/wholecare/medicare/benefits-programs/medication-benefits/formulary,https://www.highmark.com/sitemap.xml > https://www.highmark.com/wholecare/medicare/benefits-programs/medication-benefits/formulary > https://fm.formularynavigator.com/FBO/77/2027_Highmark_DSNP_Penn.pdf,pdf,,,2026-09-01,200,0588df750c1345d9230a4ca0ab2954ee36d2713c44e4815a89c2363bd7887b9f,3135951,N,static,sitemap|css_selector|url_pattern,0.95,2026-10-06T18:01:53Z,
Highmark,,Unknown,Unknown,You can use this information to find your plan’s in-network doctors and hospitals.,pa_list,https://www.highmark.com/content/dam/digital-marketing/en/highmark/highmarkdotcom/transparency-in-coverage/claims-payment-policies-wpa-nepa-wny-bcbs.pdf,https://www.highmark.com/transparency-in-coverage/claims-payment-policies-and-other-information,https://www.highmark.com/sitemap.xml > https://www.highmark.com/transparency-in-coverage/claims-payment-policies-and-other-information > https://www.highmark.com/content/dam/digital-marketing/en/highmark/highmarkdotcom/transparency-in-coverage/claims-payment-policies-wpa-nepa-wny-bcbs.pdf,pdf,,,2026-10-01,200,3a10fa7ec83dd136402fb9dce3d6073e6fa656e05eec14763ab514b90d2c55fb,244199,N,static,sitemap|css_selector|url_pattern,0.95,2026-10-06T18:01:54Z,
Highmark,,Pennsylvania,Unknown,Plan ID State,pa_list,https://www.highmark.com/content/dam/digital-marketing/en/highmark/highmarkdotcom/transparency-in-coverage/tic-claim-data.pdf,https://www.highmark.com/transparency-in-coverage,https://www.highmark.com/sitemap.xml > https://www.highmark.com/transparency-in-coverage > https://www.highmark.com/content/dam/digital-marketing/en/highmark/highmarkdotcom/transparency-in-coverage/tic-claim-data.pdf,pdf,,,2026-09-30,200,2c35496e1bf6a65b17dd7d076a3c5e6f1ac23a1fcc0857b0f3ae3128c50c2d52,314073,N,static,sitemap|css_selector|url_pattern,0.95,2026-10-06T18:01:54Z,
Highmark,,Unknown,Unknown,You can use this information to find your plan’s in-network doctors and hospitals.,pa_list,https://www.highmark.com/content/dam/digital-marketing/en/highmark/highmarkdotcom/transparency-in-coverage/claims-payment-policies-cpa-sepa-neny-bs.pdf,https://www.highmark.com/transparency-in-coverage/claims-payment-policies-and-other-information,https://www.highmark.com/sitemap.xml > https://www.highmark.com/transparency-in-coverage/claims-payment-policies-and-other-information > https://www.highmark.com/content/dam/digital-marketing/en/highmark/highmarkdotcom/transparency-in-coverage/claims-payment-policies-cpa-sepa-neny-bs.pdf,pdf,,,2026-10-01,200,fa0105e773a744a9caefe56768af77b19bdf6dee8b164a992c8341f8fd9fd1e1,224526,N,static,sitemap|css_selector|url_pattern,0.95,2026-10-06T18:01:55Z,
Highmark,,Unknown,Unknown,You can use this information to find your plan’s in-network doctors and hospitals.,pa_list,https://www.highmark.com/content/dam/digital-marketing/en/highmark/highmarkdotcom/transparency-in-coverage/claims-payment-policies-wv-bcbs.pdf,https://www.highmark.com/transparency-in-coverage/claims-payment-policies-and-other-information,https://www.highmark.com/sitemap.xml > https://www.highmark.com/transparency-in-coverage/claims-payment-policies-and-other-information > https://www.highmark.com/content/dam/digital-marketing/en/highmark/highmarkdotcom/transparency-in-coverage/claims-payment-policies-wv-bcbs.pdf,pdf,,,2026-10-01,200,cc5fc7cb5293f94ff240fc8138ddeb2c17aebf2dc08d72b70333f5ed8d6bfa9c,320407,N,static,sitemap|css_selector|url_pattern,0.95,2026-10-06T18:01:56Z,
Highmark,,Unknown,Unknown,Claims Payment Policies & Other Information Use This Document Along with Your Summary of Benefits,pa_list,https://www.highmark.com/content/dam/digital-marketing/en/highmark/highmarkdotcom/transparency-in-coverage/claims-payment-policies-de-bcbs.pdf,https://www.highmark.com/transparency-in-coverage/claims-payment-policies-and-other-information,https://www.highmark.com/sitemap.xml > https://www.highmark.com/transparency-in-coverage/claims-payment-policies-and-other-information > https://www.highmark.com/content/dam/digital-marketing/en/highmark/highmarkdotcom/transparency-in-coverage/claims-payment-policies-de-bcbs.pdf,pdf,,,2026-09-30,200,2653bbaece858856ef72489f84915305b972b805481b3f372e93b75fbe25639c,295620,N,static,sitemap|css_selector|url_pattern,0.95,2026-10-06T18:01:56Z,
Highmark,,Unknown,Medicare Advantage,Patient Quick Guide: Accessing Your Data with an App • What this means for you: This feature allows you to use a third-party mobile app,pa_list,https://www.highmark.com/content/dam/digital-marketing/en/highmark/highmarkdotcom/pdfs/patient-access-api.pdf,https://www.highmark.com/cms-onc-interoperability-prior-authorization-rule,https://www.highmark.com/sitemap.xml > https://www.highmark.com/cms-onc-interoperability-prior-authorization-rule > https://www.highmark.com/content/dam/digital-marketing/en/highmark/highmarkdotcom/pdfs/patient-access-api.pdf,pdf,,,2026-09-30,200,4b6f2a206743ba0165e401f4c06555120e73089ee5403b128f4ed7f01a8204d2,177706,N,static,sitemap|css_selector|url_pattern,0.95,2026-10-06T18:01:57Z,
Highmark,,Unknown,Exchange,Patient Quick Guide: Sharing Information with Your Doctors •,pa_list,https://www.highmark.com/content/dam/digital-marketing/en/highmark/highmarkdotcom/pdfs/provider-access-api.pdf,https://www.highmark.com/cms-onc-interoperability-prior-authorization-rule,https://www.highmark.com/sitemap.xml > https://www.highmark.com/cms-onc-interoperability-prior-authorization-rule > https://www.highmark.com/content/dam/digital-marketing/en/highmark/highmarkdotcom/pdfs/provider-access-api.pdf,pdf,,,2026-09-30,200,9c4a36e785e3181543d7738f88ca44596f72cadc2825967557c0afe9a5a81d6a,129685,N,static,sitemap|css_selector|url_pattern,0.95,2026-10-06T18:01:57Z,
Highmark,,Unknown,Exchange,Patient Quick Guide: Connecting Your Health History •,pa_list,https://www.highmark.com/content/dam/digital-marketing/en/highmark/highmarkdotcom/pdfs/payer-to-payer-api.pdf,https://www.highmark.com/cms-onc-interoperability-prior-authorization-rule,https://www.highmark.com/sitemap.xml > https://www.highmark.com/cms-onc-interoperability-prior-authorization-rule > https://www.highmark.com/content/dam/digital-marketing/en/highmark/highmarkdotcom/pdfs/payer-to-payer-api.pdf,pdf,,,2026-10-02,200,a472cc7edec32f54eb3866161991fcebbc2f4f8473654e7bba462898550555a9,147376,N,static,sitemap|css_selector|url_pattern,0.95,2026-10-06T18:01:57Z,
Highmark,,Pennsylvania,Commercial,"Highmark Inc. Origination Date: September 30, 2013",other,https://highmark.com/content/dam/digital-marketing/en/highmark/highmarkdotcom/pdfs/CSIPolicy.pdf,https://highmark.com/,https://highmark.com/ > https://highmark.com/content/dam/digital-marketing/en/highmark/highmarkdotcom/pdfs/CSIPolicy.pdf,pdf,,,2017-01-23,200,6cec0aab331015274eef46d91b75b0f1d310c9ae3392cf4551c4f958f2aaa545,57118,N,static,css_selector|url_pattern,0.85,2026-10-06T18:01:59Z,
Highmark,,Pennsylvania,Exchange,Because Highmark loves keeping it simple.,other,https://www.highmark.com/content/dam/digital-marketing/en/highmark/highmarkdotcom/plans/individuals-and-families/special-circumstance/2026/2026-highmark-aca-application-sepa.pdf,https://www.highmark.com/southeastern-pennsylvania/individual-families/special-circumstance-coverage,https://www.highmark.com/sitemap.xml > https://www.highmark.com/southeastern-pennsylvania/individual-families/special-circumstance-coverage > https://www.highmark.com/content/dam/digital-marketing/en/highmark/highmarkdotcom/plans/individuals-and-families/special-circumstance/2026/2026-highmark-aca-application-sepa.pdf,pdf,,,2026-10-01,200,35e49e5d9de74c86e6a7a39247b5127b9b311df2fe2f3a4f0ef6247f708668b4,1458555,N,static,sitemap|css_selector|url_pattern,0.85,2026-10-06T18:01:59Z,
Highmark,,Unknown,Exchange,Patient Quick Guide: Electronic Prior Authorization •,pa_list,https://www.highmark.com/content/dam/digital-marketing/en/highmark/highmarkdotcom/pdfs/prior-authorization-api.pdf,https://www.highmark.com/cms-onc-interoperability-prior-authorization-rule,https://www.highmark.com/sitemap.xml > https://www.highmark.com/cms-onc-interoperability-prior-authorization-rule > https://www.highmark.com/content/dam/digital-marketing/en/highmark/highmarkdotcom/pdfs/prior-authorization-api.pdf,pdf,,,2026-10-01,200,01a993cbfc5bdbd197952fe185c6c72e6cd88e76a1ba75c09120a08a93d49070,141225,N,static,sitemap|css_selector|url_pattern,0.95,2026-10-06T18:01:59Z,
Highmark,,Pennsylvania,Unknown,Care delays associated with PA Treatment abandonment due to PA,pa_list,https://www.ama-assn.org/system/files/prior-authorization-survey.pdf,https://www.ama-assn.org/press-center/ama-press-releases/ama-survey-indicates-prior-authorization-wreaks-havoc-patient-care,https://www.highmark.com/sitemap.xml > https://www.highmark.com/employer/thought-leadership/health-insurance-cost-management/simplifying-prior-authorization > https://www.ama-assn.org/press-center/ama-press-releases/ama-survey-indicates-prior-authorization-wreaks-havoc-patient-care > https://www.ama-assn.org/system/files/prior-authorization-survey.pdf,pdf,,,2026-05-13,200,ed4938e6e3a626e5876fa947552fb25986477e3f305ad253f6fcf73aa31da55c,284490,N,static,sitemap|css_selector|url_pattern,0.95,2026-10-06T18:02:00Z,
Highmark,,Unknown,Unknown,"Consensus Statement on Improving the Prior Authorization Process Our organizations represent health care providers (physicians, pharmacists, medical groups, and",pa_list,https://www.ama-assn.org/sites/ama-assn.org/files/corp/media-browser/public/arc-public/prior-authorization-consensus-statement.pdf,https://www.ama-assn.org/press-center/ama-press-releases/ama-survey-indicates-prior-authorization-wreaks-havoc-patient-care,https://www.highmark.com/sitemap.xml > https://www.highmark.com/employer/thought-leadership/health-insurance-cost-management/simplifying-prior-authorization > https://www.ama-assn.org/press-center/ama-press-releases/ama-survey-indicates-prior-authorization-wreaks-havoc-patient-care > https://www.ama-assn.org/sites/ama-assn.org/files/corp/media-browser/public/arc-public/prior-authorization-consensus-statement.pdf,pdf,,,2018-01-17,200,42d18439726b46fc834f0df78b6cb9b1594d689a85b6d4d059f686065f173a21,301504,N,static,sitemap|css_selector|url_pattern,0.95,2026-10-06T18:02:00Z,
Highmark,,Maryland,Medicaid,DEPARTMENT OF HEALTH & HUMAN SERVICES Centers for Medicare & Medicaid Services,other,https://www.cms.gov/medicare/prescription-drug-coverage/prescriptiondrugcovcontra/downloads/memobadreconcilinglisdata120606.pdf,https://www.cms.gov/medicare/coverage/prescription-drug-coverage-contracting/best-available-evidence-bae,https://www.highmark.com/sitemap.xml > https://www.highmark.com/wholecare/medicare/benefits-programs/medication-benefits/formulary > https://www.cms.gov/Medicare/Prescription-Drug-Coverage/PrescriptionDrugCovContra/Best_Available_Evidence_Policy > https://www.cms.gov/medicare/prescription-drug-coverage/prescriptiondrugcovcontra/downloads/memobadreconcilinglisdata120606.pdf,pdf,,2007-01-01,,200,90cb3f5ab6c1c122f8349ccef416156a32563b8e36b7005f704affba6b0009e6,94034,N,static,sitemap|css_selector|url_pattern,0.85,2026-10-06T18:02:00Z,
Highmark,,Colorado,Medicaid,DEPARTMENT OF HEALTH & HUMAN SERVICES Centers for Medicare & Medicaid Services,other,https://www.cms.gov/medicare/prescription-drug-coverage/prescriptiondrugcovcontra/downloads/baeguidance_062707.pdf,https://www.cms.gov/medicare/coverage/prescription-drug-coverage-contracting/best-available-evidence-bae,https://www.highmark.com/sitemap.xml > https://www.highmark.com/wholecare/medicare/benefits-programs/medication-benefits/formulary > https://www.cms.gov/Medicare/Prescription-Drug-Coverage/PrescriptionDrugCovContra/Best_Available_Evidence_Policy > https://www.cms.gov/medicare/prescription-drug-coverage/prescriptiondrugcovcontra/downloads/baeguidance_062707.pdf,pdf,,,2019-11-15,200,aa5e0c4d5904cca6011dd87e1cf2b848ce7fb1db3d043b13f6063510ab53bce6,239629,N,static,sitemap|css_selector|url_pattern,0.85,2026-10-06T18:02:00Z,
Highmark,,Maryland,Medicaid,DEPARTMENT OF HEALTH & HUMAN SERVICES Centers for Medicare & Medicaid Services,other,https://www.cms.gov/medicare/prescription-drug-coverage/prescriptiondrugcovcontra/downloads/memoclarifiedbaeguidance_080408.pdf,https://www.cms.gov/medicare/coverage/prescription-drug-coverage-contracting/best-available-evidence-bae,https://www.highmark.com/sitemap.xml > https://www.highmark.com/wholecare/medicare/benefits-programs/medication-benefits/formulary > https://www.cms.gov/Medicare/Prescription-Drug-Coverage/PrescriptionDrugCovContra/Best_Available_Evidence_Policy > https://www.cms.gov/medicare/prescription-drug-coverage/prescriptiondrugcovcontra/downloads/memoclarifiedbaeguidance_080408.pdf,pdf,,2008-01-01,,200,aa41cbb2190563031f6d0cc5e4c45a89f73f204db2699a72f13b7ad04ad5c8bc,98348,N,static,sitemap|css_selector|url_pattern,0.85,2026-10-06T18:02:00Z,
Highmark,,Maryland,Medicaid,DEPARTMENT OF HEALTH & HUMAN SERVICES Centers for Medicare & Medicaid Services,other,https://www.cms.gov/medicare/prescription-drug-coverage/prescriptiondrugcovcontra/downloads/hpmsmemomedicaidstatusfinalv3.pdf,https://www.cms.gov/medicare/coverage/prescription-drug-coverage-contracting/best-available-evidence-bae,https://www.highmark.com/sitemap.xml > https://www.highmark.com/wholecare/medicare/benefits-programs/medication-benefits/formulary > https://www.cms.gov/Medicare/Prescription-Drug-Coverage/PrescriptionDrugCovContra/Best_Available_Evidence_Policy > https://www.cms.gov/medicare/prescription-drug-coverage/prescriptiondrugcovcontra/downloads/hpmsmemomedicaidstatusfinalv3.pdf,pdf,,2008-01-01,,200,46ea8fc3f892f18fad9bc55f15825e107843aa00d4f9bd3f709f89cee1735975,84853,N,static,sitemap|css_selector|url_pattern,0.85,2026-10-06T18:02:00Z,
Highmark,,Unknown,Medicare,PRIOR AUTHORIZATION METRICS FOR MEDICAL ITEMS AND SERVICES (EXCLUDING DRUGS),pa_list,https://providers.highmark.com/content/dam/highmark/en/providerresourcecenter/highmark-health-options/hho-wv/documents/pdfs/resources/prior-authorization-code-lookup/prior-authorization-metrics.pdf,https://providers.highmark.com/hho-wv/resources/prior-authorization-code-lookup/prior-authorization-metrics,https://www.highmark.com/sitemap.xml > https://www.highmark.com/health-options-wv/medicaid-chip/benefits-services/maternity-coverage > https://providers.highmark.com/hho-wv/resources/prior-authorization-code-lookup/prior-authorization-metrics > https://providers.highmark.com/content/dam/highmark/en/providerresourcecenter/highmark-health-options/hho-wv/documents/pdfs/resources/prior-authorization-code-lookup/prior-authorization-metrics.pdf,pdf,,,2026-09-30,200,3fbdadcfcca3bbb8cba05f65d1b9106dd8b8cdd3f731fd647ec70ae342717408,607918,N,static,sitemap|css_selector|url_pattern,0.95,2026-10-06T18:02:03Z,
Highmark,,Virginia,Medicaid,Highmark Health Options West Virginia Inc. d/b/a Highmark Health Options is an independent licensee of the Blue Cross Blue Shield Association. Highmark Health Options West Virginia Inc. d/b/a Highmark Blue Cross Blue Shield is an independent licensee,pa_list,https://providers.highmark.com/content/dam/highmark/en/providerresourcecenter/highmark-health-options/hho-wv/documents/pdfs/resources/prior-authorization-code-lookup/hho-wv-pal-notification-050126.pdf,https://providers.highmark.com/hho-wv/resources/prior-authorization-code-lookup/prior-authorization-metrics,https://www.highmark.com/sitemap.xml > https://www.highmark.com/health-options-wv/medicaid-chip/benefits-services/maternity-coverage > https://providers.highmark.com/hho-wv/resources/prior-authorization-code-lookup/prior-authorization-metrics > https://providers.highmark.com/content/dam/highmark/en/providerresourcecenter/highmark-health-options/hho-wv/documents/pdfs/resources/prior-authorization-code-lookup/hho-wv-pal-notification-050126.pdf,pdf,,2026-05-01,2026-09-30,200,9f595fcd94993b744fdaa064fd49af500ddfcf99b8492d73c3540a2f303e6f7c,460499,N,static,sitemap|css_selector|url_pattern,1.0,2026-10-06T18:02:03Z,
Highmark,,Virginia,Medicaid,Highmark Health Options West Virginia Inc. d/b/a Highmark Health Options is an independent licensee of the Blue Cross Blue Shield Association. Highmark Health Options West Virginia Inc. d/b/a Highmark Blue Cross Blue Shield is an independent licensee,pa_list,https://providers.highmark.com/content/dam/highmark/en/providerresourcecenter/highmark-health-options/hho-wv/documents/pdfs/resources/prior-authorization-code-lookup/hho-wv-pal-notification-06012026.pdf,https://providers.highmark.com/hho-wv/resources/prior-authorization-code-lookup/prior-authorization-metrics,https://www.highmark.com/sitemap.xml > https://www.highmark.com/health-options-wv/medicaid-chip/benefits-services/maternity-coverage > https://providers.highmark.com/hho-wv/resources/prior-authorization-code-lookup/prior-authorization-metrics > https://providers.highmark.com/content/dam/highmark/en/providerresourcecenter/highmark-health-options/hho-wv/documents/pdfs/resources/prior-authorization-code-lookup/hho-wv-pal-notification-06012026.pdf,pdf,,2026-06-01,2026-09-30,200,95c51f6432c779623e95f85eae0d0e9e4519d24a08c8a1b1edcdd4832caab7dd,393511,N,static,sitemap|css_selector|url_pattern,1.0,2026-10-06T18:02:03Z,
Highmark,,Virginia,Medicaid,Highmark Health Options West Virginia Inc. d/b/a Highmark Health Options is an independent licensee of the Blue Cross Blue Shield Association.,pa_list,https://providers.highmark.com/content/dam/highmark/en/providerresourcecenter/highmark-health-options/hho-wv/documents/pdfs/resources/prior-authorization-code-lookup/hho-wv-medicaid-auth-changes-102725.pdf,https://providers.highmark.com/hho-wv/resources/prior-authorization-code-lookup/prior-authorization-metrics,https://www.highmark.com/sitemap.xml > https://www.highmark.com/health-options-wv/medicaid-chip/benefits-services/maternity-coverage > https://providers.highmark.com/hho-wv/resources/prior-authorization-code-lookup/prior-authorization-metrics > https://providers.highmark.com/content/dam/highmark/en/providerresourcecenter/highmark-health-options/hho-wv/documents/pdfs/resources/prior-authorization-code-lookup/hho-wv-medicaid-auth-changes-102725.pdf,pdf,,,2026-10-02,200,df69bc56850d777afecf404a4985ec0db76ee3c32c020704f861b23c6b657571,93982,N,static,sitemap|css_selector|url_pattern,0.95,2026-10-06T18:02:03Z,
Highmark,,Alabama,Medicare,"January 1 – December 31, 2026​ Evidence of Coverage for 2026:​",formulary,https://medicare.highmark.com/content/dam/highmark/en/healthco/shopx/dsnp/2026-resources/pa/2026_Ruby_Blue_Cross_Blue_Shield_EOC_009.pdf,https://www.highmark.com/wholecare/medicare/benefits-programs/medication-benefits/formulary,https://www.highmark.com/sitemap.xml > https://www.highmark.com/wholecare/medicare/benefits-programs/medication-benefits/formulary > https://medicare.highmark.com/content/dam/highmark/en/healthco/shopx/dsnp/2026-resources/pa/2026_Ruby_Blue_Cross_Blue_Shield_EOC_009.pdf,pdf,,,2026-10-01,200,5746c5a4508f821748b3431242380a432f90b89712036f011966c6dbaae4620a,5382987,N,static,sitemap|css_selector|url_pattern,0.95,2026-10-06T18:02:04Z,
Highmark,,Virginia,Medicaid,Highmark Health Options West Virginia Inc. d/b/a Highmark Health Options is an independent licensee of the Blue Cross Blue Shield Association. Highmark Health Options West Virginia Inc. d/b/a Highmark Blue Cross Blue Shield is an independent licensee,pa_list,https://providers.highmark.com/content/dam/highmark/en/providerresourcecenter/highmark-health-options/hho-wv/documents/pdfs/resources/prior-authorization-code-lookup/hho-wv-pal-notification-04012026.pdf,https://providers.highmark.com/hho-wv/resources/prior-authorization-code-lookup/prior-authorization-metrics,https://www.highmark.com/sitemap.xml > https://www.highmark.com/health-options-wv/medicaid-chip/benefits-services/maternity-coverage > https://providers.highmark.com/hho-wv/resources/prior-authorization-code-lookup/prior-authorization-metrics > https://providers.highmark.com/content/dam/highmark/en/providerresourcecenter/highmark-health-options/hho-wv/documents/pdfs/resources/prior-authorization-code-lookup/hho-wv-pal-notification-04012026.pdf,pdf,,2026-04-01,2026-10-01,200,fe2f9be0fa669aa00624b6923cdf5d8fd468db127509daa5f147f5b9003b8370,167310,N,static,sitemap|css_selector|url_pattern,1.0,2026-10-06T18:02:04Z,
Highmark,,Texas,Unknown,Highmark Health Options West Virginia Inc. d/b/a Highmark Health Options is an independent licensee of the Blue Cross Blue Shield Association.,pa_list,https://providers.highmark.com/content/dam/highmark/en/providerresourcecenter/highmark-health-options/hho-wv/documents/pdfs/resources/prior-authorization-code-lookup/hho-wv-pal-notification-12012025.pdf,https://providers.highmark.com/hho-wv/resources/prior-authorization-code-lookup/prior-authorization-metrics,https://www.highmark.com/sitemap.xml > https://www.highmark.com/health-options-wv/medicaid-chip/benefits-services/maternity-coverage > https://providers.highmark.com/hho-wv/resources/prior-authorization-code-lookup/prior-authorization-metrics > https://providers.highmark.com/content/dam/highmark/en/providerresourcecenter/highmark-health-options/hho-wv/documents/pdfs/resources/prior-authorization-code-lookup/hho-wv-pal-notification-12012025.pdf,pdf,,,2026-10-01,200,3645c69b17c6fd614e61a52988e2086cebfd888054b4887fed32394947a03031,183974,N,static,sitemap|css_selector|url_pattern,0.95,2026-10-06T18:02:04Z,
Highmark,,Alabama,Medicare,"January 1 – December 31, 2026​ Evidence of Coverage for 2026:​",formulary,https://medicare.highmark.com/content/dam/highmark/en/healthco/shopx/dsnp/2026-resources/pa/2026_Diamond_Blue_Shield_EOC_001.pdf,https://www.highmark.com/wholecare/medicare/benefits-programs/medication-benefits/formulary,https://www.highmark.com/sitemap.xml > https://www.highmark.com/wholecare/medicare/benefits-programs/medication-benefits/formulary > https://medicare.highmark.com/content/dam/highmark/en/healthco/shopx/dsnp/2026-resources/pa/2026_Diamond_Blue_Shield_EOC_001.pdf,pdf,,,2026-10-01,200,04324a139b0fc422380adfdf74b90bf567981582ae3ca1f173e285c17071bfe3,5400458,N,static,sitemap|css_selector|url_pattern,0.95,2026-10-06T18:02:04Z,
Highmark,,Alabama,Medicare,"January 1 – December 31, 2026​ Evidence of Coverage for 2026:​",formulary,https://medicare.highmark.com/content/dam/highmark/en/healthco/shopx/dsnp/2026-resources/pa/2026_Diamond_EOC_-_SEPA_012.pdf,https://www.highmark.com/wholecare/medicare/benefits-programs/medication-benefits/formulary,https://www.highmark.com/sitemap.xml > https://www.highmark.com/wholecare/medicare/benefits-programs/medication-benefits/formulary > https://medicare.highmark.com/content/dam/highmark/en/healthco/shopx/dsnp/2026-resources/pa/2026_Diamond_EOC_-_SEPA_012.pdf,pdf,,,2026-10-01,200,903f0b16e67ade0478a3f0c0ee7a02d9b5f0c29ffeb0133b798b68945a90bb71,5398956,N,static,sitemap|css_selector|url_pattern,0.95,2026-10-06T18:02:04Z,
Highmark,,Alabama,Medicare,"January 1 – December 31, 2026​ Evidence of Coverage for 2026:​",formulary,https://medicare.highmark.com/content/dam/highmark/en/healthco/shopx/dsnp/2026-resources/pa/2026_Diamond_Blue_Cross_Blue_Shield_EOC_001.pdf,https://www.highmark.com/wholecare/medicare/benefits-programs/medication-benefits/formulary,https://www.highmark.com/sitemap.xml > https://www.highmark.com/wholecare/medicare/benefits-programs/medication-benefits/formulary > https://medicare.highmark.com/content/dam/highmark/en/healthco/shopx/dsnp/2026-resources/pa/2026_Diamond_Blue_Cross_Blue_Shield_EOC_001.pdf,pdf,,,2026-10-01,200,0c4cb0c4f641b76be5f0892500e1c0b5db4063bc0ea59611265bfa3df44a571f,5392741,N,static,sitemap|css_selector|url_pattern,0.95,2026-10-06T18:02:05Z,
Highmark,,Alabama,Medicare,"January 1 – December 31, 2026​ Evidence of Coverage for 2026:​",formulary,https://medicare.highmark.com/content/dam/highmark/en/healthco/shopx/dsnp/2026-resources/pa/2026_Ruby_Blue_Shield_EOC_009.pdf,https://www.highmark.com/wholecare/medicare/benefits-programs/medication-benefits/formulary,https://www.highmark.com/sitemap.xml > https://www.highmark.com/wholecare/medicare/benefits-programs/medication-benefits/formulary > https://medicare.highmark.com/content/dam/highmark/en/healthco/shopx/dsnp/2026-resources/pa/2026_Ruby_Blue_Shield_EOC_009.pdf,pdf,,,2026-10-01,200,4d78d31874b7dad03a782c7f60d41bb2e40991084608939a68036f6c1a57c476,5390685,N,static,sitemap|css_selector|url_pattern,0.95,2026-10-06T18:02:05Z,
Highmark,,Unknown,Exchange,Patient Quick Guide: Electronic Prior Authorization •,pa_list,https://highmark.com/content/dam/digital-marketing/en/highmark/highmarkdotcom/pdfs/prior-authorization-api.pdf,https://highmark.com/content/digital-marketing/en/highmark/highmarkdotcom/home/cms-onc-interoperability-prior-authorization-rule,https://highmark.com/ > https://highmark.com/content/digital-marketing/en/highmark/highmarkdotcom/home/cms-onc-interoperability-prior-authorization-rule > https://highmark.com/content/dam/digital-marketing/en/highmark/highmarkdotcom/pdfs/prior-authorization-api.pdf,pdf,,,2026-10-02,200,01a993cbfc5bdbd197952fe185c6c72e6cd88e76a1ba75c09120a08a93d49070,141225,N,static,css_selector|url_pattern,0.95,2026-10-06T18:02:06Z,
Highmark,,Alabama,Medicare,"January 1 – December 31, 2026​ Evidence of Coverage for 2026:​",formulary,https://medicare.highmark.com/content/dam/highmark/en/healthco/shopx/dsnp/2026-resources/pa/2026_Ruby_EOC_-_SEPA_013.pdf,https://www.highmark.com/wholecare/medicare/benefits-programs/medication-benefits/formulary,https://www.highmark.com/sitemap.xml > https://www.highmark.com/wholecare/medicare/benefits-programs/medication-benefits/formulary > https://medicare.highmark.com/content/dam/highmark/en/healthco/shopx/dsnp/2026-resources/pa/2026_Ruby_EOC_-_SEPA_013.pdf,pdf,,,2026-10-01,200,d6b8da800c847e219d7731b62c319ca671abb61b93cbb6baa44728c4f30a1b42,5389218,N,static,sitemap|css_selector|url_pattern,0.95,2026-10-06T18:02:06Z,
Highmark,,Unknown,Exchange,Patient Quick Guide: Sharing Information with Your Doctors •,pa_list,https://highmark.com/content/dam/digital-marketing/en/highmark/highmarkdotcom/pdfs/provider-access-api.pdf,https://highmark.com/content/digital-marketing/en/highmark/highmarkdotcom/home/cms-onc-interoperability-prior-authorization-rule,https://highmark.com/ > https://highmark.com/content/digital-marketing/en/highmark/highmarkdotcom/home/cms-onc-interoperability-prior-authorization-rule > https://highmark.com/content/dam/digital-marketing/en/highmark/highmarkdotcom/pdfs/provider-access-api.pdf,pdf,,,2026-10-02,200,9c4a36e785e3181543d7738f88ca44596f72cadc2825967557c0afe9a5a81d6a,129685,N,static,css_selector|url_pattern,0.95,2026-10-06T18:02:06Z,
Highmark,,Unknown,Medicare Advantage,Patient Quick Guide: Accessing Your Data with an App • What this means for you: This feature allows you to use a third-party mobile app,pa_list,https://highmark.com/content/dam/digital-marketing/en/highmark/highmarkdotcom/pdfs/patient-access-api.pdf,https://highmark.com/content/digital-marketing/en/highmark/highmarkdotcom/home/cms-onc-interoperability-prior-authorization-rule,https://highmark.com/ > https://highmark.com/content/digital-marketing/en/highmark/highmarkdotcom/home/cms-onc-interoperability-prior-authorization-rule > https://highmark.com/content/dam/digital-marketing/en/highmark/highmarkdotcom/pdfs/patient-access-api.pdf,pdf,,,2026-09-30,200,4b6f2a206743ba0165e401f4c06555120e73089ee5403b128f4ed7f01a8204d2,177706,N,static,css_selector|url_pattern,0.95,2026-10-06T18:02:06Z,
Highmark,,Unknown,Exchange,Patient Quick Guide: Connecting Your Health History •,pa_list,https://highmark.com/content/dam/digital-marketing/en/highmark/highmarkdotcom/pdfs/payer-to-payer-api.pdf,https://highmark.com/content/digital-marketing/en/highmark/highmarkdotcom/home/cms-onc-interoperability-prior-authorization-rule,https://highmark.com/ > https://highmark.com/content/digital-marketing/en/highmark/highmarkdotcom/home/cms-onc-interoperability-prior-authorization-rule > https://highmark.com/content/dam/digital-marketing/en/highmark/highmarkdotcom/pdfs/payer-to-payer-api.pdf,pdf,,,2026-09-30,200,a472cc7edec32f54eb3866161991fcebbc2f4f8473654e7bba462898550555a9,147376,N,static,css_selector|url_pattern,0.95,2026-10-06T18:02:06Z,
Highmark,,Pennsylvania,Medicaid,2025 Pennsylvania Medicaid Member Handbook,pa_list,https://www.highmark.com/content/dam/digital-marketing/en/highmark/highmarkdotcom/wholecare/wholecare-working-images/documents/pdfs/medicaid/25-medicaid-handbook.pdf,https://www.highmark.com/wholecare/medicaid/benefits-and-coverage,https://www.highmark.com/sitemap.xml > https://www.highmark.com/wholecare/medicaid/benefits-and-coverage > https://www.highmark.com/content/dam/digital-marketing/en/highmark/highmarkdotcom/wholecare/wholecare-working-images/documents/pdfs/medicaid/25-medicaid-handbook.pdf,pdf,,,2026-09-30,200,7271dd828d004667976f8b32ffff4d164f8637efd2a7871fb903e87cebe5e443,8933310,N,static,sitemap|css_selector|url_pattern,0.95,2026-10-06T18:02:08Z,
UHC,,Arizona,Unknown,PCA-2-26-00465-UHN-QRG_04302026 2026 Q3 preferred drug list updates,drug_list,https://www.uhcprovider.com/content/dam/provider/docs/public/resources/pharmacy/Community-Plan-Q3-2026-PDL-Updates.pdf,https://www.uhcprovider.com/en/resource-library/drug-lists-pharmacy.html,https://www.uhcprovider.com/ > https://www.uhcprovider.com/en/resource-library/drug-lists-pharmacy.html > https://www.uhcprovider.com/content/dam/provider/docs/public/resources/pharmacy/Community-Plan-Q3-2026-PDL-Updates.pdf,pdf,,2026-07-01,2026-06-03,200,70a7c679069540c9c02760c19ee63d799b1f607c3b3e154a37730d1053d45715,297148,N,static,css_selector|url_pattern,1.0,2026-10-06T17:48:20Z,
UHC,,Pennsylvania,Unknown,continued Pharmacy  |  Advantage PDL,pa_list,https://www.uhcprovider.com/content/dam/provider/docs/public/resources/pharmacy/Pharmacy-Benefit-Coverage-Update-09-01-2026.pdf,https://www.uhcprovider.com/en/resource-library/drug-lists-pharmacy.html,https://www.uhcprovider.com/ > https://www.uhcprovider.com/en/resource-library/drug-lists-pharmacy.html > https://www.uhcprovider.com/content/dam/provider/docs/public/resources/pharmacy/Pharmacy-Benefit-Coverage-Update-09-01-2026.pdf,pdf,,2026-09-01,2026-06-09,200,d7279b6d0242735326ef2b444e8f313d862ff6050d9a50291041fa4857baee6e,741758,N,static,css_selector|url_pattern,1.0,2026-10-06T17:48:21Z,
UHC,,Arizona,Unknown,PCA-2-26-00231-Clinical-QRG_02172026 New medications on PDL,pa_list,https://www.uhcprovider.com/content/dam/provider/docs/public/resources/pharmacy/Community-Plan-Q2-2026-PDL-Updates.pdf,https://www.uhcprovider.com/en/resource-library/drug-lists-pharmacy.html,https://www.uhcprovider.com/ > https://www.uhcprovider.com/en/resource-library/drug-lists-pharmacy.html > https://www.uhcprovider.com/content/dam/provider/docs/public/resources/pharmacy/Community-Plan-Q2-2026-PDL-Updates.pdf,pdf,,2026-04-01,2026-02-20,200,daa59c364c21f5a03f0c43c15965ece23877ed95fa828408e4bcac25e894f2d5,266302,N,static,css_selector|url_pattern,1.0,2026-10-06T17:48:21Z,
UHC,,Arizona,Medicaid,PCA-1-25-02452-Clinical-QRG_11172025 Overview,pa_list,https://www.uhcprovider.com/content/dam/provider/docs/public/resources/pharmacy/Community-Plan-Q1-2026-PDL-Updates.pdf,https://www.uhcprovider.com/en/resource-library/drug-lists-pharmacy.html,https://www.uhcprovider.com/ > https://www.uhcprovider.com/en/resource-library/drug-lists-pharmacy.html > https://www.uhcprovider.com/content/dam/provider/docs/public/resources/pharmacy/Community-Plan-Q1-2026-PDL-Updates.pdf,pdf,,,2026-02-17,200,263b7d072853d8573a5a6cdd04341926e9684b642878a93e1abe2f6c809697eb,240926,N,static,css_selector|url_pattern,0.95,2026-10-06T17:48:21Z,
UHC,,Unknown,Unknown,Pharmacy  |  PDL 2026 Prescription Drug List,drug_list,https://www.uhcprovider.com/content/dam/provider/docs/public/resources/pharmacy/commercial-pdl-sept-2026.pdf,https://www.uhcprovider.com/en/resource-library/drug-lists-pharmacy.html,https://www.uhcprovider.com/ > https://www.uhcprovider.com/en/resource-library/drug-lists-pharmacy.html > https://www.uhcprovider.com/content/dam/provider/docs/public/resources/pharmacy/commercial-pdl-sept-2026.pdf,pdf,,,2026-07-22,200,6720069558b471d72c352f1be1f680c53893b33655208160efbeec656c2b53f3,1937186,N,static,css_selector|url_pattern,0.95,2026-10-06T17:48:21Z,
UHC,,Arizona,Unknown,PCA-1-26-01507-C&S-QRG_08102026 Q4 2026 Preferred drug list updates,drug_list,https://www.uhcprovider.com/content/dam/provider/docs/public/resources/pharmacy/Community-Plan-Q4-2026-PDL-Updates.pdf,https://www.uhcprovider.com/en/resource-library/drug-lists-pharmacy.html,https://www.uhcprovider.com/ > https://www.uhcprovider.com/en/resource-library/drug-lists-pharmacy.html > https://www.uhcprovider.com/content/dam/provider/docs/public/resources/pharmacy/Community-Plan-Q4-2026-PDL-Updates.pdf,pdf,,2026-10-01,2026-08-26,200,f7d3e2cbb65d22c9a3d7e66ec20caa952017016874cfa80aa21e1d58f0d3c3c8,285388,N,static,css_selector|url_pattern,1.0,2026-10-06T17:48:21Z,
UHC,,Unknown,Unknown,continued Pharmacy  |  Advantage PDL,pa_list,https://www.uhcprovider.com/content/dam/provider/docs/public/resources/pharmacy/Pharmacy-Benefit-Coverage-Update-01-01-2027.pdf,https://www.uhcprovider.com/en/resource-library/drug-lists-pharmacy.html,https://www.uhcprovider.com/ > https://www.uhcprovider.com/en/resource-library/drug-lists-pharmacy.html > https://www.uhcprovider.com/content/dam/provider/docs/public/resources/pharmacy/Pharmacy-Benefit-Coverage-Update-01-01-2027.pdf,pdf,,2027-01-01,2026-09-22,200,bf0acd752c3c8bb39aead246b3bec52586c06939f331cd95c4dbc50b5dc01143,784531,N,static,css_selector|url_pattern,1.0,2026-10-06T17:48:21Z,
UHC,,Arizona,Unknown,"To help address current medication drug shortages, we’ve updated our Prescription Drug Lists (PDLs) for all plans to temporarily cover some therapeutic equivalent and",drug_list,https://www.uhcprovider.com/content/dam/provider/docs/public/resources/pharmacy/Temporary-Coverage-for-Drug-Shortage-Commercial.pdf,https://www.uhcprovider.com/en/resource-library/drug-lists-pharmacy.html,https://www.uhcprovider.com/ > https://www.uhcprovider.com/en/resource-library/drug-lists-pharmacy.html > https://www.uhcprovider.com/content/dam/provider/docs/public/resources/pharmacy/Temporary-Coverage-for-Drug-Shortage-Commercial.pdf,pdf,,,2026-07-31,200,c11b691268f33b17b767e6d00e29bae954e86dddf9101923f512669a5567ab09,166142,N,static,css_selector|url_pattern,0.95,2026-10-06T17:48:21Z,
UHC,,Unknown,Unknown,continued Pharmacy  |  Advantage PDL,pa_list,https://www.uhcprovider.com/content/dam/provider/docs/public/resources/pharmacy/advantage-pdl-3t-jan-2027.pdf,https://www.uhcprovider.com/en/resource-library/drug-lists-pharmacy.html,https://www.uhcprovider.com/ > https://www.uhcprovider.com/en/resource-library/drug-lists-pharmacy.html > https://www.uhcprovider.com/content/dam/provider/docs/public/resources/pharmacy/advantage-pdl-3t-jan-2027.pdf,pdf,,2027-01-01,2026-09-03,200,72eecf792ad41595a93e9c1b93b17bdf0333bcfa2a216b4acb3c54dcb00b28c9,786551,N,static,css_selector|url_pattern,1.0,2026-10-06T17:48:21Z,
UHC,,Unknown,Unknown,continued Pharmacy  |  Advantage PDL,pa_list,https://www.uhcprovider.com/content/dam/provider/docs/public/resources/pharmacy/COMM-Pharmacy-List-Update-05-01-2026.pdf,https://www.uhcprovider.com/en/resource-library/drug-lists-pharmacy.html,https://www.uhcprovider.com/ > https://www.uhcprovider.com/en/resource-library/drug-lists-pharmacy.html > https://www.uhcprovider.com/content/dam/provider/docs/public/resources/pharmacy/COMM-Pharmacy-List-Update-05-01-2026.pdf,pdf,,2026-05-01,2026-02-26,200,2c43408b33e2982b71c7f3300bb46d89dabfd918c77ecb7ca1016adc65ed601d,630311,N,static,css_selector|url_pattern,1.0,2026-10-06T17:48:21Z,
UHC,,Unknown,Unknown,Pharmacy | PDL 2026 Prescription Drug List,drug_list,https://www.uhcprovider.com/content/dam/provider/docs/public/resources/pharmacy/commercial-pdl-jan-2026.pdf,https://www.uhcprovider.com/en/resource-library/drug-lists-pharmacy.html,https://www.uhcprovider.com/ > https://www.uhcprovider.com/en/resource-library/drug-lists-pharmacy.html > https://www.uhcprovider.com/content/dam/provider/docs/public/resources/pharmacy/commercial-pdl-jan-2026.pdf,pdf,,,2025-11-11,200,1b53203d7ddcc0205ed3da35a6226e977ae062c19b72ac163f7c523fccd69ee5,3813516,N,static,css_selector|url_pattern,0.95,2026-10-06T17:48:22Z,
UHC,,Arizona,Medicare Advantage,Medicare Part B Step Therapy Programs Page 1 of 23,pa_list,https://www.uhcprovider.com/content/dam/provider/docs/public/policies/medadv-mp/medicare-part-b-step-therapy-programs.pdf,https://www.uhcprovider.com/en/resource-library/drug-lists-pharmacy.html,https://www.uhcprovider.com/ > https://www.uhcprovider.com/en/resource-library/drug-lists-pharmacy.html > https://www.uhcprovider.com/content/dam/provider/docs/public/policies/medadv-mp/medicare-part-b-step-therapy-programs.pdf,pdf,,,2026-09-30,200,c506bc24ff8201b5d9cbdd14724a76b5e0b65ab5c3a0d124961e7be097920f83,730373,N,static,css_selector|url_pattern,0.95,2026-10-06T17:48:22Z,
UHC,,Unknown,Unknown,PCA-1-25-01934-POE-QRG_10062025 Maine: Non-medication,pa_list,https://www.uhcprovider.com/content/dam/provider/docs/public/resources/pharmacy/opioids/me-QRG-non-medication-alternatives-opioid-products.pdf,https://www.uhcprovider.com/en/resource-library/drug-lists-pharmacy.html,https://www.uhcprovider.com/ > https://www.uhcprovider.com/en/resource-library/drug-lists-pharmacy.html > https://www.uhcprovider.com/content/dam/provider/docs/public/resources/pharmacy/opioids/me-QRG-non-medication-alternatives-opioid-products.pdf,pdf,,,2025-10-09,200,360903004e94705ee0fa6fbf53ed4ea95f9c3ce1e38d0eaf9858b45ce77f1645,44228,N,static,css_selector|url_pattern,0.95,2026-10-06T17:48:22Z,
UHC,,Unknown,Unknown,Massachusetts: Nonmedication alternatives for pain management,pa_list,https://www.uhcprovider.com/content/dam/provider/docs/public/resources/pharmacy/opioids/ma-non-medication-pain.pdf,https://www.uhcprovider.com/en/resource-library/drug-lists-pharmacy.html,https://www.uhcprovider.com/ > https://www.uhcprovider.com/en/resource-library/drug-lists-pharmacy.html > https://www.uhcprovider.com/content/dam/provider/docs/public/resources/pharmacy/opioids/ma-non-medication-pain.pdf,pdf,,,2025-10-22,200,ecbf8b8c3c62e894f07bb8ebd95766f4868295a1e272766cd5d973d9978c4c3b,34339,N,static,css_selector|url_pattern,0.95,2026-10-06T17:48:22Z,
UHC,,Unknown,Commercial,Commercial plans  |  Quick reference guide Opioid overutilization prevention and,pa_list,https://www.uhcprovider.com/content/dam/provider/docs/public/resources/pharmacy/opioids/Opioid-Overutilization-Prevention-QRG.pdf,https://www.uhcprovider.com/en/resource-library/drug-lists-pharmacy.html,https://www.uhcprovider.com/ > https://www.uhcprovider.com/en/resource-library/drug-lists-pharmacy.html > https://www.uhcprovider.com/content/dam/provider/docs/public/resources/pharmacy/opioids/Opioid-Overutilization-Prevention-QRG.pdf,pdf,,,2026-03-18,200,6a8263afc0764e4a780c96dd92c3ef5056cefdaeec82b04e79adf065872af9bf,65631,N,static,css_selector|url_pattern,0.95,2026-10-06T17:48:22Z,
UHC,,Pennsylvania,Unknown,continued Pharmacy  |  Advantage PDL,pa_list,https://www.uhcprovider.com/content/dam/provider/docs/public/resources/pharmacy/advantage-pdl-3t-sep-2026.pdf,https://www.uhcprovider.com/en/resource-library/drug-lists-pharmacy.html,https://www.uhcprovider.com/ > https://www.uhcprovider.com/en/resource-library/drug-lists-pharmacy.html > https://www.uhcprovider.com/content/dam/provider/docs/public/resources/pharmacy/advantage-pdl-3t-sep-2026.pdf,pdf,,2026-09-01,2026-06-03,200,9874ba785d2f1ab17940f40e36b2f3bfbd3d2604b9fc043d0319b45660fe9bd0,741989,N,static,css_selector|url_pattern,1.0,2026-10-06T17:48:23Z,
UHC,,Unknown,Unknown,Massachusetts: Medication alternatives to opioid products,other,https://www.uhcprovider.com/content/dam/provider/docs/public/resources/pharmacy/opioids/ma-medication-alternatives-opioid.pdf,https://www.uhcprovider.com/en/resource-library/drug-lists-pharmacy.html,https://www.uhcprovider.com/ > https://www.uhcprovider.com/en/resource-library/drug-lists-pharmacy.html > https://www.uhcprovider.com/content/dam/provider/docs/public/resources/pharmacy/opioids/ma-medication-alternatives-opioid.pdf,pdf,,,2026-06-22,200,1061563c11916ed49c4aca9270eeadfc9424eee1fc7ea6d1a3328da64516cf30,186875,N,static,css_selector|url_pattern,0.85,2026-10-06T17:48:23Z,
UHC,,Unknown,Unknown,Medication Name Quantity Limit per month,other,https://www.uhcprovider.com/content/dam/provider/docs/public/resources/pharmacy/Quality-Duration-Supply-Limits.pdf,https://www.uhcprovider.com/en/resource-library/drug-lists-pharmacy.html,https://www.uhcprovider.com/ > https://www.uhcprovider.com/en/resource-library/drug-lists-pharmacy.html > https://www.uhcprovider.com/content/dam/provider/docs/public/resources/pharmacy/Quality-Duration-Supply-Limits.pdf,pdf,,,2026-09-23,200,ae9156690a3531dda9cac1f573d09b7421a53a5b4ea7eb53b003559544b1b0c3,189107,N,static,css_selector|url_pattern,0.85,2026-10-06T17:48:23Z,
UHC,,Unknown,Medicare Part D,Medicare Part D Opioid Policies: Information for Prescribers,other,https://www.cms.gov/files/document/part-d-opioid-policies-information-prescribers-eff-202501.pdf,https://www.uhcprovider.com/en/resource-library/drug-lists-pharmacy.html,https://www.uhcprovider.com/ > https://www.uhcprovider.com/en/resource-library/drug-lists-pharmacy.html > https://www.cms.gov/files/document/part-d-opioid-policies-information-prescribers-eff-202501.pdf,pdf,,,2024-11-14,200,ce588e212aa631412db50da542dbbd93ddb0af6bef382c9d6e504dc9127987a1,113877,N,static,css_selector|url_pattern,0.85,2026-10-06T17:48:23Z,
UHC,,Unknown,Unknown,PCA-1-26-01012-POE-QRG_06292026 Maine: Medication alternatives,formulary,https://www.uhcprovider.com/content/dam/provider/docs/public/resources/pharmacy/opioids/me-QRG-medication-alternatives-opioid-products.pdf,https://www.uhcprovider.com/en/resource-library/drug-lists-pharmacy.html,https://www.uhcprovider.com/ > https://www.uhcprovider.com/en/resource-library/drug-lists-pharmacy.html > https://www.uhcprovider.com/content/dam/provider/docs/public/resources/pharmacy/opioids/me-QRG-medication-alternatives-opioid-products.pdf,pdf,,,2026-07-06,200,54f32b92ed2f3025e86c996d56e71dee88196bb741f62f2f1e78f3fbf537ee7f,272308,N,static,css_selector|url_pattern,0.95,2026-10-06T17:48:23Z,
UHC,,Unknown,Unknown,Pharmacy | PDL 2026 Prescription Drug List,drug_list,https://www.uhcprovider.com/content/dam/provider/docs/public/resources/pharmacy/commercial-pdl-may-2026.pdf,https://www.uhcprovider.com/en/resource-library/drug-lists-pharmacy.html,https://www.uhcprovider.com/ > https://www.uhcprovider.com/en/resource-library/drug-lists-pharmacy.html > https://www.uhcprovider.com/content/dam/provider/docs/public/resources/pharmacy/commercial-pdl-may-2026.pdf,pdf,,,2026-03-24,200,7b6e94c1fa3d6e407858185f7de9fefb901f1fb24eb62aa25b1c57fe98923799,3826566,N,static,css_selector|url_pattern,0.95,2026-10-06T17:48:23Z,
UHC,,Florida,Unknown,Medication Name Quantity Limit per copay,other,https://www.uhcprovider.com/content/dam/provider/docs/public/resources/pharmacy/Quantity-Level-Limits-Supply-Limits.pdf,https://www.uhcprovider.com/en/resource-library/drug-lists-pharmacy.html,https://www.uhcprovider.com/ > https://www.uhcprovider.com/en/resource-library/drug-lists-pharmacy.html > https://www.uhcprovider.com/content/dam/provider/docs/public/resources/pharmacy/Quantity-Level-Limits-Supply-Limits.pdf,pdf,,,2026-09-23,200,ad4c0a381b6c4f9eabab75b16bfd05117c1b90768116da2dc488b93812bdb496,114453,N,static,css_selector|url_pattern,0.85,2026-10-06T17:48:23Z,
UHC,,Unknown,Medicare Part D,Medicare Part D Opioid Policies: Information for Pharmacists,other,https://www.cms.gov/files/document/part-d-opioid-policies-information-pharmacists-eff-202501.pdf,https://www.uhcprovider.com/en/resource-library/drug-lists-pharmacy.html,https://www.uhcprovider.com/ > https://www.uhcprovider.com/en/resource-library/drug-lists-pharmacy.html > https://www.cms.gov/files/document/part-d-opioid-policies-information-pharmacists-eff-202501.pdf,pdf,,,2024-11-14,200,65344918f2ed209bcb01e2da4b73917b89efbc83d5ca985165337b2d8a671b2c,193278,N,static,css_selector|url_pattern,0.85,2026-10-06T17:48:23Z,
UHC,,Colorado,Unknown,© 2026 UnitedHealthcare Services Inc. UnitedHealthcare Pharmacy,pa_list,https://www.uhcprovider.com/content/dam/provider/docs/public/resources/pharmacy/oxford/Diabetes-Medications-SGLT2-Inhibitors-Oxford.pdf,https://www.uhcprovider.com/en/resource-library/drug-lists-pharmacy.html,https://www.uhcprovider.com/ > https://www.uhcprovider.com/en/resource-library/drug-lists-pharmacy.html > https://www.uhcprovider.com/content/dam/provider/docs/public/resources/pharmacy/oxford/Diabetes-Medications-SGLT2-Inhibitors-Oxford.pdf,pdf,,,2026-08-13,200,16189f2de63d96fc9c9044b34e6bac5243c79bd707043c4108fb020a697331cc,173081,N,static,css_selector|url_pattern,0.95,2026-10-06T17:48:23Z,
UHC,,Unknown,Unknown,Pharmacy Benefit Programs Drug List Last updated 9/23/2026 (For 10/1/2026 Effective Date),drug_list,https://www.uhcprovider.com/content/dam/provider/docs/public/resources/pharmacy/Drugs-with-Clinical-Programs-Commercial.pdf,https://www.uhcprovider.com/en/resource-library/drug-lists-pharmacy.html,https://www.uhcprovider.com/ > https://www.uhcprovider.com/en/resource-library/drug-lists-pharmacy.html > https://www.uhcprovider.com/content/dam/provider/docs/public/resources/pharmacy/Drugs-with-Clinical-Programs-Commercial.pdf,pdf,,,2026-09-23,200,71965e5f45de4eb193d223a1c5ab385f8dd83fc1a2483a2a9e8c3b0d6a4db584,226478,N,static,css_selector|url_pattern,0.95,2026-10-06T17:48:24Z,
UHC,,Pennsylvania,Unknown,January 2025 2025 Empire Plan Flexible Formulary,formulary,https://www.uhcprovider.com/content/dam/provider/docs/public/resources/pharmacy/NY-Empire-Plan-Flexible-Drug-List.pdf,https://www.uhcprovider.com/en/resource-library/drug-lists-pharmacy.html,https://www.uhcprovider.com/ > https://www.uhcprovider.com/en/resource-library/drug-lists-pharmacy.html > https://www.uhcprovider.com/content/dam/provider/docs/public/resources/pharmacy/NY-Empire-Plan-Flexible-Drug-List.pdf,pdf,,,2024-12-26,200,9e6838eb90bdfab1e224791d77f919622003a8893450e8827554279cb86228b8,413897,N,static,css_selector|url_pattern,0.95,2026-10-06T17:48:24Z,
UHC,,New Jersey,Unknown,© 2025 UnitedHealthcare Services Inc. UnitedHealthcare Pharmacy,other,https://www.uhcprovider.com/content/dam/provider/docs/public/resources/pharmacy/oxford/Oxford-Supply-Limits-Triptans.pdf,https://www.uhcprovider.com/en/resource-library/drug-lists-pharmacy.html,https://www.uhcprovider.com/ > https://www.uhcprovider.com/en/resource-library/drug-lists-pharmacy.html > https://www.uhcprovider.com/content/dam/provider/docs/public/resources/pharmacy/oxford/Oxford-Supply-Limits-Triptans.pdf,pdf,,,2025-11-21,200,ca26d84b2ccd3ca134d11f10c4ae803067f2fe1ad6e67430dbb9578767f40c06,180134,N,static,css_selector|url_pattern,0.85,2026-10-06T17:48:24Z,
UHC,,Arizona,Commercial,PCA-1-25-02172-Clinical-FM_10072025 Exemption requests for zero-cost,pa_list,https://www.uhcprovider.com/content/dam/provider/docs/public/resources/pharmacy/COMM-Patient-PACA-Zero-Cost-Share-Exemption-Request.pdf,https://www.uhcprovider.com/en/resource-library/drug-lists-pharmacy.html,https://www.uhcprovider.com/ > https://www.uhcprovider.com/en/resource-library/drug-lists-pharmacy.html > https://www.uhcprovider.com/content/dam/provider/docs/public/resources/pharmacy/COMM-Patient-PACA-Zero-Cost-Share-Exemption-Request.pdf,pdf,,,2025-10-08,200,7384764f25b54679c54e5c136731d0d9ebf796d3e9063d1668d0177a21df6f23,70325,N,static,css_selector|url_pattern,0.95,2026-10-06T17:48:24Z,
UHC,,Pennsylvania,Unknown,January 2025 2025 Empire Plan Advanced Flexible Formulary,formulary,https://www.uhcprovider.com/content/dam/provider/docs/public/resources/pharmacy/NY-Empire-Plan-Advanced-Flexible-Drug-List.pdf,https://www.uhcprovider.com/en/resource-library/drug-lists-pharmacy.html,https://www.uhcprovider.com/ > https://www.uhcprovider.com/en/resource-library/drug-lists-pharmacy.html > https://www.uhcprovider.com/content/dam/provider/docs/public/resources/pharmacy/NY-Empire-Plan-Advanced-Flexible-Drug-List.pdf,pdf,,,2024-12-26,200,122f8329f7053d1f26d22554d5db8bae31dee3ffb42830faf0703e29ca473c73,465316,N,static,css_selector|url_pattern,0.95,2026-10-06T17:48:24Z,
UHC,,Colorado,Unknown,© 2025 UnitedHealthcare Services Inc. UnitedHealthcare Pharmacy,pa_list,https://www.uhcprovider.com/content/dam/provider/docs/public/resources/pharmacy/oxford/Diabetes-Medications-DPP4-Inhibitors-Oxford.pdf,https://www.uhcprovider.com/en/resource-library/drug-lists-pharmacy.html,https://www.uhcprovider.com/ > https://www.uhcprovider.com/en/resource-library/drug-lists-pharmacy.html > https://www.uhcprovider.com/content/dam/provider/docs/public/resources/pharmacy/oxford/Diabetes-Medications-DPP4-Inhibitors-Oxford.pdf,pdf,,,2025-09-10,200,d8c698f5fb569bbdb83e5e03df365fb5f581fdd30c3f8e626a82c45464a3a8f1,176584,N,static,css_selector|url_pattern,0.95,2026-10-06T17:48:24Z,
UHC,,Colorado,Commercial,Commercial Business Pharmacy Update - Notice of Changes to Prior Authorization Requirements and Coverage Criteria for UnitedHealthcare Commercial,pa_list,https://www.uhcprovider.com/content/dam/provider/docs/public/resources/pharmacy/COMM-Pharmacy-Update-Prior-Auth-and-Coverage-Criteria.pdf,https://www.uhcprovider.com/en/resource-library/drug-lists-pharmacy.html,https://www.uhcprovider.com/ > https://www.uhcprovider.com/en/resource-library/drug-lists-pharmacy.html > https://www.uhcprovider.com/content/dam/provider/docs/public/resources/pharmacy/COMM-Pharmacy-Update-Prior-Auth-and-Coverage-Criteria.pdf,pdf,,,2026-09-23,200,6290e689cc22a21f1d263cd1dc4fa7296ae98e573d88eb4ad14cd084819d4b6e,128624,N,static,css_selector|url_pattern,0.95,2026-10-06T17:48:25Z,
UHC,,Unknown,Unknown,We’re here to help Optum Infusion Pharmacy immunoglobulin (IG) services,other,https://www.optum.com/content/dam/optum3/specialtyrx/images/immuneglobulin/Optum-Infusion-Pharmacy-IG-Map.pdf,https://www.uhcprovider.com/en/resource-library/drug-lists-pharmacy.html,https://www.uhcprovider.com/ > https://www.uhcprovider.com/en/resource-library/drug-lists-pharmacy.html > https://specialty.optum.com/content/dam/optum3/specialtyrx/images/immuneglobulin/Optum-Infusion-Pharmacy-IG-Map.pdf > https://www.optum.com/content/dam/optum3/specialtyrx/images/immuneglobulin/Optum-Infusion-Pharmacy-IG-Map.pdf,pdf,,,2025-05-22,200,165f8f18e9fed6729cb0efa242f7e4841d6e47a0503e3f78dc75312f092cb174,236110,N,static,css_selector|url_pattern,0.85,2026-10-06T17:48:26Z,
UHC,,Unknown,Unknown,Effective Date: 10/01/2026 Target Drug,formulary,https://www.uhcprovider.com/content/dam/provider/docs/public/resources/pharmacy/New-and-Therapeutic-Equivalent-Medications-Commercial.pdf,https://www.uhcprovider.com/en/resource-library/drug-lists-pharmacy.html,https://www.uhcprovider.com/ > https://www.uhcprovider.com/en/resource-library/drug-lists-pharmacy.html > https://www.uhcprovider.com/content/dam/provider/docs/public/resources/pharmacy/New-and-Therapeutic-Equivalent-Medications-Commercial.pdf,pdf,,,2026-10-02,200,f73fc86990b840c9350984df6b6146b638dedd5a65768205928137562d756789,1526803,N,static,css_selector|url_pattern,0.95,2026-10-06T17:48:26Z,
UHC,,Unknown,Unknown,New Mexico $0 behavioral health,pa_list,https://www.uhcprovider.com/content/dam/provider/docs/public/resources/pharmacy/NM-Behavioral-Cost-Share.pdf,https://www.uhcprovider.com/en/resource-library/drug-lists-pharmacy.html,https://www.uhcprovider.com/ > https://www.uhcprovider.com/en/resource-library/drug-lists-pharmacy.html > https://www.uhcprovider.com/content/dam/provider/docs/public/resources/pharmacy/NM-Behavioral-Cost-Share.pdf,pdf,,,2025-09-29,200,a42eec5bb1ca1862efd8046732333ad8d1d0bc5b2636de2b09f0430bfc8467dd,4429843,N,static,css_selector|url_pattern,0.95,2026-10-06T17:48:27Z,
UPMC Health Plan,,Unknown,Unknown,Value Choice Pharmacy Benefit Guide,pa_list,https://upmc.widen.net/view/pdf/tshyu7mgdm/2025-Employer-or-Individual-and-Family-or-Student-Coverage_Value-Choice-Prescription-Coverage_WEB.doc,https://www.upmchealthplan.com/formulary,https://www.upmchealthplan.com/sitemap2.xml > https://www.upmchealthplan.com/formulary > https://upmc.widen.net/view/pdf/tshyu7mgdm/2025-Employer-or-Individual-and-Family-or-Student-Coverage_Value-Choice-Prescription-Coverage_WEB.doc,pdf,,2026-01-01,2025-11-28,200,581dee3ec7bfa119bb40e5ff3ffd97256830cde7662fb3cc637c80feb4b4bbcf,1578305,N,static,sitemap|css_selector|regex,1.0,2026-10-06T17:53:52Z,
UPMC Health Plan,,Unknown,Unknown,Advantage Choice Formulary Book,formulary,https://upmc.widen.net/view/pdf/02jjoeuifc/25TOTEX6064850---2026-Advantage-Choice-Formulary-Book_WEB.pdf,https://www.upmchealthplan.com/formulary,https://www.upmchealthplan.com/sitemap2.xml > https://www.upmchealthplan.com/formulary > https://upmc.widen.net/view/pdf/02jjoeuifc/25TOTEX6064850---2026-Advantage-Choice-Formulary-Book_WEB.pdf,pdf,,2026-10-01,2026-09-30,200,47a3719625000cc13aa426939c764e0e9e913e76fbdcea947ef29e4f002efe7a,2591143,N,static,sitemap|css_selector|regex,1.0,2026-10-06T17:53:54Z,
UPMC Health Plan,,Alabama,Unknown,Your 2026 Prescription Drug Program,pa_list,https://embed.widencdn.net/pdf/plus/upmc/v9lz0zac3h/2020-medicaid-formulary-drug-list-non-pdl-web.pdf,https://www.upmchealthplan.com/formulary,https://www.upmchealthplan.com/sitemap2.xml > https://www.upmchealthplan.com/formulary > https://embed.widencdn.net/pdf/plus/upmc/v9lz0zac3h/2020-medicaid-formulary-drug-list-non-pdl-web.pdf,pdf,,,2026-09-08,200,86af72c75683e461819f71f686239c599e35fc714cd42ad2ed94aeca846034d6,3290283,N,static,sitemap|css_selector|regex,0.95,2026-10-06T17:53:54Z,
UPMC Health Plan,,Alabama,Unknown,"Nondiscrimination notice UPMC Health Plan, on behalf of itself and its affiliates, complies with applicable federal civil rights",other,https://embed.widencdn.net/pdf/plus/upmc/mfljwi4cll/CM_nondiscrimination-notice_web.pdf,https://www.upmchealthplan.com/transparency-in-coverage/mrf/,https://www.upmchealthplan.com/sitemap.xml > https://www.upmchealthplan.com/transparency-in-coverage/mrf/ > https://embed.widencdn.net/pdf/plus/upmc/mfljwi4cll/CM_nondiscrimination-notice_web.pdf,pdf,,,2020-08-25,200,477b6c96c8815d9a4201f78f2a0b97a14981c101fea8a9f586eed236ac89a63b,187448,N,static,sitemap|css_selector|regex,0.85,2026-10-06T17:53:54Z,
UPMC Health Plan,,Alabama,Unknown,Choose the care that’s,other,https://upmc.widen.net/view/pdf/hdb4mybbrs/18ISD196924---Transparency-Tools-Brochure-Update.pdf,https://www.upmchealthplan.com/transparency-in-coverage/mrf/,https://www.upmchealthplan.com/sitemap.xml > https://www.upmchealthplan.com/transparency-in-coverage/mrf/ > https://upmc.widen.net/view/pdf/hdb4mybbrs/18ISD196924---Transparency-Tools-Brochure-Update.pdf,pdf,,,2022-07-01,200,3f9edae41597f9d6e2272ea53d384299840d1d765ebca73e89a59c09185d062a,1413465,N,static,sitemap|css_selector|regex,0.85,2026-10-06T17:53:54Z,
UPMC Health Plan,,Alabama,Unknown,Your 2026 prescription drug program,pa_list,https://embed.widencdn.net/pdf/plus/upmc/k1kklsfmun/2020-chc-drug-formulary-non-pdl-web.pdf,https://www.upmchealthplan.com/formulary,https://www.upmchealthplan.com/sitemap2.xml > https://www.upmchealthplan.com/formulary > https://embed.widencdn.net/pdf/plus/upmc/k1kklsfmun/2020-chc-drug-formulary-non-pdl-web.pdf,pdf,,,2026-06-01,200,7ba58796a8e90c67810e81ba1572c280735cb4b545b2b9d1d8ae241a063eeb3d,1387246,N,static,sitemap|css_selector|regex,0.95,2026-10-06T17:53:54Z,
UPMC Health Plan,,Unknown,Unknown,Your Choice Formulary Book,formulary,https://upmc.widen.net/view/pdf/kil7wblu3z/25TOTCM6064950---2026-Your-Choice-Formulary-Book_WEB.pdf,https://www.upmchealthplan.com/formulary,https://www.upmchealthplan.com/sitemap2.xml > https://www.upmchealthplan.com/formulary > https://upmc.widen.net/view/pdf/kil7wblu3z/25TOTCM6064950---2026-Your-Choice-Formulary-Book_WEB.pdf,pdf,,2026-07-01,2026-06-22,200,81c5c6bde04b8b8d4772b84f38993a21e970603bf7793eabccc18ae96dee14fe,2668643,N,static,sitemap|css_selector|regex,1.0,2026-10-06T17:53:54Z,
UPMC Health Plan,,Alabama,Unknown,Your 2026 prescription drug program,pa_list,https://upmc.widen.net/view/pdf/k1kklsfmun/chc-drug-formulary-non-pdl-web.pdf,https://www.upmchealthplan.com/chc/learn/benefits/pharmacy-coverage,https://www.upmchealthplan.com/sitemap2.xml > https://www.upmchealthplan.com/chc/learn/benefits/pharmacy-coverage > https://upmc.widen.net/view/pdf/k1kklsfmun/chc-drug-formulary-non-pdl-web.pdf,pdf,,,2026-06-01,200,7ba58796a8e90c67810e81ba1572c280735cb4b545b2b9d1d8ae241a063eeb3d,1387246,N,static,sitemap|css_selector|regex,0.95,2026-10-06T17:53:55Z,
UPMC Health Plan,,Unknown,Medicaid,2026 CHIP Federal Income Guidelines and Copayment Chart Income*,other,https://upmc.widen.net/view/pdf/je7llddcn3/chip-federal-income-guidelines_web.pdf,https://www.upmchealthplan.com/coverage-for-kids/enroll/eligibility,https://www.upmchealthplan.com/sitemap2.xml > https://www.upmchealthplan.com/coverage-for-kids/enroll/eligibility > https://upmc.widen.net/view/pdf/je7llddcn3/chip-federal-income-guidelines_web.pdf,pdf,,,2026-04-06,200,74475579bf36cfd8a0813194a25f9283cd2c526400f4dd89625aff5c9cbc5c4b,169958,N,static,sitemap|css_selector|regex,0.85,2026-10-06T17:53:55Z,
UPMC Health Plan,,Maryland,Unknown,Explanation of Benefits example This example is designed to show you where to find the information you need on your Explanation of,other,https://upmc.widen.net/view/pdf/bqvcyeolws/CHIP-EOB-tutorial-final.pdf,https://www.upmchealthplan.com/coverage-for-kids/for-members/explanation-of-benefits,https://www.upmchealthplan.com/sitemap2.xml > https://www.upmchealthplan.com/coverage-for-kids/for-members/explanation-of-benefits > https://upmc.widen.net/view/pdf/bqvcyeolws/CHIP-EOB-tutorial-final.pdf,pdf,,,2024-06-19,200,417ea9187c3bbac0fff6fb131ec952164e9aec1afed25794609da0f470be48d6,243822,N,static,sitemap|css_selector|regex,0.85,2026-10-06T17:53:55Z,
UPMC Health Plan,,Pennsylvania,Unknown,IMPORTANT CHANGES TO YOUR CHILDREN’S HEALTH INSURANCE PROGRAM (CHIP) ELIGIBILITY PROCESS,other,https://upmc.widen.net/view/pdf/8nkmomzfkp/CHIP-DHS-change-faq-web.pdf,https://www.upmchealthplan.com/coverage-for-kids/faq,https://www.upmchealthplan.com/sitemap2.xml > https://www.upmchealthplan.com/coverage-for-kids/faq > https://upmc.widen.net/view/pdf/8nkmomzfkp/CHIP-DHS-change-faq-web.pdf,pdf,,,2023-04-06,200,8278cb0b4e07f1ae5e73830a67ca761a17d8cd1e6745c5eca674cda9328130cb,257274,N,static,sitemap|css_selector|regex,0.85,2026-10-06T17:53:55Z,
UPMC Health Plan,,Unknown,Unknown,Affordable Care Act quick reference guide,other,http://embed.widencdn.net/pdf/plus/upmc/pwkdpzr3gk/Producer_Digital_ACA-Quick-Reference-Guide_Web.pdf,https://www.upmchealthplan.com/transparency-in-coverage/mrf/,https://www.upmchealthplan.com/sitemap.xml > https://www.upmchealthplan.com/transparency-in-coverage/mrf/ > http://embed.widencdn.net/pdf/plus/upmc/pwkdpzr3gk/Producer_Digital_ACA-Quick-Reference-Guide_Web.pdf,pdf,,,2023-08-16,200,ad46a563f59f6c9d37578b829fdaa2a209334bad9ebce200dda7c8c23068fca2,1148809,N,static,sitemap|css_selector|regex,0.85,2026-10-06T17:53:55Z,
UPMC Health Plan,,Pennsylvania,Unknown,Summary of Benefits UPMC for Kids Summary of Benefits,pa_list,https://embed.widencdn.net/pdf/plus/upmc/zwnqpcp7hr/chip_sob_web.pdf,https://www.upmchealthplan.com/coverage-for-kids/for-members/explanation-of-benefits,https://www.upmchealthplan.com/sitemap2.xml > https://www.upmchealthplan.com/coverage-for-kids/for-members/explanation-of-benefits > https://embed.widencdn.net/pdf/plus/upmc/zwnqpcp7hr/chip_sob_web.pdf,pdf,,,2026-02-27,200,1d62478ba4efbd58591e334a6617ee712a74eec277c92c5058d487165388440a,649576,N,static,sitemap|css_selector|regex,0.95,2026-10-06T17:53:55Z,
UPMC Health Plan,,Unknown,Unknown,"Exclusions Not all services, supplies, or charges are covered services.",other,https://embed.widencdn.net/pdf/plus/upmc/1tyrtffgga/chip-exclusions_web.pdf,https://www.upmchealthplan.com/coverage-for-kids/for-members/explanation-of-benefits,https://www.upmchealthplan.com/sitemap2.xml > https://www.upmchealthplan.com/coverage-for-kids/for-members/explanation-of-benefits > https://embed.widencdn.net/pdf/plus/upmc/1tyrtffgga/chip-exclusions_web.pdf,pdf,,,2026-03-05,200,fe0b7278185d7302ec7945c4c37bbdffe6fe3ded3ec409ed561e5c4235f74a25,509222,N,static,sitemap|css_selector|regex,0.85,2026-10-06T17:53:55Z,
UPMC Health Plan,,Unknown,Unknown,Press TAB and dire. Plan ID*,other,https://upmc.widen.net/view/pdf/sbkazzs7lv/TIC-HCHO_WEB.pdf,https://www.upmchealthplan.com/transparency-in-coverage,https://www.upmchealthplan.com/sitemap2.xml > https://www.upmchealthplan.com/transparency-in-coverage > https://upmc.widen.net/view/pdf/sbkazzs7lv/TIC-HCHO_WEB.pdf,pdf,,,2025-10-28,200,8c54b03cdd1148270834e1daa3dbdce5c477f9f0e45c2f5d9ca4f6c88eec8e24,171626,N,static,sitemap|css_selector|regex,0.85,2026-10-06T17:53:55Z,
UPMC Health Plan,,Alabama,Unknown,Ejemplo de Explicación de beneficios Este ejemplo está diseñado para mostrarle cómo encontrar la información que necesita en su Explicación de,other,https://upmc.widen.net/view/pdf/ibku3sduzb/CHIP-EOB-Tutorial-SPANLA-web.pdf,https://www.upmchealthplan.com/coverage-for-kids/for-members/explanation-of-benefits,https://www.upmchealthplan.com/sitemap2.xml > https://www.upmchealthplan.com/coverage-for-kids/for-members/explanation-of-benefits > https://upmc.widen.net/view/pdf/ibku3sduzb/CHIP-EOB-Tutorial-SPANLA-web.pdf,pdf,,,2024-08-14,200,3ac7e95630e554d8a5b4786272baacbc549d8fac4c554cd814c95887e1cb15ac,370409,N,static,sitemap|css_selector|regex,0.85,2026-10-06T17:53:55Z,
UPMC Health Plan,,Alabama,Unknown,Flu Shot Reimbursement Form Copyright 2025 UPMC Health Plan Inc. All rights reserved.,other,https://embed.widencdn.net/pdf/plus/upmc/bhc6bbtcnk/chip-flu-shot-reimbursement-form_web.pdf,https://www.upmchealthplan.com/coverage-for-kids/for-members/member-resources,https://www.upmchealthplan.com/sitemap2.xml > https://www.upmchealthplan.com/coverage-for-kids/for-members/member-resources > https://embed.widencdn.net/pdf/plus/upmc/bhc6bbtcnk/chip-flu-shot-reimbursement-form_web.pdf,pdf,,,2025-09-25,200,8cc775bad41ff0912620df7f23ac756ab8782221e2ebd5d514dba7d0f0b58c61,419096,N,static,sitemap|css_selector|regex,0.85,2026-10-06T17:53:56Z,
UPMC Health Plan,,Pennsylvania,Unknown,MEMBER RIGHTS AND RESPONSIBILITIES Rights of Members,other,https://upmc.widen.net/view/pdf/9slbtddbju/CHIP-Member-Rights-Responsibility.pdf,https://www.upmchealthplan.com/coverage-for-kids/for-members/member-resources,https://www.upmchealthplan.com/sitemap2.xml > https://www.upmchealthplan.com/coverage-for-kids/for-members/member-resources > https://upmc.widen.net/view/pdf/9slbtddbju/CHIP-Member-Rights-Responsibility.pdf,pdf,,,2025-08-14,200,890ca627871c3744575010fdf5d82b4ab7419b1f857548c00dd446a31d3310a8,424184,N,static,sitemap|css_selector|regex,0.85,2026-10-06T17:53:56Z,
UPMC Health Plan,,Pennsylvania,Medicaid,CHIP Notice of Privacy Practices THIS NOTICE DESCRIBES HOW MEDICAL INFORMATION ABOUT YOU MAY BE USED AND,other,https://upmc.widen.net/view/pdf/esylzpq7eo/dhs-chip-privacy_notice.pdf,https://www.upmchealthplan.com/coverage-for-kids/for-members/member-resources,https://www.upmchealthplan.com/sitemap2.xml > https://www.upmchealthplan.com/coverage-for-kids/for-members/member-resources > https://upmc.widen.net/view/pdf/esylzpq7eo/dhs-chip-privacy_notice.pdf,pdf,,,2022-07-25,200,219a236102e393cf350ee7303ce0e32e8c57ac9189fffb94d0065556d8d33d22,32719,N,static,sitemap|css_selector|regex,0.85,2026-10-06T17:53:56Z,
UPMC Health Plan,,Unknown,Unknown,Available Documents Privacy Statement,other,https://embed.widencdn.net/pdf/plus/upmc/ypyj0qzdi7/CHIP_NOPP_web.pdf,https://www.upmchealthplan.com/coverage-for-kids/for-members/member-resources,https://www.upmchealthplan.com/sitemap2.xml > https://www.upmchealthplan.com/coverage-for-kids/for-members/member-resources > https://embed.widencdn.net/pdf/plus/upmc/ypyj0qzdi7/CHIP_NOPP_web.pdf,pdf,,,2025-10-29,200,8e5d2d0a4970ae540268faecf5ae5103b396bb662e0c0582163e9f6c2d96720c,426727,N,static,sitemap|css_selector|regex,0.85,2026-10-06T17:53:57Z,
UPMC Health Plan,,Pennsylvania,Unknown,Pennsylvania's Children's Health Insurance Program,other,https://upmc.widen.net/view/pdf/jxd55bn3ko/chip-invoice-tutorial-web.pdf,https://www.upmchealthplan.com/coverage-for-kids/for-members/member-resources,https://www.upmchealthplan.com/sitemap2.xml > https://www.upmchealthplan.com/coverage-for-kids/for-members/member-resources > https://upmc.widen.net/view/pdf/jxd55bn3ko/chip-invoice-tutorial-web.pdf,pdf,,2022-03-31,2022-07-27,200,d2ade994667e553feef949efe451a61d5dc62b88a8d8834650e5622b21792acb,602816,N,static,sitemap|css_selector|regex,0.9,2026-10-06T17:53:57Z,
UPMC Health Plan,,Alabama,Unknown,UPMC for You Nondiscrimination Notice UPMC for You complies with applicable Federal civil rights laws and does not discriminate on the,other,https://upmc.widen.net/view/pdf/ahrs2zcdy4/MA_1557_NondiscriminationNotice.pdf,https://www.upmchealthplan.com/medicaid/enroll/renew-my-coverage,https://www.upmchealthplan.com/sitemap2.xml > https://www.upmchealthplan.com/medicaid/enroll/renew-my-coverage > https://upmc.widen.net/view/pdf/ahrs2zcdy4/MA_1557_NondiscriminationNotice.pdf,pdf,,,2025-02-11,200,a0279f9d57a485df7d4bd0b9fcfdaf056fd42502868805ab3cbdee12456a1ab0,462909,N,static,sitemap|css_selector|regex,0.85,2026-10-06T17:53:58Z,
UPMC Health Plan,,Unknown,Unknown,Metric Values,pa_list,https://upmc.widen.net/view/pdf/qgulvpgtqy/CMS_Final_Rule-Prior_Auth_Metrics-CHIP_web.xlsx,https://www.upmchealthplan.com/coverage-for-kids/for-members/member-resources,https://www.upmchealthplan.com/sitemap2.xml > https://www.upmchealthplan.com/coverage-for-kids/for-members/member-resources > https://upmc.widen.net/view/pdf/qgulvpgtqy/CMS_Final_Rule-Prior_Auth_Metrics-CHIP_web.xlsx,pdf,,,2026-03-10,200,d6f2c7ec7a4e57bf7cf85b9a9383802c778cdcb945365759c7709ec3f425c94d,43309,N,static,sitemap|css_selector|regex,0.95,2026-10-06T17:53:58Z,
UPMC Health Plan,,Unknown,Commercial,"Global Travel Assistance Services As a UPMC Health Plan member, you can access a variety of travel assistance services through Assist America. This program is",other,https://upmc.widen.net/view/pdf/pimcxriphe/25TOTCM6546650---2025-2026-Open-Enrollment-Flier---Assist-America.pdf,https://www.upmchealthplan.com/employers/employer-resources/travel-coverage,https://www.upmchealthplan.com/sitemap2.xml > https://www.upmchealthplan.com/employers/employer-resources/travel-coverage > https://upmc.widen.net/view/pdf/pimcxriphe/25TOTCM6546650---2025-2026-Open-Enrollment-Flier---Assist-America.pdf,pdf,,,2026-08-24,200,9f5714ddc19d4512416565d8377bd0b8cef8a07fce711ef5630a032972b84cc9,1070762,N,static,sitemap|css_selector|regex,0.85,2026-10-06T17:53:58Z,
UPMC Health Plan,,Pennsylvania,Medicare,"Here are the Part D prescription drug coverage stages for 2026. Your out-of-pocket drug costs (copays, coinsurance, and deductibles) change as you move through these stages. Your costs can also",formulary,https://upmc.widen.net/view/pdf/4ishbpcmjc/2026-stages-mc-drug-coverage.pdf,https://www.upmchealthplan.com/medicare/learn/basics/medicare-prescription-coverage,https://www.upmchealthplan.com/sitemap2.xml > https://www.upmchealthplan.com/medicare/learn/basics/medicare-prescription-coverage > https://upmc.widen.net/view/pdf/4ishbpcmjc/2026-stages-mc-drug-coverage.pdf,pdf,,,2025-09-19,200,f7c8e074404c296445f9db8a06d30cc23b11994c53abd5e4060e570b40dee342,180372,N,static,sitemap|css_selector|regex,0.95,2026-10-06T17:53:58Z,
UPMC Health Plan,,California,Medicare,"2027 UPMC for Life Top 200 Drug List This is a list of the most used prescription drugs for our 2027 UPMC for Life HMO, PPO,",drug_list,https://upmc.widen.net/view/pdf/luzh52dgbv/2027_MCDRUGLIST.doc,https://www.upmchealthplan.com/medicare/learn/basics/medicare-prescription-coverage,https://www.upmchealthplan.com/sitemap2.xml > https://www.upmchealthplan.com/medicare/learn/basics/medicare-prescription-coverage > https://upmc.widen.net/view/pdf/luzh52dgbv/2027_MCDRUGLIST.doc,pdf,,,2026-09-25,200,ed6959c8661f9aa3b4fb1898b78f80a83ea9f430f8b18fe5a17d830e13cf8f60,125927,N,static,sitemap|css_selector|regex,0.95,2026-10-06T17:53:59Z,
UPMC Health Plan,,Unknown,Unknown,"2027 Prescription Drug Coverage Changes Here are the Part D prescription drug coverage stages for 2027. Your out-of-pocket drug costs (copays,",formulary,https://upmc.widen.net/view/pdf/eqcx3k88or/2027-stages-mc-drug-coverage.doc,https://www.upmchealthplan.com/medicare/learn/basics/medicare-prescription-coverage,https://www.upmchealthplan.com/sitemap2.xml > https://www.upmchealthplan.com/medicare/learn/basics/medicare-prescription-coverage > https://upmc.widen.net/view/pdf/eqcx3k88or/2027-stages-mc-drug-coverage.doc,pdf,,,2026-09-25,200,239080b1f4995d11c1524a05c2edf8fb7f7f895c78ad1a56921057aabb81acb7,126321,N,static,sitemap|css_selector|regex,0.95,2026-10-06T17:53:59Z,
UPMC Health Plan,,California,Medicare,2027 UPMC for Life Top 200 Drug List This is a list of the most used prescription drugs for our 2027 UPMC for Life PSHB Plan.,drug_list,https://upmc.widen.net/view/pdf/jjbfyic3l3/2027_PSHBDRUGLIST_26MCID1484_hr_ACC.pdf,https://www.upmchealthplan.com/medicare/learn/basics/medicare-prescription-coverage,https://www.upmchealthplan.com/sitemap2.xml > https://www.upmchealthplan.com/medicare/learn/basics/medicare-prescription-coverage > https://upmc.widen.net/view/pdf/jjbfyic3l3/2027_PSHBDRUGLIST_26MCID1484_hr_ACC.pdf,pdf,,,2026-10-01,200,6c2331a5b804c995e5f7ab2c50b2f5c3254b8689834f0d7333bc65db9a7f0756,191465,N,static,sitemap|css_selector|regex,0.95,2026-10-06T17:53:59Z,
UPMC Health Plan,,Alabama,Medicare,2026 UPMC for Life Top 200 Drug List This is a list of the most used prescription drugs for our UPMC for Life plans.,drug_list,https://upmc.widen.net/view/pdf/xxaooko0nj/2026-mc-top200druglist.pdf,https://www.upmchealthplan.com/medicare/learn/basics/medicare-prescription-coverage,https://www.upmchealthplan.com/sitemap2.xml > https://www.upmchealthplan.com/medicare/learn/basics/medicare-prescription-coverage > https://upmc.widen.net/view/pdf/xxaooko0nj/2026-mc-top200druglist.pdf,pdf,,,2026-09-03,200,b968c86efad13e289e1345a72b837f44324c2248e617a503551c04db42f46186,242385,N,static,sitemap|css_selector|regex,0.95,2026-10-06T17:53:59Z,
UPMC Health Plan,,Pennsylvania,Medicare,List of select Part B drugs and supplies that are covered The chart below lists select Part B drugs and supplies that are covered by UPMC for Life. We generally cover,pa_list,https://upmc.widen.net/view/pdf/ibgtz5fwwu/2021-part-b-drug-list.pdf,https://www.upmchealthplan.com/medicare/learn/basics/medicare-prescription-coverage,https://www.upmchealthplan.com/sitemap2.xml > https://www.upmchealthplan.com/medicare/learn/basics/medicare-prescription-coverage > https://upmc.widen.net/view/pdf/ibgtz5fwwu/2021-part-b-drug-list.pdf,pdf,,,2026-07-09,200,595758e253ac717e49d3b447815da48d8ad9186cc1b74a3ae249a70753e9df89,144726,N,static,sitemap|css_selector|regex,0.95,2026-10-06T17:53:59Z,
UPMC Health Plan,,Alabama,Unknown,Your 2026 Member Handbook,pa_list,https://upmc.widen.net/view/pdf/yinwevv61q/CHIP-member-handbook-final-web.pdf,https://www.upmchealthplan.com/coverage-for-kids/for-members/member-resources,https://www.upmchealthplan.com/sitemap2.xml > https://www.upmchealthplan.com/coverage-for-kids/for-members/member-resources > https://upmc.widen.net/view/pdf/yinwevv61q/CHIP-member-handbook-final-web.pdf,pdf,,,2026-03-05,200,fee8dc2c354c00a29508a8ff2edcc55df93ae3ad27ced0fbab4642914dd3f577,5814405,N,static,sitemap|css_selector|regex,0.95,2026-10-06T17:53:59Z,
UPMC Health Plan,,Pennsylvania,Commercial,Code Customized Policy Number,other,https://upmc.widen.net/view/pdf/9ylydgf6na/Copy-of-Prior-Authorization-List.xlsx,https://www.upmchealthplan.com/coverage-for-kids/for-members/member-resources,https://www.upmchealthplan.com/sitemap2.xml > https://www.upmchealthplan.com/coverage-for-kids/for-members/member-resources > https://upmc.widen.net/view/pdf/9ylydgf6na/Copy-of-Prior-Authorization-List.xlsx,pdf,,,2026-10-01,200,bd1b0dea95af64b5b948c4525d72df57fe13aa0d7fad499f8e60aedf394542c7,539551,N,static,sitemap|css_selector|regex,0.85,2026-10-06T17:54:00Z,
UPMC Health Plan,,Unknown,Medicaid,UPMC for Life monthly plan premium for people who get Extra Help from Medicare,other,https://upmc.widen.net/view/pdf/a2tgatleqs/2027_LISSUMMARY_26MCID1411_WEB.pdf,https://www.upmchealthplan.com/medicare/learn/basics/medicare-prescription-coverage,https://www.upmchealthplan.com/sitemap2.xml > https://www.upmchealthplan.com/medicare/learn/basics/medicare-prescription-coverage > https://upmc.widen.net/view/pdf/a2tgatleqs/2027_LISSUMMARY_26MCID1411_WEB.pdf,pdf,,,2026-09-25,200,5ad3369de91b1d88275747f977fe41d8f67bd0f390d5f8ac0a65d7ce9cc92aef,48512,N,static,sitemap|css_selector|regex,0.85,2026-10-06T17:54:00Z,
UPMC Health Plan,,Pennsylvania,Unknown,We are writing to tell you about important changes to the CHIP program due to guidance from the federal government. These changes are intended to ensure CHIP families maintain access to,other,https://upmc.widen.net/view/pdf/ouuv2lmshf/24CHIP4892850---DHS-Required-Continuous-Eligibility-Letter-and-FAQ_WEB.docx,https://www.upmchealthplan.com/coverage-for-kids/for-members/member-resources,https://www.upmchealthplan.com/sitemap2.xml > https://www.upmchealthplan.com/coverage-for-kids/for-members/member-resources > https://upmc.widen.net/view/pdf/ouuv2lmshf/24CHIP4892850---DHS-Required-Continuous-Eligibility-Letter-and-FAQ_WEB.docx,pdf,,,2024-10-24,200,46037575b557395c132317ed2ffb7200261e90dc5d5bada4f37fef6ca1ec60ae,1115257,N,static,sitemap|css_selector|regex,0.85,2026-10-06T17:54:00Z,
UPMC Health Plan,,Alabama,Unknown,"Translation Services ATTENTION: If you speak a language other than English, free language assistance services are",other,https://upmc.widen.net/view/pdf/dkammid4ni/NOA-mc-24ISD4950898_NoA_MC.pdf,https://www.upmchealthplan.com/medicare/learn/basics/medicare-prescription-coverage,https://www.upmchealthplan.com/sitemap2.xml > https://www.upmchealthplan.com/medicare/learn/basics/medicare-prescription-coverage > https://upmc.widen.net/view/pdf/dkammid4ni/NOA-mc-24ISD4950898_NoA_MC.pdf,pdf,,,2025-09-17,200,271ef0ecfaa5e50a57fcb99b81c531292041316e2ccaf926f927b7701dac25d7,240171,N,static,sitemap|css_selector|regex,0.85,2026-10-06T17:54:00Z,
UPMC Health Plan,,Unknown,Medicare Part D,Fact sheet Medicare GLP-1 Bridge:,other,https://www.medicare.gov/publications/12234-medicare-glp-1-bridge-glp-1-drugs-for-50-a-month.pdf,https://www.upmchealthplan.com/medicare/learn/fortherecord/2026/ep-2-prescription-drug-coverage,https://www.upmchealthplan.com/sitemap2.xml > https://www.upmchealthplan.com/medicare/learn/fortherecord/2026/ep-2-prescription-drug-coverage > https://www.medicare.gov/publications/12234-medicare-glp-1-bridge-glp-1-drugs-for-50-a-month.pdf,pdf,,,2026-06-22,200,aa5ca94204c09cf7d3ee27067a1071bffffaa255919418e9fe0f6a4ad8df31ad,141990,N,static,sitemap|css_selector|url_pattern,0.85,2026-10-06T17:54:00Z,
UPMC Health Plan,,Unknown,Unknown,Page 1 File coming soon,other,https://upmc.widen.net/view/pdf/mxuyzyspvv/2027-mc-snp-req-part-b-pa-st.pdf,https://www.upmchealthplan.com/medicare/learn/basics/medicare-prescription-coverage,https://www.upmchealthplan.com/sitemap2.xml > https://www.upmchealthplan.com/medicare/learn/basics/medicare-prescription-coverage > https://upmc.widen.net/view/pdf/mxuyzyspvv/2027-mc-snp-req-part-b-pa-st.pdf,pdf,,,2026-09-17,200,b4bfa548bd514773eeeb7a2f189ff3b9b07cf427bcab41d89d98a2b592ab5ee5,212674,N,static,sitemap|css_selector|regex,0.85,2026-10-06T17:54:00Z,
UPMC Health Plan,,Pennsylvania,Unknown,Personal Representative Designation Form Personal Representative,other,https://upmc.widen.net/view/pdf/avdfminyn1/CM_PRDForm_Web.pdf,https://www.upmchealthplan.com/members/self-service-resources/travel-coverage,https://www.upmchealthplan.com/sitemap2.xml > https://www.upmchealthplan.com/members/self-service-resources/travel-coverage > https://upmc.widen.net/view/pdf/avdfminyn1/CM_PRDForm_Web.pdf,pdf,,,2025-07-10,200,061f8a07c719f79614345a8cc9ceb08b2ca25c6f8006c94a9ce8a3bf9b066c29,534206,N,static,sitemap|css_selector|regex,0.85,2026-10-06T17:54:00Z,
UPMC Health Plan,,Alabama,Unknown,"Translation Services ATTENTION: If you speak a language other than English, free language assistance services are",other,https://embed.widencdn.net/pdf/plus/upmc/1fkzm1rbdw/mc_snp_1557_web.pdf,https://www.upmchealthplan.com/medicare/learn/basics/medicare-prescription-coverage,https://www.upmchealthplan.com/sitemap2.xml > https://www.upmchealthplan.com/medicare/learn/basics/medicare-prescription-coverage > https://embed.widencdn.net/pdf/plus/upmc/1fkzm1rbdw/mc_snp_1557_web.pdf,pdf,,,2025-09-17,200,271ef0ecfaa5e50a57fcb99b81c531292041316e2ccaf926f927b7701dac25d7,240171,N,static,sitemap|css_selector|regex,0.85,2026-10-06T17:54:00Z,
UPMC Health Plan,,Pennsylvania,Medicare,U.S. Steel Tower 600 Grant Street,pa_list,https://upmc.widen.net/view/pdf/dwyhh2nunf/2026-SNP-Formulary.pdf,https://www.upmchealthplan.com/snp/learn/plan-benefits/prescription-drug-coverage,https://www.upmchealthplan.com/sitemap2.xml > https://www.upmchealthplan.com/snp/learn/plan-benefits/prescription-drug-coverage > https://upmc.widen.net/view/pdf/dwyhh2nunf/2026-SNP-Formulary.pdf,pdf,,,2026-09-30,200,1a62315c3dd9a73156d6ca2459a5d3b73a26ef866c9e161f5d876b7775c93c80,1853639,N,static,sitemap|css_selector|regex,0.95,2026-10-06T17:54:01Z,
UPMC Health Plan,,Maryland,Medicaid,UPMC Health Plan POLICY AND PROCEDURE MANUAL,pa_list,https://upmc.widen.net/view/pdf/ihvz7q150p/2026mc-snp-req-part-b-pa-st.pdf,https://www.upmchealthplan.com/medicare/learn/basics/medicare-prescription-coverage,https://www.upmchealthplan.com/sitemap2.xml > https://www.upmchealthplan.com/medicare/learn/basics/medicare-prescription-coverage > https://upmc.widen.net/view/pdf/ihvz7q150p/2026mc-snp-req-part-b-pa-st.pdf,pdf,,,2019-05-24,200,ba2d28010f194cf5b5e0b86e0c2e7cb93ac152d302d23c702a24aa18ca26e819,2531080,N,static,sitemap|css_selector|regex,0.95,2026-10-06T17:54:02Z,
UPMC Health Plan,,Unknown,Unknown,2026 Participant Handbook,pa_list,https://upmc.widen.net/view/pdf/8hlsnetp11/CHC_ParticipantHandbook_WEB.pdf,https://www.upmchealthplan.com/chc/learn/benefits/dental-coverage,https://www.upmchealthplan.com/sitemap2.xml > https://www.upmchealthplan.com/chc/learn/benefits/dental-coverage > https://upmc.widen.net/view/pdf/8hlsnetp11/CHC_ParticipantHandbook_WEB.pdf,pdf,,,2026-02-06,200,075ea9eb5f0cdee0e6d8b9808a473279dc913a70d2b69f1e4fc8151940e2bdb0,3869687,N,static,sitemap|css_selector|regex,0.95,2026-10-06T17:54:02Z,
UPMC Health Plan,,Pennsylvania,Unknown,UPMC Health Plan Dental provider quick reference guide,pa_list,https://upmc.widen.net/view/pdf/fq30am8vwb/21PV1760344---SKYGEN---Quick-Reference-Guide_WEB.pdf,https://www.upmchealthplan.com/providers/medical/announcements-updates/announcements/2022-announcements/03-01-important-update-interqual-connect-prior-authorizations,https://www.upmchealthplan.com/sitemap2.xml > https://www.upmchealthplan.com/providers/medical/announcements-updates/announcements/2022-announcements/03-01-important-update-interqual-connect-prior-authorizations > https://upmc.widen.net/view/pdf/fq30am8vwb/21PV1760344---SKYGEN---Quick-Reference-Guide_WEB.pdf,pdf,,,2026-04-29,200,9fda6717e2532bdeb094d9f7068eacd7bae48bb54e4fa1fa7cdaa06eb2bbc42d,124801,N,static,sitemap|css_selector|regex,0.95,2026-10-06T17:54:02Z,
UPMC Health Plan,,Maryland,Commercial,Extended network coverage UPMC Health Plan provides access to high-quality care for members and their covered,other,https://embed.widencdn.net/pdf/plus/upmc/xqm8yzkbie/2019-extended-network-summary-dependents_web.pdf,https://www.upmchealthplan.com/members/self-service-resources/travel-coverage,https://www.upmchealthplan.com/sitemap2.xml > https://www.upmchealthplan.com/members/self-service-resources/travel-coverage > https://embed.widencdn.net/pdf/plus/upmc/xqm8yzkbie/2019-extended-network-summary-dependents_web.pdf,pdf,,,2026-01-14,200,85f59d194441708c79b5fe505103fdcb253a971f35765cf70c1f7b88c0e8c233,1301921,N,static,sitemap|css_selector|regex,0.85,2026-10-06T17:54:02Z,
UPMC Health Plan,,Unknown,Medicaid,UPMC for Life monthly plan premium for people who get Extra Help from Medicare,other,https://upmc.widen.net/view/pdf/wehr1kztvn/SNP-MC-2026-Low-Income-Subsidy-Premium-Summary-Table.pdf,https://www.upmchealthplan.com/medicare/learn/basics/medicare-prescription-coverage,https://www.upmchealthplan.com/sitemap2.xml > https://www.upmchealthplan.com/medicare/learn/basics/medicare-prescription-coverage > https://upmc.widen.net/view/pdf/wehr1kztvn/SNP-MC-2026-Low-Income-Subsidy-Premium-Summary-Table.pdf,pdf,,,2025-10-07,200,b7af487a7a8746c3689604b19909724ab1a5530ee52bb2a95f210fd044d0bc03,50174,N,static,sitemap|css_selector|regex,0.85,2026-10-06T17:54:02Z,
UPMC Health Plan,,Pennsylvania,Medicare,U.S. Steel Tower 600 Grant Street,pa_list,https://upmc.widen.net/view/pdf/jvkpfoy5kc/2027-SNP-Formulary.pdf,https://www.upmchealthplan.com/snp/learn/plan-benefits/prescription-drug-coverage,https://www.upmchealthplan.com/sitemap2.xml > https://www.upmchealthplan.com/snp/learn/plan-benefits/prescription-drug-coverage > https://upmc.widen.net/view/pdf/jvkpfoy5kc/2027-SNP-Formulary.pdf,pdf,,,2026-09-30,200,cdf99ca7f19f2f7433da433ac621e6c7bfee76b8ca69e41785684c584725e706,1811036,N,static,sitemap|css_selector|regex,0.95,2026-10-06T17:54:02Z,
UPMC Health Plan,,Unknown,Unknown,Page 1 File coming soon,other,https://upmc.widen.net/view/pdf/etr5skr67v/2027-SNP-ST.pdf,https://www.upmchealthplan.com/snp/learn/plan-benefits/prescription-drug-coverage,https://www.upmchealthplan.com/sitemap2.xml > https://www.upmchealthplan.com/snp/learn/plan-benefits/prescription-drug-coverage > https://upmc.widen.net/view/pdf/etr5skr67v/2027-SNP-ST.pdf,pdf,,,2026-09-17,200,b4bfa548bd514773eeeb7a2f189ff3b9b07cf427bcab41d89d98a2b592ab5ee5,212674,N,static,sitemap|css_selector|regex,0.85,2026-10-06T17:54:03Z,
UPMC Health Plan,,Unknown,Unknown,UPMC Health Plan and SKYGEN USA Provider Manual,provider_manual,https://upmc.widen.net/view/pdf/nt2tjisjpj/SKYGEN--UPMCHP-Provider-Manual_WEB.pdf,https://www.upmchealthplan.com/providers/medical/announcements-updates/announcements/2022-announcements/03-01-important-update-interqual-connect-prior-authorizations,https://www.upmchealthplan.com/sitemap2.xml > https://www.upmchealthplan.com/providers/medical/announcements-updates/announcements/2022-announcements/03-01-important-update-interqual-connect-prior-authorizations > https://upmc.widen.net/view/pdf/nt2tjisjpj/SKYGEN--UPMCHP-Provider-Manual_WEB.pdf,pdf,,,2021-03-17,200,313a1af6e6ef2e77a516e038b47aa043e77ca0592900dc929a40560cf48fbba6,4012301,N,static,sitemap|css_selector|regex,0.95,2026-10-06T17:54:03Z,
UPMC Health Plan,,California,Medicare,2026 UPMC for Life Top 200 Drug List This is a list of the most used prescription drugs for our,drug_list,https://upmc.widen.net/view/pdf/166oq5lq0y/2026-snp-200druglist.pdf,https://www.upmchealthplan.com/snp/learn/plan-benefits/prescription-drug-coverage,https://www.upmchealthplan.com/sitemap2.xml > https://www.upmchealthplan.com/snp/learn/plan-benefits/prescription-drug-coverage > https://upmc.widen.net/view/pdf/166oq5lq0y/2026-snp-200druglist.pdf,pdf,,,2026-09-18,200,b67b9dc0c23afcfdea9ba31410243ed450dd4afb057eb04872c4401bbef74c97,202495,N,static,sitemap|css_selector|regex,0.95,2026-10-06T17:54:03Z,
UPMC Health Plan,,California,Medicare,"2027 UPMC for Life Top 200 Drug List This is a list of the most used prescription drugs for our 2027 UPMC for Life HMO, PPO,",drug_list,https://upmc.widen.net/view/pdf/fyj2qc6uc6/2027-snp-200druglist.pdf,https://www.upmchealthplan.com/snp/learn/plan-benefits/prescription-drug-coverage,https://www.upmchealthplan.com/sitemap2.xml > https://www.upmchealthplan.com/snp/learn/plan-benefits/prescription-drug-coverage > https://upmc.widen.net/view/pdf/fyj2qc6uc6/2027-snp-200druglist.pdf,pdf,,,2026-09-24,200,ed6959c8661f9aa3b4fb1898b78f80a83ea9f430f8b18fe5a17d830e13cf8f60,125927,N,static,sitemap|css_selector|regex,0.95,2026-10-06T17:54:03Z,
UPMC Health Plan,,Alabama,Unknown,"Translation Services ATTENTION: If you speak a language other than English, free language assistance services are",other,https://upmc.widen.net/view/pdf/2bubvcp7es/NOA-snp.pdf,https://www.upmchealthplan.com/snp/learn/plan-benefits/prescription-drug-coverage,https://www.upmchealthplan.com/sitemap2.xml > https://www.upmchealthplan.com/snp/learn/plan-benefits/prescription-drug-coverage > https://upmc.widen.net/view/pdf/2bubvcp7es/NOA-snp.pdf,pdf,,,2025-09-17,200,83f5dbff32a59c0a44ac3f164fc3acbcb46a3718d58f399ace81e880bb43cd38,239313,N,static,sitemap|css_selector|regex,0.85,2026-10-06T17:54:03Z,
UPMC Health Plan,,Alabama,Medicaid,Y0069_251219_C Spanish Copyright 2026 UPMC Health Plan Inc. All rights reserved.,other,https://upmc.widen.net/view/pdf/cf9p6d0rxl/2027_LISSUMMARYSP_26MCID1054_WEB.pdf,https://www.upmchealthplan.com/snp/learn/plan-benefits/prescription-drug-coverage,https://www.upmchealthplan.com/sitemap2.xml > https://www.upmchealthplan.com/snp/learn/plan-benefits/prescription-drug-coverage > https://upmc.widen.net/view/pdf/cf9p6d0rxl/2027_LISSUMMARYSP_26MCID1054_WEB.pdf,pdf,,,2026-09-25,200,d61250d39c3f9e30f57ddf6988ba07527b94a8bdd4e6a9b48c418f31e9cb3630,190449,N,static,sitemap|css_selector|regex,0.85,2026-10-06T17:54:03Z,
UPMC Health Plan,,Unknown,Medicaid,UPMC for Life monthly plan premium for people who get Extra Help from Medicare,other,https://upmc.widen.net/view/pdf/wehr1kztvn/SNP-2026-Low-Income-Subsidy-Premium-Summary-Table.pdf,https://www.upmchealthplan.com/snp/learn/plan-benefits/prescription-drug-coverage,https://www.upmchealthplan.com/sitemap2.xml > https://www.upmchealthplan.com/snp/learn/plan-benefits/prescription-drug-coverage > https://upmc.widen.net/view/pdf/wehr1kztvn/SNP-2026-Low-Income-Subsidy-Premium-Summary-Table.pdf,pdf,,,2025-10-07,200,b7af487a7a8746c3689604b19909724ab1a5530ee52bb2a95f210fd044d0bc03,50174,N,static,sitemap|css_selector|regex,0.85,2026-10-06T17:54:03Z,
UPMC Health Plan,,Unknown,Unknown,Step Therapy Criteria 2026 UPMC SNP Premier RX Formulary,formulary,https://upmc.widen.net/view/pdf/671vthoq5o/2026-SNP-ST.pdf,https://www.upmchealthplan.com/snp/learn/plan-benefits/prescription-drug-coverage,https://www.upmchealthplan.com/sitemap2.xml > https://www.upmchealthplan.com/snp/learn/plan-benefits/prescription-drug-coverage > https://upmc.widen.net/view/pdf/671vthoq5o/2026-SNP-ST.pdf,pdf,,,2026-09-30,200,68970f7cac0b9b8a237951f853fff8c9b5f0f874a8dc11ebdc920f6716124aa3,248546,N,static,sitemap|css_selector|regex,0.95,2026-10-06T17:54:04Z,
UPMC Health Plan,,Alabama,Medicaid,Y0069_251219_C Spanish Copyright 2025 UPMC Health Plan Inc. All rights reserved.,other,https://upmc.widen.net/view/pdf/s9cm7yqtqr/2026_LISSUMMARY_25MCID1411_Spanish.pdf,https://www.upmchealthplan.com/snp/learn/plan-benefits/prescription-drug-coverage,https://www.upmchealthplan.com/sitemap2.xml > https://www.upmchealthplan.com/snp/learn/plan-benefits/prescription-drug-coverage > https://upmc.widen.net/view/pdf/s9cm7yqtqr/2026_LISSUMMARY_25MCID1411_Spanish.pdf,pdf,,,2026-01-23,200,4bbf2c38120ac296cc196992f5751091b0119145a87a324ac8d0abfe70c764f6,141517,N,static,sitemap|css_selector|regex,0.85,2026-10-06T17:54:04Z,
UPMC Health Plan,,Maryland,Unknown,Explanation of Benefits Tutorial We’ve changed our Explanation of Benefits (EOB) to make it easier for you to use. Here’s a quick guide to,other,https://embed.widencdn.net/pdf/plus/upmc/mfoexf3dkv/EOB-Tutorial-COM.pdf,https://www.upmchealthplan.com/transparency-in-coverage/medical-2020,https://www.upmchealthplan.com/sitemap2.xml > https://www.upmchealthplan.com/transparency-in-coverage/medical-2020 > https://embed.widencdn.net/pdf/plus/upmc/mfoexf3dkv/EOB-Tutorial-COM.pdf,pdf,,,2022-11-18,200,a9b65b18dadd208da76dd28b6a7193b597e46b6870cc05830c487d5cb20707e1,193832,N,static,sitemap|css_selector|regex,0.85,2026-10-06T17:54:04Z,
UPMC Health Plan,,Unknown,Unknown,Open Choice Preferred Formulary,formulary,https://upmc.widen.net/view/pdf/qrywgfxwon/25TOTCM6332800---Open-Choice-Formulary-Book-2026_WEB.pdf,https://www.upmchealthplan.com/formulary,https://www.upmchealthplan.com/sitemap2.xml > https://www.upmchealthplan.com/formulary > https://upmc.widen.net/view/pdf/qrywgfxwon/25TOTCM6332800---Open-Choice-Formulary-Book-2026_WEB.pdf,pdf,,2026-01-01,2025-11-17,200,a8f70399ba8648a8d504484944a767a56c21dfc9bb33fb9bce27c255f1b9ca83,8125311,N,static,sitemap|css_selector|regex,1.0,2026-10-06T17:54:05Z,
UPMC Health Plan,,Unknown,Unknown,Page 1 File coming soon,other,https://upmc.widen.net/view/pdf/rpkswnlzhr/2027-SNP-PA.pdf,https://www.upmchealthplan.com/snp/learn/plan-benefits/prescription-drug-coverage,https://www.upmchealthplan.com/sitemap2.xml > https://www.upmchealthplan.com/snp/learn/plan-benefits/prescription-drug-coverage > https://upmc.widen.net/view/pdf/rpkswnlzhr/2027-SNP-PA.pdf,pdf,,,2026-09-17,200,b4bfa548bd514773eeeb7a2f189ff3b9b07cf427bcab41d89d98a2b592ab5ee5,212674,N,static,sitemap|css_selector|regex,0.85,2026-10-06T17:54:05Z,
UPMC Health Plan,,Pennsylvania,Unknown,Prior Authorization Criteria 2026 UPMC SNP Premier RX Formulary,formulary,https://upmc.widen.net/view/pdf/7if7v8zmqt/2026-SNP-PA.pdf,https://www.upmchealthplan.com/snp/learn/plan-benefits/prescription-drug-coverage,https://www.upmchealthplan.com/sitemap2.xml > https://www.upmchealthplan.com/snp/learn/plan-benefits/prescription-drug-coverage > https://upmc.widen.net/view/pdf/7if7v8zmqt/2026-SNP-PA.pdf,pdf,,,2026-09-30,200,40abb980b086698f17a856e9063c711933df83e686920a0182911e4848122437,3378850,N,static,sitemap|css_selector|regex,0.95,2026-10-06T17:54:06Z,
UPMC Health Plan,,Pennsylvania,Unknown,Pennsylvania Department of Human Services Statewide Preferred Drug List (PDL)*,drug_list,https://www.papdl.com/content/dam/ffs-medicare/pa/pdl/PennStatewidePDL01.01.20.pdf,https://www.papdl.com/preferred-drug-list.html,https://www.upmchealthplan.com/sitemap2.xml > https://www.upmchealthplan.com/chc/learn/benefits/pharmacy-coverage > https://papdl.com/preferred-drug-list > https://www.papdl.com/content/dam/ffs-medicare/pa/pdl/PennStatewidePDL01.01.20.pdf,pdf,,2020-01-01,2025-05-22,200,ffc23d37166a1570c47a6c0b23fb014a1952ebced2e97320bb82bb5c2f7547c6,474110,N,static,sitemap|css_selector|url_pattern,1.0,2026-10-06T17:54:06Z,
UPMC Health Plan,,Pennsylvania,Unknown,Pennsylvania Department of Human Services Statewide Preferred Drug List (PDL)*,drug_list,https://www.papdl.com/content/dam/ffs-medicare/pa/pdl/penn-statewide-pdl-2024v12.pdf,https://www.papdl.com/preferred-drug-list.html,https://www.upmchealthplan.com/sitemap2.xml > https://www.upmchealthplan.com/chc/learn/benefits/pharmacy-coverage > https://papdl.com/preferred-drug-list > https://www.papdl.com/content/dam/ffs-medicare/pa/pdl/penn-statewide-pdl-2024v12.pdf,pdf,,2024-01-08,2025-05-22,200,8cf5d4952d11c59e13ec63cedb5c995f1b3a51869f4a2a27439b76d851d1a609,580097,N,static,sitemap|css_selector|url_pattern,1.0,2026-10-06T17:54:06Z,
UPMC Health Plan,,Pennsylvania,Unknown,Pennsylvania Department of Human Services Statewide Preferred Drug List (PDL)*,drug_list,https://www.papdl.com/content/dam/ffs-medicare/pa/pdl/PennStatewidePDL2022_0.pdf,https://www.papdl.com/preferred-drug-list.html,https://www.upmchealthplan.com/sitemap2.xml > https://www.upmchealthplan.com/chc/learn/benefits/pharmacy-coverage > https://papdl.com/preferred-drug-list > https://www.papdl.com/content/dam/ffs-medicare/pa/pdl/PennStatewidePDL2022_0.pdf,pdf,,,2025-05-22,200,5255f9fc5c74aabf52bab8d8b7bb78088320c7988340230b721a2b9acd903993,549953,N,static,sitemap|css_selector|url_pattern,0.95,2026-10-06T17:54:06Z,
UPMC Health Plan,,Pennsylvania,Unknown,Pennsylvania Department of Human Services Statewide Preferred Drug List (PDL)*,drug_list,https://www.papdl.com/content/dam/ffs-medicaid/pa/pdl/penn-statewide-pdl-012026-v6.pdf,https://www.papdl.com/preferred-drug-list.html,https://www.upmchealthplan.com/sitemap2.xml > https://www.upmchealthplan.com/chc/learn/benefits/pharmacy-coverage > https://papdl.com/preferred-drug-list > https://www.papdl.com/content/dam/ffs-medicaid/pa/pdl/penn-statewide-pdl-012026-v6.pdf,pdf,,,2026-03-12,200,341c9bfb790a9bcfcd9e5b7f132c50b0b4984580276e2a1c11c4b2437abae2a5,744066,N,static,sitemap|css_selector|url_pattern,0.95,2026-10-06T17:54:06Z,
UPMC Health Plan,,Pennsylvania,Unknown,Pennsylvania Department of Human Services Statewide Preferred Drug List (PDL)*,drug_list,https://www.papdl.com/content/dam/ffs-medicare/pa/pdl/PennStatewidePDL01.05.21.pdf,https://www.papdl.com/preferred-drug-list.html,https://www.upmchealthplan.com/sitemap2.xml > https://www.upmchealthplan.com/chc/learn/benefits/pharmacy-coverage > https://papdl.com/preferred-drug-list > https://www.papdl.com/content/dam/ffs-medicare/pa/pdl/PennStatewidePDL01.05.21.pdf,pdf,,,2025-05-22,200,a407e7e4f52ab84967bde4787ad6ea40a5da02e6eb17d6093b4aa681a670147d,531749,N,static,sitemap|css_selector|url_pattern,0.95,2026-10-06T17:54:06Z,
UPMC Health Plan,,Pennsylvania,Unknown,"AR = Age Restriction, Clinical Prior Authorization Required PA = Clinical Prior Authorization Required",pa_list,https://www.papdl.com/content/dam/ffs-medicare/pa/pdl/PennPDL01282019_v5.pdf,https://www.papdl.com/preferred-drug-list.html,https://www.upmchealthplan.com/sitemap2.xml > https://www.upmchealthplan.com/chc/learn/benefits/pharmacy-coverage > https://papdl.com/preferred-drug-list > https://www.papdl.com/content/dam/ffs-medicare/pa/pdl/PennPDL01282019_v5.pdf,pdf,,2019-01-28,2025-05-22,200,1144b311b7ea72800368b1133c6a719016c336f837a8d6765a6c3ea4ff8de338,1003197,N,static,sitemap|css_selector|url_pattern,1.0,2026-10-06T17:54:07Z,
UPMC Health Plan,,Pennsylvania,Unknown,Pennsylvania Department of Human Services Statewide Preferred Drug List (PDL)*,drug_list,https://www.papdl.com/content/dam/ffs-medicaid/pa/pdl/penn-statewide-pdl-20250707-v7.pdf,https://www.papdl.com/preferred-drug-list.html,https://www.upmchealthplan.com/sitemap2.xml > https://www.upmchealthplan.com/chc/learn/benefits/pharmacy-coverage > https://papdl.com/preferred-drug-list > https://www.papdl.com/content/dam/ffs-medicaid/pa/pdl/penn-statewide-pdl-20250707-v7.pdf,pdf,,2025-07-07,2025-12-03,200,39269019fc0eee0b0dc15476a54b48fccd2328462baed2fd75d0c99433083f34,830639,N,static,sitemap|css_selector|url_pattern,1.0,2026-10-06T17:54:07Z,
UPMC Health Plan,,Pennsylvania,Unknown,Pennsylvania Department of Human Services Statewide Preferred Drug List (PDL)*,drug_list,https://www.papdl.com/content/dam/ffs-medicare/pa/pdl/PennStatewidePDL2023_0.pdf,https://www.papdl.com/preferred-drug-list.html,https://www.upmchealthplan.com/sitemap2.xml > https://www.upmchealthplan.com/chc/learn/benefits/pharmacy-coverage > https://papdl.com/preferred-drug-list > https://www.papdl.com/content/dam/ffs-medicare/pa/pdl/PennStatewidePDL2023_0.pdf,pdf,,,2025-05-22,200,fc73517f266fd70df8433cd076c74766af8362cc5c5aafad7a00757159238b52,579983,N,static,sitemap|css_selector|url_pattern,0.95,2026-10-06T17:54:07Z,
UPMC Health Plan,,Pennsylvania,Unknown,Pennsylvania Department of Human Services Statewide Preferred Drug List (PDL)*,drug_list,https://www.papdl.com/content/dam/ffs-medicaid/pa/pdl/penn-statewide-pdl-012026-pdl-v15.pdf,https://www.papdl.com/preferred-drug-list.html,https://www.upmchealthplan.com/sitemap2.xml > https://www.upmchealthplan.com/chc/learn/benefits/pharmacy-coverage > https://papdl.com/preferred-drug-list > https://www.papdl.com/content/dam/ffs-medicaid/pa/pdl/penn-statewide-pdl-012026-pdl-v15.pdf,pdf,,,2026-10-01,200,cdd9d796e5811e68c71ed07b4e58dec2e826d4c184d9265b5c4189b4fc888067,685947,N,static,sitemap|css_selector|url_pattern,0.95,2026-10-06T17:54:07Z,
UPMC Health Plan,,Unknown,Unknown,January 2026 Your Choice Formulary Changes,formulary,https://cf-store.widencdn.net/upmc/5/4/b/54bfde3e-0260-4ee1-b795-8464ec3e96bc.pdf?response-content-disposition=inline%3B+filename%3D%2225PV6192052+-+Your+Choice+-+2026+Formulary+Grid_FINAL.pdf%22&response-content-type=application%2Fpdf&Expires=1791314684&Signature=mUaTpjNLVLvnAyWrtSoSmliBDlZfcKt-eDZYvmcyOUg7KDgif1kEaGsu3Ux0VUfK4hufSWXOpr9uRWmJdlqPYSEDJIhyvzgEUXdB3VVS71eCJnxlvFMz8~XOqje9RrZ8069lA2IKRtvWftFGQeHCmjvGDgAqCOn3wPWbem3leRqFEAa7GOl9jDqNScSr1oInidzoqhFhAt9TX2C7WRY8Y5UxvXQr1Qc8k~saDRFKw35WwwQHc4b7nOG8kqYsUZCNARCso7Dy6~yhdgXuutf8wnBILaFY-IjASib60WStaVSgQjd~CEtvneO8zvwV7lAPkXTHBfYUHe2v1GoYkNWcGA__&Key-Pair-Id=APKAJD5XONOBVWWOA65A,https://upmc.widen.net/s/2vtfdc8fzh/25pv6192052---your-choice---2026-formulary-grid_final,https://www.upmchealthplan.com/sitemap2.xml > https://www.upmchealthplan.com/providers/medical/announcements-updates/announcements/2025-announcements/2025-01-coming-soon-formulary-updates-effective-jan-1-2025 > https://upmchp.us/ycformularychanges > https://upmc.widen.net/content/uie0wbfvvf/original/25PV6192052---Your-Choice---2026-Formulary-Grid_FINAL.pdf > https://cf-store.widencdn.net/upmc/5/4/b/54bfde3e-0260-4ee1-b795-8464ec3e96bc.pdf?response-content-disposition=inline%3B%20filename%3D%2225PV6192052%20-%20Your%20Choice%20-%202026%20Formulary%20Grid_FINAL.pdf%22&response-content-type=application%2Fpdf&Expires=1791314684&Signature=mUaTpjNLVLvnAyWrtSoSmliBDlZfcKt-eDZYvmcyOUg7KDgif1kEaGsu3Ux0VUfK4hufSWXOpr9uRWmJdlqPYSEDJIhyvzgEUXdB3VVS71eCJnxlvFMz8~XOqje9RrZ8069lA2IKRtvWftFGQeHCmjvGDgAqCOn3wPWbem3leRqFEAa7GOl9jDqNScSr1oInidzoqhFhAt9TX2C7WRY8Y5UxvXQr1Qc8k~saDRFKw35WwwQHc4b7nOG8kqYsUZCNARCso7Dy6~yhdgXuutf8wnBILaFY-IjASib60WStaVSgQjd~CEtvneO8zvwV7lAPkXTHBfYUHe2v1GoYkNWcGA__&Key-Pair-Id=APKAJD5XONOBVWWOA65A,pdf,,,2025-11-20,200,2174eb6d59d8224e54e3057b17f739f8b0b5a2b252402eec958e94688a1cfff2,366208,N,static,sitemap|css_selector|url_pattern,0.95,2026-10-06T17:54:07Z,
UPMC Health Plan,,Unknown,Unknown,Advantage Choice 2026 Formulary Changes,formulary,https://cf-store.widencdn.net/upmc/1/7/8/178fa3d0-58d3-4fba-a96c-56406e805fac.pdf?response-content-disposition=inline%3B+filename%3D%2225PV6191301+-+Advantage+Choice+-+2026+Formulary+Grid_FINAL.pdf%22&response-content-type=application%2Fpdf&Expires=1791314684&Signature=dLxShI~SAYV77wk62ASNcQKjJmfqVDXSbttpRHq7ffcf5FLRJ9yOORDql~TW7cNb9Q6L0Eyki5W6QBFNFvkUUBthvaVocJqJFDQzbf3iVEmhTawIwpMi1IZ0wFRwYambfDDCjDHPKm0GHjiOm4aiv5c6ZM7qTp~BDbmq~25VRZXY8fYEr058NUIB~Z65y8~-wpeano12z1omPesRdSVMTuGswVjrOMQZPhlMAJoIpcF6ytWcUFlo9CuBl5Rc2vR-vpS1MLRHAa34pHd11bZapFMswcdF6nrfH-VP-~sE5ha9iHuzw3LSsU3bykTJN4V2X02wwEcrisMlTYi85gwFOw__&Key-Pair-Id=APKAJD5XONOBVWWOA65A,https://upmc.widen.net/s/5lkm78nhqw/25pv6191301---advantage-choice---2026-formulary-grid_final,https://www.upmchealthplan.com/sitemap2.xml > https://www.upmchealthplan.com/providers/medical/announcements-updates/announcements/2025-announcements/2025-01-coming-soon-formulary-updates-effective-jan-1-2025 > https://upmchp.us/acformularychanges > https://upmc.widen.net/content/830yux2svy/original/25PV6191301---Advantage-Choice---2026-Formulary-Grid_FINAL.pdf > https://cf-store.widencdn.net/upmc/1/7/8/178fa3d0-58d3-4fba-a96c-56406e805fac.pdf?response-content-disposition=inline%3B%20filename%3D%2225PV6191301%20-%20Advantage%20Choice%20-%202026%20Formulary%20Grid_FINAL.pdf%22&response-content-type=application%2Fpdf&Expires=1791314684&Signature=dLxShI~SAYV77wk62ASNcQKjJmfqVDXSbttpRHq7ffcf5FLRJ9yOORDql~TW7cNb9Q6L0Eyki5W6QBFNFvkUUBthvaVocJqJFDQzbf3iVEmhTawIwpMi1IZ0wFRwYambfDDCjDHPKm0GHjiOm4aiv5c6ZM7qTp~BDbmq~25VRZXY8fYEr058NUIB~Z65y8~-wpeano12z1omPesRdSVMTuGswVjrOMQZPhlMAJoIpcF6ytWcUFlo9CuBl5Rc2vR-vpS1MLRHAa34pHd11bZapFMswcdF6nrfH-VP-~sE5ha9iHuzw3LSsU3bykTJN4V2X02wwEcrisMlTYi85gwFOw__&Key-Pair-Id=APKAJD5XONOBVWWOA65A,pdf,,,2025-11-20,200,0a9e2b65364044ddc872b053a8603803a486783425bb0e503f10b882d58d6417,389298,N,static,sitemap|css_selector|url_pattern,0.95,2026-10-06T17:54:07Z,
UPMC Health Plan,,Pennsylvania,Unknown,UPMC for Life Complete Care (SNP) 2026 Negative Formulary Changes,formulary,https://cf-store.widencdn.net/upmc/2/6/d/26d18df8-7d1f-49d8-b7c1-8635bda4b4fb.pdf?response-content-disposition=inline%3B+filename%3D%2225PV6291700+-+UPMC+for+Life+Complete+Care+-+2026+Formulary+Grid_FINAL.pdf%22&response-content-type=application%2Fpdf&Expires=1791314684&Signature=cm0sZ6fCztMJlvIvcsa49WLe8pR3BvP3LN9ea0RxWkXWVPBvKkRYCS0toh2dgUQACHzK-AfRyvj-fXBhB0Kl0UuR2DhLeMDdRiAoL84mu7jDw5UybVLuQW2WiefLOexGAV01~06Ll3LZKfjRFPD13DqpFc6xpPrP-icv7xeIql6~U04qmzdRSMWT-47ZDDr6ioVgezfPoZztogaJGbm6j28A-ChuIbRZUCRqzP22fMaZHO79vkaruwCrHRAkXfHsL-bcfafIaIaetXi4bCK2pEyrQUmkr4CavHG14Qnm22-ec5x-KYECzqIVY7UJ8l3o5qdjhT~56tdyVH1n9~DMpA__&Key-Pair-Id=APKAJD5XONOBVWWOA65A,https://upmc.widen.net/s/bqnqjgvhkf/25pv6291700---upmc-for-life-complete-care---2026-formulary-grid_final,https://www.upmchealthplan.com/sitemap2.xml > https://www.upmchealthplan.com/providers/medical/announcements-updates/announcements/2025-announcements/2025-01-coming-soon-formulary-updates-effective-jan-1-2025 > https://upmchp.us/MCcompletecareRxformulary > https://upmc.widen.net/content/mgizkzydcs/original/25PV6291700---UPMC-for-Life-Complete-Care---2026-Formulary-Grid_FINAL.pdf > https://cf-store.widencdn.net/upmc/2/6/d/26d18df8-7d1f-49d8-b7c1-8635bda4b4fb.pdf?response-content-disposition=inline%3B%20filename%3D%2225PV6291700%20-%20UPMC%20for%20Life%20Complete%20Care%20-%202026%20Formulary%20Grid_FINAL.pdf%22&response-content-type=application%2Fpdf&Expires=1791314684&Signature=cm0sZ6fCztMJlvIvcsa49WLe8pR3BvP3LN9ea0RxWkXWVPBvKkRYCS0toh2dgUQACHzK-AfRyvj-fXBhB0Kl0UuR2DhLeMDdRiAoL84mu7jDw5UybVLuQW2WiefLOexGAV01~06Ll3LZKfjRFPD13DqpFc6xpPrP-icv7xeIql6~U04qmzdRSMWT-47ZDDr6ioVgezfPoZztogaJGbm6j28A-ChuIbRZUCRqzP22fMaZHO79vkaruwCrHRAkXfHsL-bcfafIaIaetXi4bCK2pEyrQUmkr4CavHG14Qnm22-ec5x-KYECzqIVY7UJ8l3o5qdjhT~56tdyVH1n9~DMpA__&Key-Pair-Id=APKAJD5XONOBVWWOA65A,pdf,,,2025-11-25,200,387516f112ad48f1477ef4eeac7d9b4bb8b9a3f364bcbf5a5656698840b7040e,222362,N,static,sitemap|css_selector|url_pattern,0.95,2026-10-06T17:54:08Z,
UPMC Health Plan,,Pennsylvania,Unknown,"The suggested preferred medications provided may not be appropriate for all members, depending on their health needs. Members are encouraged to discuss all treatment options with their provider(s).",formulary,https://cf-store.widencdn.net/upmc/c/1/7/c171d62d-47f9-43e7-a035-4b2d44d85594.pdf?response-content-disposition=inline%3B+filename%3D%2225PV6292300+-+UPMC+for+Life+Premier+Rx+-+2026+Formulary+Grid_FINAL.pdf%22&response-content-type=application%2Fpdf&Expires=1791314684&Signature=Jz6THXsXuTJsmgJYTCYWzhZ8bv6bVlHy5s1shY0JlrxHhDt-5zljdNnKc77z4r2X1u~dpYr3Atam9eyyj10i-R5voK7IgkrSfBz1JDFz06ENEPf4JgP0mM-AougbVSlkg71Kc6lZj7KBtL44j1k7rU1FjtIuTa8SsotE3JSD-wp4KS0uUSrkRq-klzHxHRSB8abGaXr2IOqyP3fa5oKRYGF~Fu2NKQluFr27OXn85UysCpNpnGimLWoBxsyyin7maMwsD1Q09EfYgEBIr7vXT76o2jnKGfUKCU7toSRqmCIAwMJ9s6YWPfsTPfLDcXhkZcpEUBpx8DvZiMri38G7IA__&Key-Pair-Id=APKAJD5XONOBVWWOA65A,https://upmc.widen.net/s/hsvqzf5zhx/25pv6292300---upmc-for-life-premier-rx---2026-formulary-grid_final,https://www.upmchealthplan.com/sitemap2.xml > https://www.upmchealthplan.com/providers/medical/announcements-updates/announcements/2025-announcements/2025-01-coming-soon-formulary-updates-effective-jan-1-2025 > https://upmchp.us/MCpremierRxformulary > https://upmc.widen.net/content/hv94tgoznn/original/25PV6292300---UPMC-for-Life-Premier-Rx---2026-Formulary-Grid_FINAL.pdf > https://cf-store.widencdn.net/upmc/c/1/7/c171d62d-47f9-43e7-a035-4b2d44d85594.pdf?response-content-disposition=inline%3B%20filename%3D%2225PV6292300%20-%20UPMC%20for%20Life%20Premier%20Rx%20-%202026%20Formulary%20Grid_FINAL.pdf%22&response-content-type=application%2Fpdf&Expires=1791314684&Signature=Jz6THXsXuTJsmgJYTCYWzhZ8bv6bVlHy5s1shY0JlrxHhDt-5zljdNnKc77z4r2X1u~dpYr3Atam9eyyj10i-R5voK7IgkrSfBz1JDFz06ENEPf4JgP0mM-AougbVSlkg71Kc6lZj7KBtL44j1k7rU1FjtIuTa8SsotE3JSD-wp4KS0uUSrkRq-klzHxHRSB8abGaXr2IOqyP3fa5oKRYGF~Fu2NKQluFr27OXn85UysCpNpnGimLWoBxsyyin7maMwsD1Q09EfYgEBIr7vXT76o2jnKGfUKCU7toSRqmCIAwMJ9s6YWPfsTPfLDcXhkZcpEUBpx8DvZiMri38G7IA__&Key-Pair-Id=APKAJD5XONOBVWWOA65A,pdf,,,2025-12-01,200,3d70234f584c5ef9c2f2be7f7222cbc1c55db91f0cb672f21ce7566a0fdf552f,541336,N,static,sitemap|css_selector|url_pattern,0.95,2026-10-06T17:54:08Z,
UPMC Health Plan,,Pennsylvania,Unknown,Pennsylvania Department of Human Services Statewide Preferred Drug List (PDL)*,drug_list,https://www.papdl.com/content/dam/ffs-medicare/pa/pdl/penn-statewide-pdl-2025-v7.pdf,https://www.papdl.com/preferred-drug-list.html,https://www.upmchealthplan.com/sitemap2.xml > https://www.upmchealthplan.com/chc/learn/benefits/pharmacy-coverage > https://papdl.com/preferred-drug-list > https://www.papdl.com/content/dam/ffs-medicare/pa/pdl/penn-statewide-pdl-2025-v7.pdf,pdf,,2025-01-06,2025-06-27,200,f530938a172ee026983842664f32415bfd55cf358637598943f6e6fbe36aaf8d,745323,N,static,sitemap|css_selector|url_pattern,1.0,2026-10-06T17:54:08Z,
UPMC Health Plan,,Pennsylvania,Unknown,"AR = Age Restriction, Clinical Prior Authorization Required PA = Clinical Prior Authorization Required",pa_list,https://www.papdl.com/content/dam/ffs-medicare/pa/pdl/PennPDL07182016-v2016_9_0.pdf,https://www.papdl.com/preferred-drug-list.html,https://www.upmchealthplan.com/sitemap2.xml > https://www.upmchealthplan.com/chc/learn/benefits/pharmacy-coverage > https://papdl.com/preferred-drug-list > https://www.papdl.com/content/dam/ffs-medicare/pa/pdl/PennPDL07182016-v2016_9_0.pdf,pdf,,2016-07-18,2025-05-22,200,fbd305486e5c3a56f29d942f2dfdfac47e71a552a7ce7ce34d613ac6bacba0c6,958890,N,static,sitemap|css_selector|url_pattern,1.0,2026-10-06T17:54:08Z,
UPMC Health Plan,,Pennsylvania,Unknown,"AR = Age Restriction, Clinical Prior Authorization Required PA = Clinical Prior Authorization Required",pa_list,https://www.papdl.com/content/dam/ffs-medicare/pa/pdl/PennPDL01082018%20v12_0.pdf,https://www.papdl.com/preferred-drug-list.html,https://www.upmchealthplan.com/sitemap2.xml > https://www.upmchealthplan.com/chc/learn/benefits/pharmacy-coverage > https://papdl.com/preferred-drug-list > https://www.papdl.com/content/dam/ffs-medicare/pa/pdl/PennPDL01082018%20v12_0.pdf,pdf,,2018-01-08,2025-05-22,200,1328652922a47b918dd33b5a46fae3334d5b9698c08ccd49767d6b94479f5080,984039,N,static,sitemap|css_selector|url_pattern,1.0,2026-10-06T17:54:08Z,
UPMC Health Plan,,Pennsylvania,Unknown,"AR = Age Restriction, Clinical Prior Authorization Required PA = Clinical Prior Authorization Required",pa_list,https://www.papdl.com/content/dam/ffs-medicare/pa/pdl/PennPDL07252017-v2017_1g_0.pdf,https://www.papdl.com/preferred-drug-list.html,https://www.upmchealthplan.com/sitemap2.xml > https://www.upmchealthplan.com/chc/learn/benefits/pharmacy-coverage > https://papdl.com/preferred-drug-list > https://www.papdl.com/content/dam/ffs-medicare/pa/pdl/PennPDL07252017-v2017_1g_0.pdf,pdf,,2017-07-25,2025-05-22,200,9b0920c6a229c6dcbf311aafd53f6c64a737ee216973ab2c8341196d9f72d374,970349,N,static,sitemap|css_selector|url_pattern,1.0,2026-10-06T17:54:08Z,
UPMC Health Plan,,Unknown,Unknown,Pharmacy Benefits,pa_list,https://embed.widencdn.net/pdf/plus/upmc/ryxjiznqe2/chip_pharmacy-benefit-guide_web.pdf,https://www.upmchealthplan.com/formulary,https://www.upmchealthplan.com/sitemap2.xml > https://www.upmchealthplan.com/formulary > https://embed.widencdn.net/pdf/plus/upmc/ryxjiznqe2/chip_pharmacy-benefit-guide_web.pdf,pdf,,,2025-08-14,200,2267f7be65bdec8793af334b4044dd3bccc63a04fd4c7f97718f42f72e87a663,15497900,N,static,sitemap|css_selector|regex,0.95,2026-10-06T17:54:09Z,
